# Blender 5.1.0
# www.blender.org
mtllib flat_vase.mtl
o ceramic_vase_01_Cylinder.009
v -0.012938 0.002382 0.052491
v 0.000000 0.400053 0.054443
v -0.025124 0.002382 0.047869
v 0.011865 0.400050 0.052136
v -0.035849 0.002382 0.040466
v 0.023048 0.399538 0.046200
v -0.044492 0.002382 0.030711
v 0.033191 0.397911 0.038622
v -0.050548 0.002382 0.019171
v 0.042348 0.394606 0.030118
v -0.053667 0.002382 0.006517
v 0.048742 0.391333 0.019909
v -0.053667 0.002382 -0.006516
v 0.052149 0.389633 0.006687
v -0.050548 0.002382 -0.019170
v 0.052278 0.389497 -0.005579
v -0.044492 0.002382 -0.030710
v 0.048172 0.391369 -0.017016
v -0.035849 0.002382 -0.040465
v 0.038018 0.396331 -0.028397
v -0.025124 0.002382 -0.047869
v 0.025659 0.399800 -0.041466
v -0.012938 0.002382 -0.052490
v 0.016853 0.398319 -0.052825
v 0.000000 0.002382 -0.054061
v 0.009610 0.393713 -0.061041
v 0.012938 0.002382 -0.052490
v 0.000000 0.391072 -0.063774
v 0.025124 0.002382 -0.047869
v -0.009610 0.393713 -0.061041
v 0.035849 0.002382 -0.040465
v -0.016853 0.398320 -0.052825
v 0.044492 0.002382 -0.030710
v -0.025659 0.399800 -0.041466
v 0.050548 0.002382 -0.019170
v -0.038018 0.396331 -0.028397
v 0.053667 0.002382 -0.006516
v -0.048172 0.391369 -0.017016
v 0.053667 0.002382 0.006517
v -0.052278 0.389497 -0.005579
v 0.050548 0.002382 0.019171
v -0.052149 0.389633 0.006687
v 0.044492 0.002382 0.030711
v -0.048742 0.391333 0.019909
v 0.035849 0.002382 0.040466
v -0.042348 0.394606 0.030118
v 0.025124 0.002382 0.047869
v -0.033191 0.397911 0.038622
v 0.000000 0.002382 0.054062
v -0.023048 0.399538 0.046200
v 0.012938 0.002382 0.052491
v -0.011865 0.400050 0.052136
v 0.000000 0.279778 0.026754
v 0.006403 0.279778 0.025976
v 0.012433 0.279778 0.023689
v 0.017741 0.279778 0.020026
v 0.022018 0.279778 0.015198
v 0.025015 0.279778 0.009487
v 0.026558 0.279778 0.003225
v 0.026558 0.279778 -0.003224
v 0.025015 0.279778 -0.009487
v 0.022018 0.279778 -0.015197
v 0.017741 0.279778 -0.020025
v 0.012433 0.279778 -0.023689
v 0.006403 0.279778 -0.025976
v 0.000000 0.279778 -0.026753
v -0.006403 0.279778 -0.025976
v -0.012433 0.279778 -0.023689
v -0.017741 0.279778 -0.020025
v -0.022018 0.279778 -0.015197
v -0.025015 0.279778 -0.009487
v -0.026558 0.279778 -0.003224
v -0.026558 0.279778 0.003225
v -0.025015 0.279778 0.009487
v -0.022018 0.279778 0.015198
v -0.017741 0.279778 0.020026
v -0.012433 0.279778 0.023689
v -0.006403 0.279778 0.025976
v 0.000000 0.356990 0.030820
v 0.007441 0.356969 0.029783
v 0.014186 0.356851 0.026881
v 0.020061 0.356630 0.022440
v 0.024795 0.356364 0.016856
v 0.028113 0.356100 0.010471
v 0.029821 0.355911 0.003538
v 0.029821 0.355908 -0.003600
v 0.028113 0.356092 -0.010531
v 0.024795 0.356431 -0.016912
v 0.020061 0.356801 -0.022543
v 0.014187 0.356715 -0.026937
v 0.007444 0.356374 -0.029851
v 0.000000 0.356200 -0.030877
v -0.007444 0.356374 -0.029851
v -0.014187 0.356715 -0.026937
v -0.020061 0.356801 -0.022543
v -0.024795 0.356431 -0.016912
v -0.028113 0.356092 -0.010531
v -0.029821 0.355908 -0.003600
v -0.029821 0.355911 0.003538
v -0.028113 0.356100 0.010471
v -0.024795 0.356364 0.016856
v -0.020061 0.356630 0.022440
v -0.014186 0.356851 0.026881
v -0.007441 0.356969 0.029783
v -0.013503 0.199885 0.056969
v -0.026621 0.199885 0.051953
v -0.038262 0.199885 0.043918
v -0.047641 0.199885 0.033331
v -0.054215 0.199885 0.020806
v -0.057600 0.199885 0.007073
v -0.057600 0.199885 -0.007072
v -0.054215 0.199885 -0.020806
v -0.047641 0.199885 -0.033330
v -0.038262 0.199885 -0.043917
v -0.026621 0.199885 -0.051953
v -0.013503 0.199885 -0.056968
v 0.000000 0.199885 -0.058673
v 0.013503 0.199885 -0.056968
v 0.026621 0.199885 -0.051953
v 0.038262 0.199885 -0.043917
v 0.047641 0.199885 -0.033330
v 0.054215 0.199885 -0.020806
v 0.057600 0.199885 -0.007072
v 0.057600 0.199885 0.007073
v 0.054215 0.199885 0.020806
v 0.047641 0.199885 0.033331
v 0.038262 0.199885 0.043918
v 0.026621 0.199885 0.051953
v 0.013503 0.199885 0.056969
v 0.000000 0.199885 0.058674
v 0.000000 0.142043 0.095010
v 0.000000 0.069793 0.099992
v 0.000000 0.324857 0.026342
v 0.023930 0.069793 0.097086
v 0.022737 0.142043 0.092249
v -0.006264 0.324851 0.025562
v 0.046468 0.069793 0.088538
v 0.044153 0.142043 0.084127
v -0.012165 0.324838 0.023275
v 0.066307 0.069793 0.074845
v 0.063003 0.142043 0.071116
v -0.017358 0.324827 0.019636
v 0.082292 0.069793 0.056802
v 0.078192 0.142043 0.053972
v -0.021542 0.324823 0.014878
v 0.093494 0.069793 0.035458
v 0.088836 0.142043 0.033691
v -0.024475 0.324823 0.009283
v 0.099263 0.069793 0.012053
v 0.094317 0.142043 0.011452
v -0.025985 0.324823 0.003155
v 0.099263 0.069793 -0.012052
v 0.094317 0.142043 -0.011452
v -0.025985 0.324823 -0.003155
v 0.093494 0.069793 -0.035457
v 0.088836 0.142043 -0.033691
v -0.024475 0.324823 -0.009282
v 0.082292 0.069793 -0.056801
v 0.078192 0.142043 -0.053971
v -0.021542 0.324823 -0.014869
v 0.066307 0.069793 -0.074845
v 0.063003 0.142043 -0.071116
v -0.017358 0.324823 -0.019593
v 0.046468 0.069793 -0.088538
v 0.044153 0.142043 -0.084127
v -0.012165 0.324823 -0.023177
v 0.023930 0.069793 -0.097086
v 0.022737 0.142043 -0.092249
v -0.006264 0.324823 -0.025415
v 0.000000 0.069793 -0.099991
v 0.000000 0.142043 -0.095010
v 0.000000 0.324823 -0.026176
v -0.023930 0.069793 -0.097086
v -0.022737 0.142043 -0.092249
v 0.006264 0.324823 -0.025415
v -0.046468 0.069793 -0.088538
v -0.044153 0.142043 -0.084127
v 0.012165 0.324823 -0.023177
v -0.066307 0.069793 -0.074845
v -0.063003 0.142043 -0.071116
v 0.017358 0.324823 -0.019593
v -0.082292 0.069793 -0.056801
v -0.078192 0.142043 -0.053971
v 0.021542 0.324823 -0.014869
v -0.093494 0.069793 -0.035457
v -0.088836 0.142043 -0.033691
v 0.024475 0.324823 -0.009282
v -0.099263 0.069793 -0.012052
v -0.094317 0.142043 -0.011452
v 0.025985 0.324823 -0.003155
v -0.099263 0.069793 0.012053
v -0.094317 0.142043 0.011452
v 0.025985 0.324823 0.003155
v -0.093494 0.069793 0.035458
v -0.088836 0.142043 0.033691
v 0.024475 0.324823 0.009283
v -0.082292 0.069793 0.056802
v -0.078192 0.142043 0.053972
v 0.021542 0.324823 0.014878
v -0.066307 0.069793 0.074845
v -0.063003 0.142043 0.071116
v 0.017358 0.324827 0.019636
v -0.046468 0.069793 0.088538
v -0.044153 0.142043 0.084127
v 0.012165 0.324838 0.023275
v -0.023930 0.069793 0.097086
v -0.022737 0.142043 0.092249
v 0.006264 0.324851 0.025562
v 0.016460 0.184145 0.069318
v 0.019943 0.165653 0.081444
v 0.032427 0.184145 0.063215
v 0.038825 0.165653 0.074273
v 0.046591 0.184145 0.053438
v 0.055467 0.165653 0.062786
v 0.058004 0.184145 0.040555
v 0.068876 0.165653 0.047650
v 0.066002 0.184145 0.025316
v 0.078273 0.165653 0.029745
v 0.070121 0.184145 0.008606
v 0.083113 0.165653 0.010111
v 0.070121 0.184145 -0.008605
v 0.083113 0.165653 -0.010110
v 0.066002 0.184145 -0.025316
v 0.078273 0.165653 -0.029744
v 0.058004 0.184145 -0.040555
v 0.068876 0.165653 -0.047650
v 0.046591 0.184145 -0.053437
v 0.055467 0.165653 -0.062786
v 0.032427 0.184145 -0.063214
v 0.038825 0.165653 -0.074273
v 0.016460 0.184145 -0.069317
v 0.019943 0.165653 -0.081444
v 0.000000 0.184145 -0.071392
v 0.000000 0.165653 -0.083881
v -0.016460 0.184145 -0.069317
v -0.019943 0.165653 -0.081444
v -0.032427 0.184145 -0.063214
v -0.038825 0.165653 -0.074273
v -0.046591 0.184145 -0.053437
v -0.055467 0.165653 -0.062786
v -0.058004 0.184145 -0.040555
v -0.068876 0.165653 -0.047650
v -0.066002 0.184145 -0.025316
v -0.078273 0.165653 -0.029744
v -0.070121 0.184145 -0.008605
v -0.083113 0.165653 -0.010110
v -0.070121 0.184145 0.008606
v -0.083113 0.165653 0.010111
v -0.066002 0.184145 0.025316
v -0.078273 0.165653 0.029745
v -0.058004 0.184145 0.040555
v -0.068876 0.165653 0.047650
v -0.046591 0.184145 0.053438
v -0.055467 0.165653 0.062786
v -0.032427 0.184145 0.063215
v -0.038825 0.165653 0.074273
v -0.016460 0.184145 0.069318
v -0.019943 0.165653 0.081444
v 0.000000 0.184145 0.071392
v 0.000000 0.165653 0.083882
v 0.000000 0.217289 0.046458
v 0.000000 0.255503 0.030193
v 0.000000 0.237225 0.036342
v -0.007226 0.255503 0.029316
v -0.011016 0.217289 0.045108
v -0.008697 0.237225 0.035286
v -0.024848 0.255503 0.017152
v -0.038112 0.217289 0.026392
v -0.029908 0.237225 0.020645
v -0.029973 0.255503 -0.003639
v -0.045997 0.217289 -0.005600
v -0.036076 0.237225 -0.004380
v -0.020022 0.255503 -0.022599
v -0.030685 0.217289 -0.034774
v -0.024099 0.237225 -0.027202
v 0.000000 0.255503 -0.030193
v 0.000000 0.217289 -0.046458
v 0.000000 0.237225 -0.036341
v 0.020022 0.255503 -0.022599
v 0.030685 0.217289 -0.034774
v 0.024099 0.237225 -0.027202
v 0.029973 0.255503 -0.003639
v 0.045997 0.217289 -0.005600
v 0.036076 0.237225 -0.004380
v 0.024848 0.255503 0.017152
v 0.038112 0.217289 0.026392
v 0.029908 0.237225 0.020645
v 0.007226 0.255503 0.029316
v 0.011016 0.217289 0.045108
v 0.008697 0.237225 0.035286
v -0.014031 0.255503 0.026735
v -0.021468 0.217289 0.041137
v -0.016889 0.237225 0.032179
v -0.028231 0.255503 0.010707
v -0.043317 0.217289 0.016475
v -0.033980 0.237225 0.012887
v -0.028231 0.255503 -0.010706
v -0.043317 0.217289 -0.016474
v -0.033980 0.237225 -0.012887
v -0.014031 0.255503 -0.026734
v -0.021468 0.217289 -0.041136
v -0.016889 0.237225 -0.032178
v 0.007226 0.255503 -0.029315
v 0.011016 0.217289 -0.045108
v 0.008697 0.237225 -0.035285
v 0.024848 0.255503 -0.017151
v 0.038112 0.217289 -0.026391
v 0.029908 0.237225 -0.020644
v 0.029973 0.255503 0.003640
v 0.045997 0.217289 0.005600
v 0.036076 0.237225 0.004381
v 0.020022 0.255503 0.022600
v 0.030685 0.217289 0.034775
v 0.024099 0.237225 0.027202
v 0.014031 0.255503 0.026735
v 0.021468 0.217289 0.041137
v 0.016889 0.237225 0.032179
v 0.028231 0.255503 0.010707
v 0.043317 0.217289 0.016475
v 0.033980 0.237225 0.012887
v 0.028231 0.255503 -0.010706
v 0.043317 0.217289 -0.016474
v 0.033980 0.237225 -0.012887
v 0.014031 0.255503 -0.026734
v 0.021468 0.217289 -0.041136
v 0.016889 0.237225 -0.032178
v -0.007226 0.255503 -0.029315
v -0.011016 0.217289 -0.045108
v -0.008697 0.237225 -0.035285
v -0.024848 0.255503 -0.017151
v -0.038112 0.217289 -0.026391
v -0.029908 0.237225 -0.020644
v -0.029973 0.255503 0.003640
v -0.045997 0.217289 0.005600
v -0.036076 0.237225 0.004381
v -0.020022 0.255503 0.022600
v -0.030685 0.217289 0.034775
v -0.024099 0.237225 0.027202
v 0.018743 0.013408 0.076044
v 0.022719 0.046152 0.092173
v 0.020912 0.027707 0.084845
v 0.036397 0.013408 0.069349
v 0.044117 0.046152 0.084058
v 0.040609 0.027707 0.077375
v 0.051936 0.013408 0.058623
v 0.062951 0.046152 0.071057
v 0.057946 0.027707 0.065408
v 0.064456 0.013408 0.044491
v 0.078127 0.046152 0.053927
v 0.071915 0.027707 0.049640
v 0.073230 0.013408 0.027773
v 0.088762 0.046152 0.033663
v 0.081705 0.027707 0.030987
v 0.077749 0.013408 0.009441
v 0.094239 0.046152 0.011443
v 0.086747 0.027707 0.010533
v 0.077749 0.013408 -0.009440
v 0.094239 0.046152 -0.011442
v 0.086747 0.027707 -0.010533
v 0.073230 0.013408 -0.027772
v 0.088762 0.046152 -0.033663
v 0.081705 0.027707 -0.030986
v 0.064456 0.013408 -0.044490
v 0.078127 0.046153 -0.053927
v 0.071915 0.027707 -0.049639
v 0.051936 0.013409 -0.058623
v 0.062951 0.046153 -0.071057
v 0.057946 0.027707 -0.065407
v 0.036397 0.013409 -0.069348
v 0.044117 0.046153 -0.084057
v 0.040609 0.027707 -0.077374
v 0.018743 0.013409 -0.076044
v 0.022719 0.046153 -0.092173
v 0.020912 0.027707 -0.084844
v 0.000000 0.013409 -0.078319
v 0.000000 0.046153 -0.094931
v 0.000000 0.027707 -0.087384
v -0.018743 0.013409 -0.076044
v -0.022719 0.046153 -0.092173
v -0.020912 0.027707 -0.084844
v -0.036397 0.013409 -0.069348
v -0.044117 0.046153 -0.084057
v -0.040609 0.027707 -0.077374
v -0.051936 0.013409 -0.058623
v -0.062951 0.046153 -0.071057
v -0.057946 0.027707 -0.065407
v -0.064456 0.013408 -0.044490
v -0.078127 0.046153 -0.053927
v -0.071915 0.027707 -0.049639
v -0.073230 0.013408 -0.027772
v -0.088762 0.046152 -0.033663
v -0.081705 0.027707 -0.030986
v -0.077749 0.013408 -0.009440
v -0.094239 0.046152 -0.011442
v -0.086747 0.027707 -0.010533
v -0.077749 0.013408 0.009441
v -0.094239 0.046152 0.011443
v -0.086747 0.027707 0.010533
v -0.073230 0.013408 0.027773
v -0.088762 0.046152 0.033663
v -0.081705 0.027707 0.030987
v -0.064456 0.013408 0.044491
v -0.078127 0.046152 0.053927
v -0.071915 0.027707 0.049640
v -0.051936 0.013408 0.058623
v -0.062951 0.046152 0.071057
v -0.057946 0.027707 0.065408
v -0.036397 0.013408 0.069349
v -0.044117 0.046152 0.084058
v -0.040609 0.027707 0.077375
v -0.018743 0.013408 0.076044
v -0.022719 0.046152 0.092173
v -0.020912 0.027707 0.084845
v 0.000000 0.046152 0.094932
v 0.000000 0.013408 0.078320
v 0.000000 0.027707 0.087384
v 0.000000 0.117099 0.100744
v 0.000000 0.092268 0.101818
v 0.024367 0.092268 0.098860
v 0.024110 0.117099 0.097817
v 0.047317 0.092268 0.090156
v 0.046818 0.117099 0.089204
v 0.067518 0.092268 0.076212
v 0.066805 0.117099 0.075408
v 0.083795 0.092268 0.057840
v 0.082911 0.117099 0.057229
v 0.095202 0.092268 0.036105
v 0.094197 0.117099 0.035724
v 0.101076 0.092268 0.012273
v 0.100009 0.117099 0.012144
v 0.101076 0.092268 -0.012273
v 0.100009 0.117099 -0.012143
v 0.095202 0.092268 -0.036105
v 0.094197 0.117099 -0.035724
v 0.083795 0.092268 -0.057839
v 0.082910 0.117099 -0.057229
v 0.067518 0.092268 -0.076212
v 0.066805 0.117099 -0.075407
v 0.047317 0.092268 -0.090155
v 0.046818 0.117099 -0.089204
v 0.024367 0.092268 -0.098859
v 0.024110 0.117100 -0.097816
v 0.000000 0.092268 -0.101818
v 0.000000 0.117100 -0.100743
v -0.024367 0.092268 -0.098859
v -0.024110 0.117100 -0.097816
v -0.047317 0.092268 -0.090155
v -0.046818 0.117100 -0.089204
v -0.067518 0.092268 -0.076212
v -0.066805 0.117099 -0.075407
v -0.083795 0.092268 -0.057839
v -0.082911 0.117099 -0.057229
v -0.095202 0.092268 -0.036105
v -0.094197 0.117099 -0.035724
v -0.101076 0.092268 -0.012273
v -0.100009 0.117099 -0.012143
v -0.101076 0.092268 0.012273
v -0.100009 0.117099 0.012144
v -0.095202 0.092268 0.036105
v -0.094197 0.117099 0.035724
v -0.083795 0.092268 0.057840
v -0.082910 0.117099 0.057229
v -0.067518 0.092268 0.076212
v -0.066805 0.117099 0.075408
v -0.047317 0.092268 0.090156
v -0.046818 0.117099 0.089204
v -0.024367 0.092268 0.098860
v -0.024110 0.117099 0.097817
v 0.000000 0.002832 0.063806
v 0.000000 0.006180 0.071773
v 0.017176 0.006180 0.069688
v 0.015270 0.002832 0.061952
v 0.033355 0.006180 0.063552
v 0.029652 0.002832 0.056497
v 0.047594 0.006180 0.053723
v 0.042311 0.002832 0.047759
v 0.059068 0.006180 0.040772
v 0.052511 0.002832 0.036246
v 0.067109 0.006180 0.025451
v 0.059659 0.002832 0.022626
v 0.071250 0.006180 0.008652
v 0.063340 0.002832 0.007691
v 0.071250 0.006180 -0.008651
v 0.063340 0.002832 -0.007691
v 0.067109 0.006180 -0.025451
v 0.059659 0.002832 -0.022625
v 0.059068 0.006180 -0.040771
v 0.052511 0.002832 -0.036245
v 0.047594 0.006180 -0.053723
v 0.042311 0.002832 -0.047759
v 0.033355 0.006180 -0.063552
v 0.029652 0.002832 -0.056497
v 0.017176 0.006180 -0.069687
v 0.015270 0.002832 -0.061951
v 0.000000 0.006180 -0.071773
v 0.000000 0.002832 -0.063805
v -0.017176 0.006180 -0.069687
v -0.015270 0.002832 -0.061951
v -0.033355 0.006180 -0.063552
v -0.029652 0.002832 -0.056497
v -0.047594 0.006180 -0.053723
v -0.042311 0.002832 -0.047759
v -0.059068 0.006180 -0.040771
v -0.052511 0.002832 -0.036245
v -0.067109 0.006180 -0.025451
v -0.059659 0.002832 -0.022625
v -0.071250 0.006180 -0.008651
v -0.063340 0.002832 -0.007691
v -0.071250 0.006180 0.008652
v -0.063340 0.002832 0.007691
v -0.067109 0.006180 0.025451
v -0.059659 0.002832 0.022626
v -0.059068 0.006180 0.040772
v -0.052511 0.002832 0.036246
v -0.047594 0.006180 0.053723
v -0.042311 0.002832 0.047759
v -0.033355 0.006180 0.063552
v -0.029652 0.002832 0.056497
v -0.017176 0.006180 0.069688
v -0.015270 0.002832 0.061952
v -0.009215 0.005016 0.037387
v -0.017894 0.005016 0.034095
v -0.025534 0.005016 0.028822
v -0.031689 0.005016 0.021874
v -0.036003 0.005016 0.013654
v -0.038225 0.005016 0.004642
v -0.038225 0.005016 -0.004641
v -0.036003 0.005016 -0.013654
v -0.031689 0.005016 -0.021873
v -0.025534 0.005016 -0.028821
v -0.017894 0.005016 -0.034095
v -0.009215 0.005016 -0.037386
v 0.000000 0.005016 -0.038505
v 0.009215 0.005016 -0.037386
v 0.017894 0.005016 -0.034095
v 0.025534 0.005016 -0.028821
v 0.031689 0.005016 -0.021873
v 0.036003 0.005016 -0.013654
v 0.038225 0.005016 -0.004641
v 0.038225 0.005016 0.004642
v 0.036003 0.005016 0.013654
v 0.031689 0.005016 0.021874
v 0.025534 0.005016 0.028822
v 0.017894 0.005016 0.034095
v 0.000000 0.005016 0.038506
v 0.009215 0.005016 0.037387
v 0.000000 0.379520 0.038765
v 0.009965 0.379520 0.037168
v 0.018277 0.379160 0.033097
v 0.025380 0.378181 0.027370
v 0.031255 0.376642 0.020586
v 0.035372 0.375071 0.012906
v 0.037512 0.374043 0.004285
v 0.037533 0.374005 -0.004370
v 0.035287 0.375035 -0.012701
v 0.030604 0.377193 -0.020666
v 0.024263 0.379246 -0.028872
v 0.017387 0.378667 -0.035810
v 0.009679 0.376540 -0.041019
v 0.000000 0.375410 -0.042927
v -0.009679 0.376540 -0.041019
v -0.017387 0.378668 -0.035810
v -0.024263 0.379246 -0.028872
v -0.030604 0.377193 -0.020666
v -0.035287 0.375035 -0.012701
v -0.037533 0.374005 -0.004370
v -0.037512 0.374043 0.004285
v -0.035372 0.375071 0.012906
v -0.031255 0.376642 0.020586
v -0.025380 0.378181 0.027370
v -0.018277 0.379160 0.033097
v -0.009965 0.379520 0.037168
v -0.012638 0.008255 0.051274
v 0.000000 0.402586 0.051677
v -0.024541 0.008255 0.046759
v 0.011231 0.402585 0.049435
v -0.035018 0.008255 0.039527
v 0.021940 0.402057 0.043698
v -0.043460 0.008255 0.029999
v 0.031806 0.400475 0.036347
v -0.049376 0.008255 0.018726
v 0.040748 0.397314 0.028137
v -0.052423 0.008255 0.006366
v 0.046899 0.394249 0.018474
v -0.052423 0.008255 -0.006365
v 0.050117 0.392681 0.006172
v -0.049376 0.008255 -0.018726
v 0.050218 0.392459 -0.004938
v -0.043460 0.008255 -0.029998
v 0.046249 0.393947 -0.015219
v -0.035018 0.008255 -0.039527
v 0.036022 0.398435 -0.026071
v -0.024541 0.008255 -0.046759
v 0.023196 0.401602 -0.039339
v -0.012638 0.008256 -0.051273
v 0.014204 0.400182 -0.051022
v 0.000000 0.008256 -0.052808
v 0.007784 0.396222 -0.059202
v 0.012638 0.008256 -0.051273
v 0.000000 0.394021 -0.061821
v 0.024541 0.008255 -0.046759
v -0.007784 0.396222 -0.059202
v 0.035018 0.008255 -0.039527
v -0.014204 0.400182 -0.051022
v 0.043460 0.008255 -0.029998
v -0.023196 0.401602 -0.039339
v 0.049376 0.008255 -0.018726
v -0.036022 0.398435 -0.026071
v 0.052423 0.008255 -0.006365
v -0.046249 0.393947 -0.015219
v 0.052423 0.008255 0.006366
v -0.050218 0.392459 -0.004938
v 0.049376 0.008255 0.018726
v -0.050117 0.392681 0.006172
v 0.043460 0.008255 0.029999
v -0.046899 0.394249 0.018474
v 0.035018 0.008255 0.039527
v -0.040748 0.397314 0.028137
v 0.024541 0.008255 0.046759
v -0.031806 0.400475 0.036347
v 0.000000 0.008255 0.052808
v -0.021940 0.402057 0.043698
v 0.012638 0.008255 0.051274
v -0.011231 0.402585 0.049435
v 0.000000 0.279212 0.021250
v 0.005084 0.279212 0.020632
v 0.009873 0.279211 0.018817
v 0.014089 0.279210 0.015907
v 0.017487 0.279209 0.012072
v 0.019868 0.279209 0.007536
v 0.021094 0.279209 0.002562
v 0.021094 0.279209 -0.002561
v 0.019868 0.279209 -0.007535
v 0.017488 0.279209 -0.012070
v 0.014091 0.279209 -0.015905
v 0.009875 0.279209 -0.018814
v 0.005085 0.279209 -0.020631
v 0.000000 0.279209 -0.021249
v -0.005085 0.279209 -0.020631
v -0.009875 0.279209 -0.018814
v -0.014091 0.279209 -0.015905
v -0.017488 0.279209 -0.012070
v -0.019868 0.279209 -0.007535
v -0.021094 0.279209 -0.002561
v -0.021094 0.279209 0.002562
v -0.019868 0.279209 0.007536
v -0.017487 0.279209 0.012072
v -0.014089 0.279210 0.015907
v -0.009873 0.279211 0.018817
v -0.005084 0.279212 0.020632
v 0.000000 0.358175 0.025326
v 0.006144 0.358180 0.024480
v 0.011699 0.358121 0.022099
v 0.016574 0.357979 0.018410
v 0.020513 0.357814 0.013758
v 0.023255 0.357654 0.008485
v 0.024649 0.357535 0.002847
v 0.024650 0.357525 -0.002891
v 0.023254 0.357608 -0.008480
v 0.020462 0.357833 -0.013781
v 0.016363 0.358201 -0.018655
v 0.011285 0.358267 -0.022520
v 0.005767 0.358214 -0.025023
v 0.000000 0.358203 -0.025867
v -0.005767 0.358214 -0.025023
v -0.011285 0.358267 -0.022520
v -0.016363 0.358201 -0.018655
v -0.020462 0.357833 -0.013781
v -0.023254 0.357608 -0.008480
v -0.024650 0.357525 -0.002891
v -0.024649 0.357535 0.002847
v -0.023255 0.357654 0.008485
v -0.020513 0.357814 0.013758
v -0.016574 0.357979 0.018410
v -0.011699 0.358121 0.022099
v -0.006144 0.358180 0.024480
v -0.012711 0.196564 0.051571
v -0.024684 0.196564 0.047031
v -0.035222 0.196564 0.039757
v -0.043712 0.196564 0.030173
v -0.049663 0.196564 0.018835
v -0.052727 0.196564 0.006403
v -0.052727 0.196564 -0.006402
v -0.049663 0.196564 -0.018834
v -0.043712 0.196564 -0.030172
v -0.035222 0.196564 -0.039757
v -0.024684 0.196564 -0.047030
v -0.012711 0.196564 -0.051571
v 0.000000 0.196564 -0.053114
v 0.012711 0.196564 -0.051571
v 0.024684 0.196564 -0.047030
v 0.035222 0.196564 -0.039757
v 0.043712 0.196564 -0.030172
v 0.049663 0.196564 -0.018834
v 0.052727 0.196564 -0.006402
v 0.052727 0.196564 0.006403
v 0.049663 0.196564 0.018835
v 0.043712 0.196564 0.030173
v 0.035222 0.196564 0.039757
v 0.024684 0.196564 0.047031
v 0.012711 0.196564 0.051571
v 0.000000 0.196564 0.053115
v 0.000000 0.140198 0.089810
v 0.000000 0.070618 0.094513
v 0.000000 0.325196 0.020791
v 0.022619 0.070618 0.091767
v 0.021493 0.140198 0.087200
v -0.004934 0.325195 0.020178
v 0.043922 0.070618 0.083687
v 0.041737 0.140198 0.079523
v -0.009587 0.325191 0.018379
v 0.062674 0.070618 0.070744
v 0.059555 0.140198 0.067224
v -0.013692 0.325190 0.015504
v 0.077783 0.070618 0.053690
v 0.073912 0.140198 0.051018
v -0.017004 0.325198 0.011739
v 0.088371 0.070618 0.033515
v 0.083973 0.140198 0.031847
v -0.019324 0.325213 0.007316
v 0.093824 0.070618 0.011393
v 0.089155 0.140198 0.010826
v -0.020516 0.325225 0.002485
v 0.093824 0.070618 -0.011392
v 0.089155 0.140198 -0.010825
v -0.020516 0.325226 -0.002485
v 0.088371 0.070618 -0.033515
v 0.083973 0.140198 -0.031847
v -0.019325 0.325214 -0.007313
v 0.077783 0.070618 -0.053689
v 0.073912 0.140198 -0.051017
v -0.017002 0.325204 -0.011733
v 0.062674 0.070618 -0.070744
v 0.059555 0.140198 -0.067223
v -0.013676 0.325210 -0.015484
v 0.043922 0.070618 -0.083687
v 0.041737 0.140198 -0.079522
v -0.009548 0.325242 -0.018334
v 0.022618 0.070618 -0.091766
v 0.021493 0.140198 -0.087199
v -0.004896 0.325286 -0.020101
v 0.000000 0.070618 -0.094513
v 0.000000 0.140198 -0.089809
v 0.000000 0.325307 -0.020697
v -0.022618 0.070618 -0.091766
v -0.021493 0.140198 -0.087199
v 0.004896 0.325286 -0.020101
v -0.043922 0.070618 -0.083687
v -0.041737 0.140198 -0.079522
v 0.009548 0.325242 -0.018334
v -0.062674 0.070618 -0.070744
v -0.059555 0.140198 -0.067223
v 0.013676 0.325210 -0.015484
v -0.077783 0.070618 -0.053689
v -0.073912 0.140198 -0.051017
v 0.017002 0.325204 -0.011733
v -0.088371 0.070618 -0.033515
v -0.083973 0.140198 -0.031847
v 0.019325 0.325215 -0.007313
v -0.093824 0.070618 -0.011392
v -0.089155 0.140198 -0.010825
v 0.020516 0.325226 -0.002485
v -0.093824 0.070618 0.011393
v -0.089155 0.140198 0.010826
v 0.020516 0.325225 0.002485
v -0.088371 0.070618 0.033515
v -0.083973 0.140198 0.031847
v 0.019324 0.325213 0.007316
v -0.077783 0.070618 0.053690
v -0.073912 0.140198 0.051018
v 0.017004 0.325198 0.011739
v -0.062674 0.070618 0.070744
v -0.059555 0.140198 0.067224
v 0.013692 0.325190 0.015504
v -0.043922 0.070618 0.083687
v -0.041737 0.140198 0.079523
v 0.009587 0.325191 0.018379
v -0.022619 0.070618 0.091767
v -0.021493 0.140198 0.087200
v 0.004934 0.325195 0.020178
v 0.015733 0.180709 0.063832
v 0.018881 0.162754 0.076602
v 0.030552 0.180709 0.058212
v 0.036664 0.162754 0.069857
v 0.043595 0.180709 0.049209
v 0.052316 0.162754 0.059053
v 0.054105 0.180709 0.037346
v 0.064928 0.162754 0.044817
v 0.061470 0.180709 0.023313
v 0.073767 0.162754 0.027976
v 0.065263 0.180709 0.007925
v 0.078319 0.162754 0.009510
v 0.065263 0.180709 -0.007924
v 0.078319 0.162754 -0.009509
v 0.061470 0.180709 -0.023312
v 0.073767 0.162754 -0.027976
v 0.054105 0.180709 -0.037346
v 0.064928 0.162754 -0.044817
v 0.043595 0.180709 -0.049208
v 0.052316 0.162754 -0.059053
v 0.030552 0.180709 -0.058211
v 0.036664 0.162754 -0.069857
v 0.015733 0.180709 -0.063832
v 0.018881 0.162754 -0.076601
v 0.000000 0.180709 -0.065742
v 0.000000 0.162754 -0.078894
v -0.015733 0.180709 -0.063832
v -0.018881 0.162754 -0.076601
v -0.030552 0.180709 -0.058211
v -0.036664 0.162754 -0.069857
v -0.043595 0.180709 -0.049208
v -0.052316 0.162754 -0.059053
v -0.054105 0.180709 -0.037346
v -0.064928 0.162754 -0.044817
v -0.061470 0.180709 -0.023312
v -0.073767 0.162754 -0.027976
v -0.065263 0.180709 -0.007924
v -0.078319 0.162754 -0.009509
v -0.065263 0.180709 0.007925
v -0.078319 0.162754 0.009510
v -0.061470 0.180709 0.023313
v -0.073767 0.162754 0.027976
v -0.054105 0.180709 0.037346
v -0.064928 0.162754 0.044817
v -0.043595 0.180709 0.049209
v -0.052316 0.162754 0.059053
v -0.030552 0.180709 0.058212
v -0.036664 0.162754 0.069857
v -0.015733 0.180709 0.063832
v -0.018881 0.162754 0.076602
v 0.000000 0.180709 0.065742
v 0.000000 0.162754 0.078894
v 0.000000 0.214477 0.041460
v 0.000000 0.254102 0.024832
v 0.000000 0.235079 0.031225
v -0.005943 0.254102 0.024110
v -0.009922 0.214477 0.040256
v -0.007473 0.235079 0.030318
v -0.020436 0.254102 0.014106
v -0.034121 0.214477 0.023552
v -0.025698 0.235079 0.017738
v -0.024650 0.254102 -0.002993
v -0.041158 0.214477 -0.004997
v -0.030997 0.235079 -0.003763
v -0.016466 0.254102 -0.018586
v -0.027493 0.214477 -0.031033
v -0.020706 0.235079 -0.023372
v 0.000000 0.254102 -0.024831
v 0.000000 0.214477 -0.041460
v 0.000000 0.235079 -0.031225
v 0.016466 0.254102 -0.018586
v 0.027493 0.214477 -0.031033
v 0.020706 0.235079 -0.023372
v 0.024650 0.254102 -0.002993
v 0.041158 0.214477 -0.004997
v 0.030997 0.235079 -0.003763
v 0.020436 0.254102 0.014106
v 0.034121 0.214477 0.023552
v 0.025698 0.235079 0.017738
v 0.005943 0.254102 0.024110
v 0.009922 0.214477 0.040256
v 0.007473 0.235079 0.030318
v -0.011540 0.254102 0.021987
v -0.019268 0.214477 0.036711
v -0.014511 0.235079 0.027649
v -0.023218 0.254102 0.008806
v -0.038766 0.214477 0.014702
v -0.029196 0.235079 0.011073
v -0.023218 0.254102 -0.008805
v -0.038766 0.214477 -0.014702
v -0.029196 0.235079 -0.011072
v -0.011540 0.254102 -0.021987
v -0.019268 0.214477 -0.036711
v -0.014511 0.235079 -0.027648
v 0.005943 0.254102 -0.024110
v 0.009922 0.214477 -0.040255
v 0.007473 0.235079 -0.030317
v 0.020436 0.254102 -0.014106
v 0.034121 0.214477 -0.023552
v 0.025698 0.235079 -0.017738
v 0.024650 0.254102 0.002993
v 0.041158 0.214477 0.004998
v 0.030997 0.235079 0.003764
v 0.016466 0.254102 0.018587
v 0.027493 0.214477 0.031034
v 0.020706 0.235079 0.023373
v 0.011540 0.254102 0.021987
v 0.019268 0.214477 0.036711
v 0.014511 0.235079 0.027649
v 0.023218 0.254102 0.008806
v 0.038766 0.214477 0.014702
v 0.029196 0.235079 0.011073
v 0.023218 0.254102 -0.008805
v 0.038766 0.214477 -0.014702
v 0.029196 0.235079 -0.011072
v 0.011540 0.254102 -0.021987
v 0.019268 0.214477 -0.036711
v 0.014511 0.235079 -0.027648
v -0.005943 0.254102 -0.024110
v -0.009922 0.214477 -0.040255
v -0.007473 0.235079 -0.030317
v -0.020436 0.254102 -0.014106
v -0.034121 0.214477 -0.023552
v -0.025698 0.235079 -0.017738
v -0.024650 0.254102 0.002993
v -0.041158 0.214477 0.004998
v -0.030997 0.235079 0.003764
v -0.016466 0.254102 0.018587
v -0.027493 0.214477 0.031034
v -0.020706 0.235079 0.023373
v 0.017710 0.016873 0.071853
v 0.021458 0.047848 0.087059
v 0.019745 0.030339 0.080110
v 0.034391 0.016873 0.065527
v 0.041669 0.047848 0.079394
v 0.038343 0.030339 0.073057
v 0.049073 0.016873 0.055392
v 0.059459 0.047848 0.067115
v 0.054713 0.030339 0.061758
v 0.060903 0.016873 0.042039
v 0.073793 0.047848 0.050936
v 0.067902 0.030339 0.046870
v 0.069194 0.016873 0.026242
v 0.083838 0.047848 0.031796
v 0.077146 0.030339 0.029258
v 0.073464 0.016873 0.008920
v 0.089011 0.047848 0.010808
v 0.081906 0.030339 0.009945
v 0.073464 0.016873 -0.008920
v 0.089011 0.047848 -0.010808
v 0.081906 0.030339 -0.009945
v 0.069194 0.016873 -0.026242
v 0.083838 0.047848 -0.031795
v 0.077146 0.030339 -0.029257
v 0.060903 0.016873 -0.042038
v 0.073793 0.047848 -0.050935
v 0.067902 0.030340 -0.046869
v 0.049073 0.016874 -0.055392
v 0.059459 0.047848 -0.067115
v 0.054713 0.030341 -0.061758
v 0.034391 0.016874 -0.065526
v 0.041669 0.047848 -0.079394
v 0.038343 0.030341 -0.073057
v 0.017710 0.016874 -0.071852
v 0.021458 0.047848 -0.087059
v 0.019745 0.030341 -0.080110
v 0.000000 0.016874 -0.074003
v 0.000000 0.047848 -0.089664
v 0.000000 0.030341 -0.082507
v -0.017710 0.016874 -0.071852
v -0.021458 0.047848 -0.087059
v -0.019745 0.030341 -0.080110
v -0.034391 0.016874 -0.065526
v -0.041669 0.047848 -0.079394
v -0.038343 0.030341 -0.073057
v -0.049073 0.016874 -0.055392
v -0.059459 0.047848 -0.067115
v -0.054713 0.030341 -0.061758
v -0.060903 0.016873 -0.042038
v -0.073793 0.047848 -0.050935
v -0.067902 0.030340 -0.046869
v -0.069194 0.016873 -0.026242
v -0.083838 0.047848 -0.031795
v -0.077146 0.030340 -0.029257
v -0.073464 0.016873 -0.008920
v -0.089011 0.047848 -0.010808
v -0.081906 0.030339 -0.009945
v -0.073464 0.016873 0.008920
v -0.089011 0.047848 0.010808
v -0.081906 0.030339 0.009945
v -0.069194 0.016873 0.026242
v -0.083838 0.047848 0.031796
v -0.077146 0.030339 0.029258
v -0.060903 0.016873 0.042039
v -0.073793 0.047848 0.050936
v -0.067902 0.030339 0.046870
v -0.049073 0.016873 0.055392
v -0.059459 0.047848 0.067115
v -0.054713 0.030339 0.061758
v -0.034391 0.016873 0.065527
v -0.041669 0.047848 0.079394
v -0.038343 0.030339 0.073057
v -0.017710 0.016873 0.071853
v -0.021458 0.047848 0.087059
v -0.019745 0.030339 0.080110
v 0.000000 0.047848 0.089665
v 0.000000 0.016873 0.074003
v 0.000000 0.030339 0.082508
v 0.000000 0.116367 0.095265
v 0.000000 0.092381 0.096278
v 0.023041 0.092381 0.093480
v 0.022798 0.116367 0.092497
v 0.044742 0.092381 0.085250
v 0.044272 0.116367 0.084353
v 0.063844 0.092381 0.072065
v 0.063172 0.116367 0.071307
v 0.079235 0.092381 0.054692
v 0.078402 0.116367 0.054117
v 0.090021 0.092381 0.034141
v 0.089074 0.116367 0.033782
v 0.095576 0.092381 0.011605
v 0.094570 0.116367 0.011483
v 0.095576 0.092381 -0.011605
v 0.094570 0.116367 -0.011483
v 0.090021 0.092381 -0.034140
v 0.089074 0.116367 -0.033781
v 0.079235 0.092381 -0.054692
v 0.078402 0.116367 -0.054116
v 0.063844 0.092381 -0.072064
v 0.063172 0.116367 -0.071306
v 0.044742 0.092381 -0.085249
v 0.044272 0.116367 -0.084353
v 0.023041 0.092381 -0.093480
v 0.022798 0.116367 -0.092496
v 0.000000 0.092381 -0.096277
v 0.000000 0.116367 -0.095265
v -0.023041 0.092381 -0.093480
v -0.022798 0.116367 -0.092496
v -0.044742 0.092381 -0.085249
v -0.044272 0.116367 -0.084353
v -0.063844 0.092381 -0.072064
v -0.063172 0.116367 -0.071306
v -0.079235 0.092381 -0.054692
v -0.078402 0.116367 -0.054116
v -0.090021 0.092381 -0.034140
v -0.089074 0.116367 -0.033781
v -0.095576 0.092381 -0.011605
v -0.094570 0.116367 -0.011483
v -0.095576 0.092381 0.011605
v -0.094570 0.116367 0.011483
v -0.090021 0.092381 0.034141
v -0.089074 0.116367 0.033782
v -0.079235 0.092381 0.054692
v -0.078402 0.116367 0.054117
v -0.063844 0.092381 0.072065
v -0.063172 0.116367 0.071307
v -0.044742 0.092381 0.085250
v -0.044272 0.116367 0.084353
v -0.023041 0.092381 0.093480
v -0.022798 0.116367 0.092497
v 0.000000 0.008155 0.062502
v 0.000000 0.010638 0.068588
v 0.016414 0.010638 0.066595
v 0.014958 0.008155 0.060686
v 0.031874 0.010638 0.060732
v 0.029046 0.008155 0.055343
v 0.045482 0.010638 0.051339
v 0.041447 0.008155 0.046784
v 0.056447 0.010638 0.038963
v 0.051438 0.008155 0.035506
v 0.064131 0.010638 0.024322
v 0.058441 0.008155 0.022164
v 0.068088 0.010638 0.008268
v 0.062046 0.008155 0.007534
v 0.068088 0.010638 -0.008267
v 0.062046 0.008155 -0.007534
v 0.064131 0.010638 -0.024321
v 0.058441 0.008155 -0.022163
v 0.056447 0.010638 -0.038962
v 0.051438 0.008155 -0.035505
v 0.045482 0.010639 -0.051338
v 0.041447 0.008155 -0.046783
v 0.031874 0.010639 -0.060731
v 0.029046 0.008155 -0.055343
v 0.016414 0.010639 -0.066594
v 0.014958 0.008155 -0.060686
v 0.000000 0.010638 -0.068587
v 0.000000 0.008155 -0.062502
v -0.016414 0.010639 -0.066594
v -0.014958 0.008155 -0.060686
v -0.031874 0.010639 -0.060731
v -0.029046 0.008155 -0.055343
v -0.045482 0.010639 -0.051338
v -0.041447 0.008155 -0.046783
v -0.056447 0.010638 -0.038962
v -0.051438 0.008155 -0.035505
v -0.064131 0.010638 -0.024321
v -0.058441 0.008155 -0.022163
v -0.068088 0.010638 -0.008267
v -0.062046 0.008155 -0.007534
v -0.068088 0.010638 0.008268
v -0.062046 0.008155 0.007534
v -0.064131 0.010638 0.024322
v -0.058441 0.008155 0.022164
v -0.056447 0.010638 0.038963
v -0.051438 0.008155 0.035506
v -0.045482 0.010638 0.051339
v -0.041447 0.008155 0.046784
v -0.031874 0.010638 0.060732
v -0.029046 0.008155 0.055343
v -0.016414 0.010638 0.066595
v -0.014958 0.008155 0.060686
v -0.008941 0.010401 0.036277
v -0.017363 0.010401 0.033083
v -0.024776 0.010401 0.027966
v -0.030749 0.010401 0.021225
v -0.034935 0.010401 0.013249
v -0.037090 0.010401 0.004504
v -0.037090 0.010401 -0.004503
v -0.034935 0.010401 -0.013249
v -0.030749 0.010401 -0.021224
v -0.024776 0.010401 -0.027966
v -0.017363 0.010401 -0.033083
v -0.008941 0.010401 -0.036277
v 0.000000 0.010401 -0.037362
v 0.008941 0.010401 -0.036277
v 0.017363 0.010401 -0.033083
v 0.024776 0.010401 -0.027966
v 0.030749 0.010401 -0.021224
v 0.034935 0.010401 -0.013249
v 0.037090 0.010401 -0.004503
v 0.037090 0.010401 0.004504
v 0.034935 0.010401 0.013249
v 0.030749 0.010401 0.021225
v 0.024776 0.010401 0.027966
v 0.017363 0.010401 0.033083
v 0.000000 0.010401 0.037363
v 0.008941 0.010401 0.036277
v 0.000000 0.382048 0.033807
v 0.008782 0.382064 0.032402
v 0.016118 0.381739 0.028795
v 0.022491 0.380883 0.023654
v 0.027786 0.379565 0.017581
v 0.031417 0.378227 0.010865
v 0.033240 0.377328 0.003555
v 0.033251 0.377228 -0.003527
v 0.031298 0.377925 -0.010333
v 0.026903 0.379675 -0.017364
v 0.020623 0.381550 -0.025322
v 0.013925 0.381125 -0.032256
v 0.007363 0.379660 -0.037271
v 0.000000 0.378980 -0.039001
v -0.007363 0.379660 -0.037271
v -0.013925 0.381125 -0.032256
v -0.020623 0.381550 -0.025322
v -0.026903 0.379675 -0.017364
v -0.031298 0.377925 -0.010333
v -0.033251 0.377228 -0.003527
v -0.033240 0.377328 0.003555
v -0.031417 0.378227 0.010865
v -0.027786 0.379565 0.017581
v -0.022491 0.380883 0.023654
v -0.016118 0.381739 0.028795
v -0.008782 0.382064 0.032402
v 0.000000 0.395344 0.051285
v 0.011631 0.395355 0.049105
v 0.022229 0.394878 0.043537
v 0.031684 0.393361 0.036335
v 0.040073 0.390415 0.028222
v 0.045953 0.387509 0.018546
v 0.049083 0.385939 0.006207
v 0.049190 0.385823 -0.005420
v 0.045522 0.387511 -0.016325
v 0.036754 0.391914 -0.026988
v 0.025988 0.395175 -0.038885
v 0.017674 0.393891 -0.049168
v 0.010102 0.389705 -0.056740
v 0.000000 0.387322 -0.059333
v -0.010102 0.389705 -0.056740
v -0.017674 0.393891 -0.049168
v -0.025988 0.395175 -0.038885
v -0.036754 0.391914 -0.026988
v -0.045522 0.387511 -0.016325
v -0.049190 0.385823 -0.005420
v -0.049083 0.385939 0.006207
v -0.045953 0.387509 0.018546
v -0.040073 0.390415 0.028222
v -0.031684 0.393361 0.036335
v -0.022229 0.394878 0.043537
v -0.011631 0.395355 0.049105
v 0.000000 0.398888 0.046948
v 0.010621 0.398902 0.044889
v 0.020450 0.398410 0.039659
v 0.029420 0.396979 0.032856
v 0.037427 0.394263 0.025251
v 0.042913 0.391653 0.016419
v 0.045745 0.390260 0.005440
v 0.045819 0.390027 -0.004479
v 0.042385 0.391192 -0.013693
v 0.033613 0.394948 -0.023528
v 0.022338 0.397822 -0.035587
v 0.013825 0.396648 -0.046254
v 0.007438 0.393361 -0.053765
v 0.000000 0.391600 -0.056193
v -0.007438 0.393361 -0.053765
v -0.013825 0.396648 -0.046254
v -0.022338 0.397822 -0.035587
v -0.033613 0.394948 -0.023528
v -0.042385 0.391192 -0.013693
v -0.045819 0.390027 -0.004479
v -0.045745 0.390260 0.005440
v -0.042913 0.391653 0.016419
v -0.037427 0.394263 0.025251
v -0.029420 0.396979 0.032856
v -0.020450 0.398410 0.039659
v -0.010621 0.398902 0.044889
v -0.042644 0.004260 0.005178
v -0.042644 0.004260 -0.005178
v -0.040166 0.004260 -0.015233
v 0.010280 0.004260 -0.041709
v 0.019963 0.004260 -0.038037
v 0.028486 0.004260 -0.032154
v 0.035353 0.004260 0.024403
v 0.028486 0.004260 0.032155
v 0.019963 0.004260 0.038037
v 0.000000 0.004260 0.042958
v -0.010280 0.004260 0.041710
v -0.019963 0.004260 0.038037
v -0.035353 0.004260 -0.024402
v -0.028486 0.004260 -0.032154
v 0.035353 0.004260 -0.024402
v 0.040166 0.004260 -0.015233
v 0.010280 0.004260 0.041710
v -0.028486 0.004260 0.032155
v -0.035353 0.004260 0.024403
v -0.019963 0.004260 -0.038037
v -0.010280 0.004260 -0.041709
v 0.042644 0.004260 -0.005178
v 0.042644 0.004260 0.005178
v -0.040166 0.004260 0.015233
v 0.000000 0.004260 -0.042957
v 0.040166 0.004260 0.015233
v -0.048047 0.003143 -0.005834
v -0.045255 0.003143 -0.017163
v 0.022493 0.003143 -0.042856
v 0.032095 0.003143 -0.036228
v 0.032095 0.003143 0.036228
v 0.022493 0.003143 0.042856
v -0.011583 0.003143 0.046994
v -0.022493 0.003143 0.042856
v -0.039832 0.003143 -0.027494
v -0.032095 0.003143 -0.036228
v 0.039832 0.003143 -0.027494
v 0.045255 0.003143 -0.017163
v 0.011583 0.003143 0.046994
v -0.032095 0.003143 0.036228
v -0.039832 0.003143 0.027494
v -0.022493 0.003143 -0.042856
v -0.011583 0.003143 -0.046993
v 0.048047 0.003143 -0.005834
v 0.048047 0.003143 0.005834
v -0.045255 0.003143 0.017163
v 0.000000 0.003143 -0.048400
v 0.045255 0.003143 0.017163
v -0.048047 0.003143 0.005834
v 0.011583 0.003143 -0.046993
v 0.039832 0.003143 0.027494
v 0.000000 0.003143 0.048400
v 0.000000 0.012897 0.000000
v 0.000000 0.006028 0.027216
v 0.012648 0.006028 0.024098
v 0.018047 0.006028 0.020371
v 0.022398 0.006028 0.015460
v 0.025447 0.006028 0.009651
v 0.027017 0.006028 0.003281
v 0.027017 0.006028 -0.003280
v 0.025447 0.006028 -0.009650
v 0.022398 0.006028 -0.015460
v 0.018047 0.006028 -0.020371
v 0.012648 0.006028 -0.024098
v 0.006513 0.006028 -0.026424
v 0.000000 0.006028 -0.027215
v -0.006513 0.006028 -0.026424
v -0.012648 0.006028 -0.024098
v -0.018047 0.006028 -0.020371
v -0.022398 0.006028 -0.015460
v -0.025447 0.006028 -0.009650
v -0.027017 0.006028 -0.003280
v -0.027017 0.006028 0.003281
v -0.025447 0.006028 0.009651
v -0.022398 0.006028 0.015460
v -0.018047 0.006028 0.020371
v -0.012648 0.006028 0.024098
v -0.006513 0.006028 0.026425
v 0.006513 0.006028 0.026425
v 0.000000 0.006830 0.000000
v 0.000000 0.398570 0.054171
v 0.005976 0.400071 0.053843
v 0.011912 0.398574 0.051877
v 0.005892 0.395366 0.050714
v 0.017582 0.399890 0.049491
v 0.023035 0.398076 0.045986
v 0.017086 0.395211 0.046629
v 0.028221 0.398928 0.042541
v 0.033063 0.396465 0.038459
v 0.027070 0.394299 0.040069
v 0.037999 0.396394 0.034490
v 0.042075 0.393221 0.030021
v 0.036098 0.392001 0.032394
v 0.045931 0.392839 0.025389
v 0.048388 0.390014 0.019862
v 0.043363 0.388852 0.023717
v 0.050827 0.390267 0.013443
v 0.051762 0.388336 0.006667
v 0.047872 0.386533 0.012513
v 0.052649 0.389381 0.000370
v 0.051890 0.388210 -0.005645
v 0.049536 0.385708 0.000245
v 0.050919 0.390045 -0.011375
v 0.047864 0.390067 -0.017146
v 0.047953 0.386329 -0.010954
v 0.043737 0.393673 -0.022544
v 0.038044 0.394969 -0.028445
v 0.041679 0.389541 -0.021545
v 0.031669 0.398561 -0.034892
v 0.026133 0.398439 -0.041208
v 0.031274 0.393979 -0.032928
v 0.020786 0.399669 -0.047473
v 0.017472 0.396995 -0.052264
v 0.021510 0.395101 -0.044314
v 0.013361 0.396113 -0.057482
v 0.010019 0.392380 -0.060338
v 0.014072 0.391887 -0.053437
v 0.005058 0.391829 -0.063119
v 0.000000 0.389728 -0.063057
v 0.005305 0.388003 -0.058702
v -0.005058 0.391830 -0.063119
v -0.010019 0.392380 -0.060338
v -0.005305 0.388003 -0.058702
v -0.013361 0.396113 -0.057482
v -0.017472 0.396995 -0.052264
v -0.014072 0.391887 -0.053437
v -0.020786 0.399669 -0.047473
v -0.026133 0.398439 -0.041208
v -0.021510 0.395101 -0.044314
v -0.031669 0.398561 -0.034892
v -0.038044 0.394968 -0.028445
v -0.031274 0.393979 -0.032928
v -0.043737 0.393673 -0.022544
v -0.047864 0.390067 -0.017146
v -0.041679 0.389541 -0.021545
v -0.050919 0.390045 -0.011375
v -0.051890 0.388210 -0.005645
v -0.047953 0.386329 -0.010954
v -0.052649 0.389381 0.000370
v -0.051762 0.388336 0.006667
v -0.049536 0.385708 0.000245
v -0.050827 0.390267 0.013443
v -0.048388 0.390014 0.019862
v -0.047872 0.386533 0.012513
v -0.045931 0.392839 0.025389
v -0.042075 0.393221 0.030021
v -0.043363 0.388852 0.023717
v -0.037999 0.396394 0.034490
v -0.033063 0.396465 0.038459
v -0.036098 0.392001 0.032394
v -0.028221 0.398928 0.042541
v -0.023035 0.398076 0.045986
v -0.027070 0.394299 0.040069
v -0.017582 0.399890 0.049491
v -0.011912 0.398574 0.051877
v -0.017086 0.395211 0.046629
v -0.005976 0.400071 0.053843
v -0.005892 0.395366 0.050714
v -0.017919 0.009037 0.072700
v -0.009440 0.013408 0.077748
v 0.000000 0.009037 0.074876
v -0.008651 0.006180 0.071249
v -0.023993 0.208190 0.046423
v -0.016354 0.217289 0.043439
v -0.012238 0.208190 0.050904
v -0.020173 0.199885 0.054861
v -0.042776 0.208190 0.029783
v -0.034652 0.217289 0.030807
v -0.034395 0.208190 0.039243
v -0.043271 0.199885 0.038908
v -0.027981 0.265245 0.003398
v -0.025976 0.279778 0.006403
v -0.026354 0.265245 0.009995
v -0.029315 0.255504 0.007226
v -0.023689 0.279778 0.012433
v -0.023197 0.265245 0.016012
v -0.026734 0.255503 0.014032
v -0.026354 0.265245 -0.009995
v -0.025976 0.279778 -0.006402
v -0.027981 0.265245 -0.003397
v -0.029315 0.255504 -0.007225
v -0.051674 0.208190 0.006320
v -0.044986 0.217289 0.011118
v -0.048650 0.208190 0.018591
v -0.056322 0.199885 0.014042
v -0.048650 0.208190 -0.018591
v -0.044986 0.217289 -0.011118
v -0.051674 0.208190 -0.006319
v -0.056322 0.199885 -0.014041
v -0.046336 0.217289 0.000000
v -0.058027 0.199885 0.000000
v -0.042776 0.208190 -0.029782
v -0.041014 0.217289 -0.021590
v -0.051306 0.199885 -0.027266
v -0.013099 0.265245 -0.024957
v -0.015198 0.279778 -0.022017
v -0.018691 0.265245 -0.021097
v -0.017151 0.255504 -0.024848
v 0.000000 0.208190 -0.052427
v -0.005541 0.217289 -0.046119
v -0.012238 0.208190 -0.050904
v -0.006763 0.199885 -0.058245
v 0.013099 0.265245 -0.024957
v 0.009487 0.279778 -0.025014
v 0.006745 0.265245 -0.027367
v 0.010707 0.255504 -0.028230
v 0.003225 0.279778 -0.026558
v 0.000000 0.265245 -0.028186
v 0.003639 0.255504 -0.029972
v 0.023197 0.265245 -0.016011
v 0.020025 0.279778 -0.017740
v 0.018691 0.265245 -0.021097
v 0.022600 0.255504 -0.020021
v 0.023993 0.208190 -0.046422
v 0.016354 0.217289 -0.043438
v 0.012238 0.208190 -0.050904
v 0.020173 0.199885 -0.054860
v 0.042776 0.208190 -0.029782
v 0.034652 0.217289 -0.030807
v 0.034395 0.208190 -0.039242
v 0.043271 0.199885 -0.038907
v 0.026269 0.217289 -0.038234
v 0.032684 0.199885 -0.048287
v 0.048650 0.208190 -0.018591
v 0.041014 0.217289 -0.021590
v 0.051306 0.199885 -0.027266
v 0.027981 0.265245 0.003398
v 0.026753 0.279778 0.000000
v 0.027981 0.265245 -0.003397
v 0.030193 0.255504 0.000000
v 0.042776 0.208190 0.029783
v 0.041014 0.217289 0.021590
v 0.048650 0.208190 0.018591
v 0.051306 0.199885 0.027267
v 0.013099 0.265245 0.024958
v 0.015198 0.279778 0.022018
v 0.018691 0.265245 0.021098
v 0.017151 0.255503 0.024848
v 0.020025 0.279778 0.017741
v 0.023197 0.265245 0.016012
v 0.022600 0.255504 0.020022
v 0.006745 0.265245 0.027367
v 0.009487 0.279778 0.025015
v 0.010707 0.255504 0.028231
v 0.023993 0.208190 0.046423
v 0.026269 0.217289 0.038234
v 0.034395 0.208190 0.039243
v 0.032684 0.199885 0.048287
v 0.012238 0.208190 0.050904
v 0.016354 0.217289 0.043439
v 0.020173 0.199885 0.054861
v -0.005541 0.217289 0.046119
v 0.000000 0.208190 0.052428
v -0.006763 0.199885 0.058246
v 0.061622 0.009037 0.042535
v 0.069348 0.013408 0.036397
v 0.070010 0.009037 0.026552
v 0.063551 0.006180 0.033355
v 0.076043 0.013408 0.018743
v 0.074330 0.009037 0.009026
v 0.069687 0.006180 0.017177
v 0.078319 0.013408 0.000000
v 0.074330 0.009037 -0.009025
v 0.071772 0.006180 0.000000
v 0.076043 0.013408 -0.018743
v 0.070010 0.009037 -0.026551
v 0.069687 0.006180 -0.017176
v 0.069348 0.013408 -0.036396
v 0.061622 0.009037 -0.042534
v 0.063551 0.006180 -0.033354
v 0.058623 0.013409 -0.051935
v 0.049652 0.009037 -0.056045
v 0.053722 0.006180 -0.047594
v 0.044490 0.013409 -0.064455
v 0.034797 0.009037 -0.066299
v 0.040771 0.006180 -0.059067
v 0.027772 0.013409 -0.073229
v 0.017919 0.009037 -0.072700
v 0.025451 0.006180 -0.067108
v 0.009440 0.013409 -0.077748
v 0.000000 0.009037 -0.074875
v 0.008651 0.006180 -0.071249
v -0.009440 0.013409 -0.077748
v -0.017919 0.009037 -0.072700
v -0.008651 0.006180 -0.071249
v -0.027772 0.013409 -0.073229
v -0.034797 0.009037 -0.066299
v -0.025451 0.006180 -0.067108
v -0.044490 0.013409 -0.064455
v -0.049652 0.009037 -0.056045
v -0.040771 0.006180 -0.059067
v -0.058623 0.013409 -0.051935
v -0.061622 0.009037 -0.042534
v -0.053722 0.006180 -0.047594
v -0.069348 0.013408 -0.036396
v -0.070010 0.009037 -0.026551
v -0.063551 0.006180 -0.033354
v -0.076043 0.013408 -0.018743
v -0.074330 0.009037 -0.009025
v -0.069687 0.006180 -0.017176
v -0.078319 0.013408 0.000000
v -0.074330 0.009037 0.009026
v -0.071772 0.006180 0.000000
v -0.076043 0.013408 0.018743
v -0.070010 0.009037 0.026552
v -0.069687 0.006180 0.017177
v -0.069348 0.013408 0.036397
v -0.061622 0.009037 0.042535
v -0.063551 0.006180 0.033355
v -0.058623 0.013408 0.051935
v -0.049652 0.009037 0.056046
v -0.053722 0.006180 0.047594
v -0.044490 0.013408 0.064455
v -0.034797 0.009037 0.066299
v -0.040771 0.006180 0.059068
v -0.027772 0.013408 0.073230
v -0.025451 0.006180 0.067108
v -0.042957 0.004260 0.000000
v -0.040686 0.004645 0.004940
v -0.038505 0.005016 0.000000
v -0.040686 0.004645 -0.004940
v 0.017919 0.009037 0.072700
v 0.027772 0.013408 0.073230
v 0.034797 0.009037 0.066299
v 0.025451 0.006180 0.067108
v 0.023411 0.057755 0.094982
v 0.035457 0.069793 0.093493
v 0.045461 0.057755 0.086620
v 0.033663 0.046152 0.088762
v -0.023411 0.057755 0.094982
v -0.012053 0.069793 0.099262
v 0.000000 0.057755 0.097825
v -0.011443 0.046152 0.094239
v -0.045461 0.057755 0.086620
v -0.035457 0.069793 0.093493
v -0.033663 0.046152 0.088762
v -0.064870 0.057755 0.073223
v -0.056801 0.069793 0.082291
v -0.053927 0.046152 0.078127
v -0.080508 0.057755 0.055571
v -0.074844 0.069793 0.066306
v -0.071057 0.046152 0.062951
v -0.091468 0.057755 0.034689
v -0.088537 0.069793 0.046468
v -0.084057 0.046152 0.044117
v -0.097111 0.057755 0.011792
v -0.097085 0.069793 0.023930
v -0.092172 0.046152 0.022719
v -0.097111 0.057755 -0.011791
v -0.099991 0.069793 0.000000
v -0.094931 0.046152 0.000000
v -0.091468 0.057755 -0.034689
v -0.097085 0.069793 -0.023929
v -0.092172 0.046153 -0.022718
v -0.080508 0.057755 -0.055570
v -0.088537 0.069793 -0.046468
v -0.084057 0.046153 -0.044116
v -0.064870 0.057755 -0.073222
v -0.074844 0.069793 -0.066306
v -0.071057 0.046153 -0.062950
v -0.045461 0.057755 -0.086619
v -0.056801 0.069793 -0.082290
v -0.053927 0.046153 -0.078126
v -0.023411 0.057755 -0.094982
v -0.035457 0.069793 -0.093493
v -0.033663 0.046153 -0.088761
v 0.000000 0.057755 -0.097824
v -0.012053 0.069793 -0.099261
v -0.011443 0.046153 -0.094238
v 0.023411 0.057755 -0.094982
v 0.012053 0.069793 -0.099261
v 0.011443 0.046153 -0.094238
v 0.045461 0.057755 -0.086619
v 0.035457 0.069793 -0.093493
v 0.033663 0.046153 -0.088761
v 0.064870 0.057755 -0.073222
v 0.056801 0.069793 -0.082290
v 0.053927 0.046153 -0.078126
v 0.080508 0.057755 -0.055570
v 0.074844 0.069793 -0.066306
v 0.071057 0.046153 -0.062950
v 0.091468 0.057755 -0.034689
v 0.088537 0.069793 -0.046468
v 0.084057 0.046153 -0.044116
v 0.097111 0.057755 -0.011791
v 0.097085 0.069793 -0.023929
v 0.092172 0.046153 -0.022718
v 0.097111 0.057755 0.011792
v 0.099991 0.069793 0.000000
v 0.094931 0.046153 0.000000
v 0.091468 0.057755 0.034689
v 0.097085 0.069793 0.023930
v 0.092172 0.046152 0.022719
v 0.080508 0.057755 0.055571
v 0.088537 0.069793 0.046468
v 0.084057 0.046152 0.044117
v 0.064870 0.057755 0.073223
v 0.074844 0.069793 0.066306
v 0.071057 0.046152 0.062951
v 0.056801 0.069793 0.082291
v 0.053927 0.046152 0.078127
v 0.012053 0.069793 0.099262
v 0.011443 0.046152 0.094239
v 0.044490 0.013408 0.064455
v 0.049652 0.009037 0.056046
v 0.040771 0.006180 0.059068
v -0.006642 0.343018 0.027245
v -0.003773 0.356987 0.030554
v 0.000000 0.343034 0.028114
v -0.003155 0.324855 0.026146
v -0.012865 0.342973 0.024726
v -0.010916 0.356925 0.028546
v -0.009282 0.324845 0.024599
v -0.018335 0.342918 0.020771
v -0.017246 0.356750 0.024829
v -0.014869 0.324832 0.021611
v -0.022742 0.342875 0.015684
v -0.022590 0.356500 0.019767
v -0.019593 0.324824 0.017379
v -0.025831 0.342841 0.009774
v -0.026645 0.356229 0.013748
v -0.023177 0.324823 0.012167
v -0.027421 0.342818 0.003319
v -0.029176 0.355989 0.007054
v -0.025415 0.324823 0.006265
v -0.027421 0.342817 -0.003327
v -0.030037 0.355884 -0.000031
v -0.026176 0.324823 0.000000
v -0.025831 0.342840 -0.009780
v -0.029176 0.355979 -0.007117
v -0.025415 0.324823 -0.006264
v -0.022742 0.342883 -0.015672
v -0.026645 0.356242 -0.013800
v -0.023177 0.324823 -0.012164
v -0.018335 0.342929 -0.020683
v -0.022590 0.356646 -0.019851
v -0.019593 0.324823 -0.017357
v -0.012865 0.342918 -0.024501
v -0.017246 0.356816 -0.024911
v -0.014869 0.324823 -0.021542
v -0.006642 0.342876 -0.026905
v -0.010919 0.356548 -0.028604
v -0.009282 0.324823 -0.024474
v 0.000000 0.342854 -0.027727
v -0.003775 0.356248 -0.030618
v -0.003155 0.324823 -0.025984
v 0.006642 0.342876 -0.026905
v 0.003775 0.356248 -0.030618
v 0.003155 0.324823 -0.025984
v 0.012865 0.342918 -0.024501
v 0.010919 0.356548 -0.028604
v 0.009282 0.324823 -0.024474
v 0.018335 0.342929 -0.020683
v 0.017246 0.356816 -0.024911
v 0.014869 0.324823 -0.021542
v 0.022742 0.342883 -0.015672
v 0.022590 0.356646 -0.019851
v 0.019593 0.324823 -0.017357
v 0.025831 0.342840 -0.009780
v 0.026645 0.356242 -0.013800
v 0.023177 0.324823 -0.012164
v 0.027421 0.342817 -0.003327
v 0.029176 0.355979 -0.007117
v 0.025415 0.324823 -0.006264
v 0.027421 0.342818 0.003319
v 0.030037 0.355884 -0.000031
v 0.026176 0.324823 0.000000
v 0.025831 0.342841 0.009774
v 0.029176 0.355989 0.007054
v 0.025415 0.324823 0.006265
v 0.022742 0.342875 0.015684
v 0.026645 0.356229 0.013748
v 0.023177 0.324823 0.012167
v 0.018335 0.342918 0.020771
v 0.022590 0.356500 0.019767
v 0.019593 0.324824 0.017379
v 0.012865 0.342973 0.024726
v 0.017246 0.356750 0.024829
v 0.014869 0.324832 0.021611
v 0.006642 0.343018 0.027245
v 0.010916 0.356925 0.028546
v 0.009282 0.324845 0.024599
v 0.003773 0.356987 0.030554
v 0.003155 0.324855 0.026146
v 0.058623 0.013408 0.051935
v 0.053722 0.006180 0.047594
v -0.014894 0.192062 0.063142
v 0.000000 0.192062 0.065032
v -0.008246 0.184145 0.070871
v -0.029419 0.192062 0.057583
v -0.024581 0.184145 0.066752
v -0.042321 0.192062 0.048677
v -0.032684 0.199885 0.048287
v -0.039804 0.184145 0.058754
v -0.052717 0.192062 0.036943
v -0.052687 0.184145 0.047341
v -0.060003 0.192062 0.023061
v -0.051306 0.199885 0.027267
v -0.062463 0.184145 0.033177
v -0.063755 0.192062 0.007839
v -0.068566 0.184145 0.017085
v -0.063755 0.192062 -0.007838
v -0.070641 0.184145 0.000000
v -0.060003 0.192062 -0.023060
v -0.068566 0.184145 -0.017085
v -0.052717 0.192062 -0.036942
v -0.062463 0.184145 -0.033177
v -0.042321 0.192062 -0.048677
v -0.043271 0.199885 -0.038907
v -0.052687 0.184145 -0.047341
v -0.029419 0.192062 -0.057583
v -0.032684 0.199885 -0.048287
v -0.039804 0.184145 -0.058753
v -0.014894 0.192062 -0.063142
v -0.020173 0.199885 -0.054860
v -0.024581 0.184145 -0.066752
v 0.000000 0.192062 -0.065032
v -0.008246 0.184145 -0.070870
v 0.014894 0.192062 -0.063142
v 0.006763 0.199885 -0.058245
v 0.008246 0.184145 -0.070870
v 0.029419 0.192062 -0.057583
v 0.024581 0.184145 -0.066752
v 0.042321 0.192062 -0.048677
v 0.039804 0.184145 -0.058753
v 0.052717 0.192062 -0.036942
v 0.052687 0.184145 -0.047341
v 0.060003 0.192062 -0.023060
v 0.062463 0.184145 -0.033177
v 0.063755 0.192062 -0.007838
v 0.056322 0.199885 -0.014041
v 0.068566 0.184145 -0.017085
v 0.063755 0.192062 0.007839
v 0.058027 0.199885 0.000000
v 0.070641 0.184145 0.000000
v 0.060003 0.192062 0.023061
v 0.056322 0.199885 0.014042
v 0.068566 0.184145 0.017085
v 0.052717 0.192062 0.036943
v 0.062463 0.184145 0.033177
v 0.042321 0.192062 0.048677
v 0.043271 0.199885 0.038908
v 0.052687 0.184145 0.047341
v 0.029419 0.192062 0.057583
v 0.039804 0.184145 0.058754
v -0.012273 0.092268 0.101075
v 0.000000 0.081036 0.101281
v -0.024238 0.081036 0.098338
v 0.012273 0.092268 0.101075
v 0.024238 0.081036 0.098338
v -0.036105 0.092268 0.095201
v -0.047068 0.081036 0.089680
v 0.000000 0.301652 0.025994
v 0.006216 0.301652 0.025237
v 0.003225 0.279778 0.026558
v -0.057839 0.092268 0.083794
v -0.067162 0.081036 0.075810
v -0.033691 0.142043 0.088835
v -0.023597 0.129640 0.095735
v -0.035724 0.117099 0.094196
v -0.045822 0.129640 0.087306
v -0.076211 0.092268 0.067518
v -0.083352 0.081036 0.057534
v -0.053971 0.142043 0.078191
v -0.057228 0.117099 0.082910
v -0.065384 0.129640 0.073803
v -0.090155 0.092268 0.047317
v -0.094699 0.081036 0.035915
v -0.071115 0.142043 0.063003
v -0.075407 0.117099 0.066805
v -0.081146 0.129640 0.056012
v -0.098859 0.092268 0.024367
v -0.100542 0.081036 0.012208
v -0.084126 0.142043 0.044153
v -0.089203 0.117099 0.046818
v -0.092193 0.129640 0.034964
v -0.101817 0.092268 0.000000
v -0.100542 0.081036 -0.012208
v -0.092248 0.142043 0.022737
v -0.097815 0.117099 0.024110
v -0.097881 0.129640 0.011885
v -0.098859 0.092268 -0.024366
v -0.094699 0.081036 -0.035914
v -0.095009 0.142043 0.000000
v -0.100743 0.117099 0.000000
v -0.097881 0.129640 -0.011885
v -0.090155 0.092268 -0.047317
v -0.083352 0.081036 -0.057534
v -0.092248 0.142043 -0.022737
v -0.097815 0.117099 -0.024109
v -0.092193 0.129640 -0.034964
v -0.076211 0.092268 -0.067517
v -0.067162 0.081036 -0.075809
v -0.084126 0.142043 -0.044153
v -0.089203 0.117099 -0.046817
v -0.081146 0.129640 -0.056011
v -0.057839 0.092268 -0.083794
v -0.047068 0.081036 -0.089679
v -0.071115 0.142043 -0.063002
v -0.075407 0.117100 -0.066805
v -0.065384 0.129640 -0.073803
v -0.036105 0.092268 -0.095201
v -0.024238 0.081036 -0.098337
v -0.053971 0.142043 -0.078191
v -0.057228 0.117099 -0.082909
v -0.045822 0.129640 -0.087306
v -0.012273 0.092268 -0.101075
v 0.000000 0.081036 -0.101281
v -0.033691 0.142043 -0.088835
v -0.035724 0.117100 -0.094196
v -0.023597 0.129640 -0.095735
v 0.012273 0.092268 -0.101075
v 0.024238 0.081036 -0.098337
v -0.011452 0.142043 -0.094316
v -0.012143 0.117100 -0.100008
v 0.000000 0.129640 -0.098600
v 0.036105 0.092268 -0.095201
v 0.047068 0.081036 -0.089679
v 0.011452 0.142043 -0.094316
v 0.012143 0.117100 -0.100008
v 0.023597 0.129640 -0.095735
v 0.057839 0.092268 -0.083794
v 0.067162 0.081036 -0.075809
v 0.033691 0.142043 -0.088835
v 0.035724 0.117100 -0.094196
v 0.045822 0.129640 -0.087306
v 0.076211 0.092268 -0.067517
v 0.083352 0.081036 -0.057534
v 0.053971 0.142043 -0.078191
v 0.057228 0.117100 -0.082909
v 0.065384 0.129640 -0.073803
v 0.090155 0.092268 -0.047317
v 0.094699 0.081036 -0.035914
v 0.071115 0.142043 -0.063002
v 0.075407 0.117099 -0.066805
v 0.081146 0.129640 -0.056011
v 0.098859 0.092268 -0.024366
v 0.100542 0.081036 -0.012208
v 0.084126 0.142043 -0.044153
v 0.089203 0.117099 -0.046817
v 0.092193 0.129640 -0.034964
v 0.101817 0.092268 0.000000
v 0.100542 0.081036 0.012208
v 0.092248 0.142043 -0.022737
v 0.097815 0.117099 -0.024109
v 0.097881 0.129640 -0.011885
v 0.098859 0.092268 0.024367
v 0.094699 0.081036 0.035915
v 0.095009 0.142043 0.000000
v 0.100743 0.117099 0.000000
v 0.097881 0.129640 0.011885
v 0.090155 0.092268 0.047317
v 0.083352 0.081036 0.057534
v 0.092248 0.142043 0.022737
v 0.097815 0.117099 0.024110
v 0.092193 0.129640 0.034964
v 0.076211 0.092268 0.067518
v 0.067162 0.081036 0.075810
v 0.084126 0.142043 0.044153
v 0.089203 0.117099 0.046818
v 0.081146 0.129640 0.056012
v 0.057839 0.092268 0.083794
v 0.047068 0.081036 0.089680
v 0.071115 0.142043 0.063003
v 0.075407 0.117099 0.066805
v 0.065384 0.129640 0.073804
v 0.036105 0.092268 0.095201
v 0.053971 0.142043 0.078191
v 0.057228 0.117099 0.082910
v 0.045822 0.129640 0.087306
v -0.011452 0.142043 0.094316
v 0.000000 0.129640 0.098600
v -0.012143 0.117099 0.100009
v 0.033691 0.142043 0.088835
v 0.035724 0.117099 0.094196
v 0.023597 0.129640 0.095735
v 0.000000 0.154281 0.089889
v 0.010035 0.165653 0.083269
v 0.021495 0.154281 0.087277
v 0.011452 0.142043 0.094316
v 0.006763 0.199885 0.058246
v 0.014894 0.192062 0.063142
v 0.008246 0.184145 0.070871
v -0.006745 0.265245 0.027367
v -0.003225 0.279778 0.026558
v 0.000000 0.265245 0.028186
v -0.003639 0.255504 0.029973
v -0.026269 0.217289 0.038234
v 0.023689 0.279778 0.012433
v 0.026354 0.265245 0.009995
v 0.026734 0.255503 0.014032
v 0.034652 0.217289 0.030807
v 0.025976 0.279778 0.006403
v 0.029315 0.255503 0.007226
v 0.025976 0.279778 -0.006402
v 0.026354 0.265245 -0.009995
v 0.029315 0.255504 -0.007225
v 0.051674 0.208190 0.006320
v 0.046336 0.217289 0.000000
v 0.051674 0.208190 -0.006319
v 0.044986 0.217289 0.011118
v 0.044986 0.217289 -0.011118
v 0.015198 0.279778 -0.022017
v 0.017151 0.255503 -0.024848
v 0.023689 0.279778 -0.012433
v 0.026734 0.255504 -0.014031
v -0.003225 0.279778 -0.026558
v -0.006745 0.265245 -0.027367
v -0.003639 0.255504 -0.029972
v 0.005541 0.217289 -0.046119
v -0.009487 0.279778 -0.025014
v -0.010707 0.255504 -0.028230
v -0.020025 0.279778 -0.017740
v -0.023197 0.265245 -0.016011
v -0.022600 0.255503 -0.020021
v -0.023993 0.208190 -0.046422
v -0.026269 0.217289 -0.038234
v -0.034395 0.208190 -0.039242
v -0.016354 0.217289 -0.043438
v -0.034652 0.217289 -0.030807
v -0.026753 0.279778 0.000000
v -0.030193 0.255504 0.000000
v -0.023689 0.279778 -0.012432
v -0.026734 0.255504 -0.014031
v -0.020025 0.279778 0.017741
v -0.018691 0.265245 0.021098
v -0.022600 0.255503 0.020022
v -0.041014 0.217289 0.021590
v -0.015198 0.279778 0.022018
v -0.013099 0.265245 0.024958
v -0.017151 0.255504 0.024848
v -0.009487 0.279778 0.025015
v -0.010707 0.255503 0.028231
v 0.005541 0.217289 0.046119
v 0.018200 0.175517 0.075418
v 0.000000 0.175517 0.077675
v 0.029591 0.165653 0.078430
v 0.041754 0.154281 0.079592
v 0.024581 0.184145 0.066752
v 0.035631 0.175517 0.068778
v 0.047493 0.165653 0.069033
v 0.059587 0.154281 0.067283
v 0.051041 0.175517 0.058141
v 0.062628 0.165653 0.055623
v 0.073957 0.154281 0.051063
v 0.063459 0.175517 0.044125
v 0.074115 0.165653 0.038982
v 0.084027 0.154281 0.031875
v 0.072161 0.175517 0.027544
v 0.081286 0.165653 0.020074
v 0.089213 0.154281 0.010835
v 0.076642 0.175517 0.009363
v 0.083724 0.165653 0.000000
v 0.089213 0.154281 -0.010835
v 0.076642 0.175517 -0.009362
v 0.081286 0.165653 -0.020074
v 0.084027 0.154281 -0.031875
v 0.072161 0.175517 -0.027544
v 0.074116 0.165653 -0.038981
v 0.073957 0.154281 -0.051062
v 0.063459 0.175517 -0.044124
v 0.062628 0.165653 -0.055623
v 0.059587 0.154281 -0.067282
v 0.051041 0.175517 -0.058140
v 0.047493 0.165653 -0.069032
v 0.041754 0.154281 -0.079592
v 0.035631 0.175517 -0.068778
v 0.029591 0.165653 -0.078429
v 0.021495 0.154281 -0.087276
v 0.018200 0.175517 -0.075418
v 0.010035 0.165653 -0.083269
v 0.000000 0.154281 -0.089888
v 0.000000 0.175517 -0.077675
v -0.010035 0.165653 -0.083269
v -0.021495 0.154281 -0.087276
v -0.018200 0.175517 -0.075418
v -0.029591 0.165653 -0.078429
v -0.041754 0.154281 -0.079592
v -0.035631 0.175517 -0.068778
v -0.047493 0.165653 -0.069032
v -0.059587 0.154281 -0.067282
v -0.051041 0.175517 -0.058140
v -0.062628 0.165653 -0.055623
v -0.073957 0.154281 -0.051062
v -0.063459 0.175517 -0.044124
v -0.074116 0.165653 -0.038981
v -0.084027 0.154281 -0.031875
v -0.072161 0.175517 -0.027544
v -0.081286 0.165653 -0.020074
v -0.089213 0.154281 -0.010835
v -0.076642 0.175517 -0.009362
v -0.083724 0.165653 0.000000
v -0.089213 0.154281 0.010835
v -0.076642 0.175517 0.009363
v -0.081286 0.165653 0.020074
v -0.084027 0.154281 0.031875
v -0.072161 0.175517 0.027544
v -0.074115 0.165653 0.038982
v -0.073957 0.154281 0.051063
v -0.063459 0.175517 0.044125
v -0.062628 0.165653 0.055623
v -0.059587 0.154281 0.067283
v -0.051041 0.175517 0.058141
v -0.047493 0.165653 0.069033
v -0.041754 0.154281 0.079592
v -0.035631 0.175517 0.068778
v -0.029591 0.165653 0.078430
v -0.021495 0.154281 0.087277
v -0.018200 0.175517 0.075418
v -0.010035 0.165653 0.083269
v 0.003639 0.255504 0.029973
v 0.007854 0.246565 0.031865
v 0.004380 0.237225 0.036076
v 0.000000 0.246565 0.032819
v 0.009794 0.227224 0.039787
v 0.000000 0.227224 0.040978
v 0.015252 0.246565 0.029060
v 0.012887 0.237225 0.033980
v 0.019028 0.227224 0.036284
v 0.021763 0.246565 0.024565
v 0.020644 0.237225 0.029908
v 0.027158 0.227224 0.030673
v 0.027009 0.246565 0.018643
v 0.027202 0.237225 0.024099
v 0.033709 0.227224 0.023278
v 0.030686 0.246565 0.011638
v 0.032178 0.237225 0.016889
v 0.038300 0.227224 0.014531
v 0.032579 0.246565 0.003956
v 0.035285 0.237225 0.008697
v 0.040664 0.227224 0.004940
v 0.032579 0.246565 -0.003956
v 0.036341 0.237225 0.000000
v 0.040664 0.227224 -0.004939
v 0.030686 0.246565 -0.011637
v 0.035285 0.237225 -0.008697
v 0.038300 0.227224 -0.014531
v 0.027009 0.246565 -0.018643
v 0.032178 0.237225 -0.016888
v 0.033709 0.227224 -0.023278
v 0.021763 0.246565 -0.024565
v 0.027202 0.237225 -0.024098
v 0.027158 0.227224 -0.030672
v 0.015252 0.246565 -0.029059
v 0.020644 0.237225 -0.029908
v 0.019028 0.227224 -0.036284
v 0.007854 0.246565 -0.031865
v 0.012887 0.237225 -0.033979
v 0.009794 0.227224 -0.039787
v 0.000000 0.246565 -0.032818
v 0.004380 0.237225 -0.036076
v 0.000000 0.227224 -0.040977
v -0.007854 0.246565 -0.031865
v -0.004380 0.237225 -0.036076
v -0.009794 0.227224 -0.039787
v -0.015252 0.246565 -0.029059
v -0.012887 0.237225 -0.033979
v -0.019028 0.227224 -0.036284
v -0.021763 0.246565 -0.024565
v -0.020644 0.237225 -0.029908
v -0.027158 0.227224 -0.030672
v -0.027009 0.246565 -0.018643
v -0.027202 0.237225 -0.024098
v -0.033709 0.227224 -0.023278
v -0.030686 0.246565 -0.011637
v -0.032178 0.237225 -0.016888
v -0.038300 0.227224 -0.014531
v -0.032579 0.246565 -0.003956
v -0.035285 0.237225 -0.008697
v -0.040664 0.227224 -0.004939
v -0.032579 0.246565 0.003956
v -0.036341 0.237225 0.000000
v -0.040664 0.227224 0.004940
v -0.030686 0.246565 0.011638
v -0.035285 0.237225 0.008697
v -0.038300 0.227224 0.014531
v -0.027009 0.246565 0.018643
v -0.032178 0.237225 0.016889
v -0.033709 0.227224 0.023278
v -0.021763 0.246565 0.024565
v -0.027202 0.237225 0.024099
v -0.027158 0.227224 0.030673
v -0.015252 0.246565 0.029060
v -0.020644 0.237225 0.029908
v -0.019028 0.227224 0.036284
v -0.007854 0.246565 0.031865
v -0.012887 0.237225 0.033980
v -0.009794 0.227224 0.039787
v -0.004380 0.237225 0.036076
v 0.000000 0.036284 0.091475
v -0.010533 0.027707 0.086746
v -0.021891 0.036284 0.088817
v 0.000000 0.019857 0.082721
v -0.019797 0.019857 0.080318
v -0.030986 0.027707 0.081705
v -0.042510 0.036284 0.080997
v -0.038442 0.019857 0.073246
v -0.049639 0.027707 0.071915
v -0.060659 0.036284 0.068470
v -0.054854 0.019857 0.061918
v -0.065407 0.027707 0.057946
v -0.075282 0.036284 0.051964
v -0.068078 0.019857 0.046991
v -0.077374 0.027707 0.040609
v -0.085530 0.036284 0.032438
v -0.077346 0.019857 0.029334
v -0.084844 0.027707 0.020912
v -0.090808 0.036284 0.011026
v -0.082118 0.019857 0.009971
v -0.087383 0.027707 0.000000
v -0.090808 0.036284 -0.011026
v -0.082118 0.019857 -0.009971
v -0.084844 0.027707 -0.020912
v -0.085530 0.036284 -0.032437
v -0.077346 0.019857 -0.029333
v -0.077374 0.027707 -0.040609
v -0.075282 0.036284 -0.051963
v -0.068078 0.019857 -0.046991
v -0.065407 0.027707 -0.057945
v -0.060659 0.036284 -0.068470
v -0.054854 0.019857 -0.061917
v -0.049639 0.027707 -0.071914
v -0.042510 0.036284 -0.080997
v -0.038442 0.019857 -0.073246
v -0.030986 0.027707 -0.081704
v -0.021891 0.036284 -0.088816
v -0.019796 0.019857 -0.080317
v -0.010533 0.027707 -0.086746
v 0.000000 0.036284 -0.091475
v 0.000000 0.019857 -0.082721
v 0.010533 0.027707 -0.086746
v 0.021891 0.036284 -0.088816
v 0.019796 0.019857 -0.080317
v 0.030986 0.027707 -0.081704
v 0.042510 0.036284 -0.080997
v 0.038442 0.019857 -0.073246
v 0.049639 0.027707 -0.071914
v 0.060659 0.036284 -0.068470
v 0.054854 0.019857 -0.061917
v 0.065407 0.027707 -0.057945
v 0.075282 0.036284 -0.051963
v 0.068078 0.019857 -0.046991
v 0.077374 0.027707 -0.040609
v 0.085530 0.036284 -0.032437
v 0.077346 0.019857 -0.029333
v 0.084844 0.027707 -0.020912
v 0.090808 0.036284 -0.011026
v 0.082118 0.019857 -0.009971
v 0.087383 0.027707 0.000000
v 0.090808 0.036284 0.011026
v 0.082118 0.019857 0.009971
v 0.084844 0.027707 0.020912
v 0.085530 0.036284 0.032438
v 0.077346 0.019857 0.029334
v 0.077374 0.027707 0.040609
v 0.075282 0.036284 0.051964
v 0.068078 0.019857 0.046991
v 0.065407 0.027707 0.057946
v 0.060659 0.036284 0.068470
v 0.054854 0.019857 0.061918
v 0.049639 0.027707 0.071915
v 0.042510 0.036284 0.080997
v 0.038442 0.019857 0.073246
v 0.030986 0.027707 0.081705
v 0.021891 0.036284 0.088817
v 0.019797 0.019857 0.080318
v 0.010533 0.027707 0.086746
v 0.009440 0.013408 0.077748
v 0.061951 0.002832 0.015270
v 0.058269 0.002338 0.007075
v 0.052490 0.002382 0.012938
v 0.054883 0.002339 0.020814
v -0.024342 0.104434 0.098760
v 0.000000 0.104434 0.101715
v -0.047269 0.104434 0.090064
v -0.067450 0.104434 0.076135
v -0.083710 0.104434 0.057781
v -0.095105 0.104434 0.036069
v -0.100973 0.104434 0.012261
v -0.100973 0.104434 -0.012260
v -0.095105 0.104434 -0.036068
v -0.083710 0.104434 -0.057780
v -0.067450 0.104434 -0.076134
v -0.047269 0.104434 -0.090064
v -0.024342 0.104434 -0.098759
v 0.000000 0.104434 -0.101715
v 0.024342 0.104434 -0.098759
v 0.047269 0.104434 -0.090064
v 0.067450 0.104434 -0.076134
v 0.083710 0.104434 -0.057780
v 0.095105 0.104434 -0.036068
v 0.100973 0.104434 -0.012260
v 0.100973 0.104434 0.012261
v 0.095105 0.104434 0.036069
v 0.083710 0.104434 0.057781
v 0.067450 0.104434 0.076135
v 0.047269 0.104434 0.090064
v 0.024342 0.104434 0.098760
v 0.012143 0.117099 0.100009
v 0.012070 0.301650 0.023010
v 0.017223 0.301649 0.019447
v 0.021375 0.301648 0.014756
v 0.024285 0.301648 0.009211
v 0.025784 0.301648 0.003131
v 0.025784 0.301648 -0.003130
v 0.024285 0.301648 -0.009210
v 0.021375 0.301648 -0.014754
v 0.017223 0.301648 -0.019441
v 0.012070 0.301648 -0.022998
v 0.006216 0.301648 -0.025218
v 0.000000 0.301648 -0.025973
v -0.006216 0.301648 -0.025218
v -0.012070 0.301648 -0.022998
v -0.017223 0.301648 -0.019441
v -0.021375 0.301648 -0.014754
v -0.024285 0.301648 -0.009210
v -0.025784 0.301648 -0.003130
v -0.025784 0.301648 0.003131
v -0.024285 0.301648 0.009211
v -0.021375 0.301648 0.014756
v -0.017223 0.301649 0.019447
v -0.012070 0.301650 0.023010
v -0.006216 0.301652 0.025237
v 0.008651 0.006180 0.071249
v 0.016319 0.004127 0.066209
v 0.007691 0.002832 0.063340
v 0.000000 0.004127 0.068191
v 0.031690 0.004127 0.060380
v 0.022626 0.002832 0.059659
v 0.045219 0.004127 0.051042
v 0.036245 0.002832 0.052511
v 0.056120 0.004127 0.038737
v 0.047759 0.002832 0.042311
v 0.063759 0.004127 0.024181
v 0.056496 0.002832 0.029652
v 0.067694 0.004127 0.008220
v 0.067694 0.004127 -0.008219
v 0.063805 0.002832 0.000000
v 0.063759 0.004127 -0.024180
v 0.061951 0.002832 -0.015269
v 0.056120 0.004127 -0.038736
v 0.056496 0.002832 -0.029651
v 0.045219 0.004127 -0.051041
v 0.047759 0.002832 -0.042310
v 0.031690 0.004127 -0.060380
v 0.036245 0.002832 -0.052510
v 0.016319 0.004127 -0.066209
v 0.022626 0.002832 -0.059658
v 0.000000 0.004127 -0.068190
v 0.007691 0.002832 -0.063339
v -0.016319 0.004127 -0.066209
v -0.007691 0.002832 -0.063339
v -0.031690 0.004127 -0.060380
v -0.022626 0.002832 -0.059658
v -0.045219 0.004127 -0.051041
v -0.036245 0.002832 -0.052510
v -0.056120 0.004127 -0.038736
v -0.047759 0.002832 -0.042310
v -0.063759 0.004127 -0.024181
v -0.056496 0.002832 -0.029651
v -0.067694 0.004127 -0.008219
v -0.061951 0.002832 -0.015269
v -0.067694 0.004127 0.008220
v -0.063805 0.002832 0.000000
v -0.063759 0.004127 0.024181
v -0.061951 0.002832 0.015270
v -0.056120 0.004127 0.038737
v -0.056496 0.002832 0.029652
v -0.045219 0.004127 0.051042
v -0.047759 0.002832 0.042311
v -0.031690 0.004127 0.060380
v -0.036245 0.002832 0.052511
v -0.016319 0.004127 0.066209
v -0.022626 0.002832 0.059659
v -0.007691 0.002832 0.063340
v 0.027278 0.002338 -0.051973
v 0.030710 0.002382 -0.044491
v 0.038923 0.002338 -0.043935
v -0.038923 0.002338 -0.043935
v -0.030710 0.002382 -0.044491
v -0.027278 0.002338 -0.051973
v -0.054883 0.002339 0.020814
v -0.052490 0.002382 0.012938
v -0.058269 0.002338 0.007075
v 0.048307 0.002339 0.033344
v 0.040465 0.002382 0.035849
v 0.038923 0.002339 0.043935
v 0.048307 0.002338 -0.033343
v 0.047869 0.002382 -0.025123
v 0.054883 0.002338 -0.020814
v -0.014047 0.002338 -0.056991
v -0.006516 0.002382 -0.053666
v 0.000000 0.002338 -0.058697
v -0.058269 0.002338 -0.007075
v -0.052490 0.002382 -0.012937
v -0.054883 0.002338 -0.020814
v -0.027278 0.002338 0.051974
v -0.030710 0.002382 0.044492
v -0.038923 0.002339 0.043935
v 0.027278 0.002338 0.051974
v 0.019170 0.002382 0.050548
v 0.014047 0.002338 0.056991
v 0.058269 0.002338 -0.007075
v 0.054061 0.002382 0.000000
v 0.014047 0.002338 -0.056991
v 0.019170 0.002382 -0.050548
v -0.048307 0.002338 -0.033343
v -0.040465 0.002382 -0.035849
v -0.048307 0.002339 0.033344
v -0.047869 0.002382 0.025124
v 0.047869 0.002382 0.025124
v 0.040465 0.002382 -0.035849
v -0.019170 0.002382 -0.050548
v -0.054061 0.002382 0.000000
v -0.014047 0.002338 0.056991
v -0.019170 0.002382 0.050548
v 0.030710 0.002382 0.044491
v 0.052490 0.002382 -0.012937
v 0.006516 0.002382 -0.053666
v -0.047869 0.002382 -0.025123
v -0.040465 0.002382 0.035849
v 0.000000 0.002338 0.058697
v -0.006516 0.002382 0.053667
v 0.006516 0.002382 0.053667
v 0.004641 0.005016 0.038225
v 0.013654 0.005016 0.036003
v 0.021873 0.005016 0.031689
v 0.028822 0.005016 0.025534
v 0.034095 0.005016 0.017894
v 0.037386 0.005016 0.009215
v 0.038505 0.005016 0.000000
v 0.037386 0.005016 -0.009215
v 0.034095 0.005016 -0.017894
v 0.028822 0.005016 -0.025533
v 0.021873 0.005016 -0.031689
v 0.013654 0.005016 -0.036003
v 0.004641 0.005016 -0.038224
v -0.004641 0.005016 -0.038224
v -0.013654 0.005016 -0.036003
v -0.021873 0.005016 -0.031689
v -0.028822 0.005016 -0.025533
v -0.034095 0.005016 -0.017894
v -0.037386 0.005016 -0.009215
v -0.037386 0.005016 0.009215
v -0.034095 0.005016 0.017894
v -0.028822 0.005016 0.025534
v -0.021873 0.005016 0.031689
v -0.013654 0.005016 0.036003
v -0.004641 0.005016 0.038225
v -0.041709 0.004260 -0.010280
v -0.038322 0.004645 -0.014533
v 0.015233 0.004260 -0.040165
v 0.009808 0.004645 -0.039794
v 0.019047 0.004645 -0.036290
v 0.024403 0.004260 -0.035353
v 0.027178 0.004645 -0.030678
v 0.032154 0.004260 0.028486
v 0.033730 0.004645 0.023283
v 0.027178 0.004645 0.030678
v 0.024403 0.004260 0.035353
v 0.019047 0.004645 0.036291
v -0.005178 0.004260 0.042644
v 0.000000 0.004645 0.040985
v -0.009808 0.004645 0.039794
v -0.015233 0.004260 0.040166
v -0.019047 0.004645 0.036291
v -0.038037 0.004260 -0.019963
v -0.033730 0.004645 -0.023282
v -0.032154 0.004260 -0.028486
v -0.027178 0.004645 -0.030678
v 0.032154 0.004260 -0.028486
v 0.033730 0.004645 -0.023282
v 0.038037 0.004260 -0.019963
v 0.038322 0.004645 -0.014533
v 0.015233 0.004260 0.040166
v 0.009808 0.004645 0.039794
v -0.024403 0.004260 0.035353
v -0.027178 0.004645 0.030678
v -0.032154 0.004260 0.028486
v -0.033730 0.004645 0.023283
v -0.024403 0.004260 -0.035353
v -0.019047 0.004645 -0.036290
v -0.015233 0.004260 -0.040165
v -0.009808 0.004645 -0.039794
v 0.041709 0.004260 -0.010280
v 0.040686 0.004645 -0.004940
v 0.042957 0.004260 0.000000
v 0.040686 0.004645 0.004940
v 0.005178 0.004260 0.042644
v -0.038037 0.004260 0.019963
v -0.038322 0.004645 0.014534
v -0.041709 0.004260 0.010281
v -0.005178 0.004260 -0.042644
v 0.000000 0.004645 -0.040985
v 0.005178 0.004260 -0.042644
v 0.041709 0.004260 0.010281
v 0.038322 0.004645 0.014534
v 0.038037 0.004260 0.019963
v -0.008663 0.368923 0.032793
v -0.005122 0.379533 0.038341
v 0.000000 0.368936 0.034080
v -0.016066 0.368685 0.029385
v -0.014321 0.379408 0.035385
v -0.022407 0.368114 0.024359
v -0.021960 0.378754 0.030397
v -0.027535 0.367316 0.018215
v -0.028505 0.377454 0.024088
v -0.031129 0.366496 0.011286
v -0.033552 0.375823 0.016874
v -0.032982 0.365918 0.003773
v -0.036698 0.374454 0.008662
v -0.032985 0.365905 -0.003933
v -0.037793 0.373893 -0.000071
v -0.031118 0.366472 -0.011408
v -0.036714 0.374374 -0.008598
v -0.027454 0.367547 -0.018410
v -0.033222 0.376004 -0.016667
v -0.022267 0.368681 -0.025079
v -0.027559 0.378420 -0.024822
v -0.015957 0.368406 -0.030516
v -0.020870 0.379291 -0.032532
v -0.008636 0.367329 -0.034425
v -0.013740 0.377635 -0.038720
v 0.000000 0.366776 -0.035855
v -0.005017 0.375725 -0.042445
v 0.008636 0.367329 -0.034425
v 0.005017 0.375724 -0.042445
v 0.015957 0.368406 -0.030516
v 0.013740 0.377635 -0.038720
v 0.022267 0.368681 -0.025079
v 0.020870 0.379291 -0.032532
v 0.027454 0.367547 -0.018410
v 0.027559 0.378420 -0.024822
v 0.031118 0.366472 -0.011408
v 0.033222 0.376004 -0.016667
v 0.032985 0.365905 -0.003933
v 0.036714 0.374374 -0.008598
v 0.032982 0.365918 0.003773
v 0.037793 0.373893 -0.000071
v 0.031129 0.366496 0.011286
v 0.036698 0.374454 0.008662
v 0.027535 0.367316 0.018215
v 0.033552 0.375823 0.016874
v 0.022407 0.368114 0.024359
v 0.028505 0.377454 0.024088
v 0.016066 0.368685 0.029385
v 0.021960 0.378754 0.030397
v 0.008663 0.368923 0.032793
v 0.014321 0.379408 0.035385
v 0.005122 0.379533 0.038341
v 0.005371 0.398913 0.046407
v 0.010986 0.402162 0.047955
v 0.005648 0.402606 0.051092
v 0.000000 0.402156 0.050151
v 0.015654 0.398747 0.042565
v 0.021415 0.401642 0.042359
v 0.016684 0.402416 0.046880
v 0.025022 0.397856 0.036385
v 0.031028 0.400100 0.035172
v 0.026956 0.401458 0.040150
v 0.033641 0.395718 0.029143
v 0.039716 0.397068 0.027175
v 0.036508 0.399018 0.032344
v 0.040518 0.392852 0.021109
v 0.045674 0.394156 0.017805
v 0.044210 0.395651 0.023638
v 0.044660 0.390791 0.011007
v 0.048769 0.392660 0.005926
v 0.048876 0.393268 0.012427
v 0.046139 0.390019 0.000302
v 0.048860 0.392413 -0.004727
v 0.050576 0.392422 0.000411
v 0.044691 0.390312 -0.009111
v 0.045040 0.393731 -0.014576
v 0.048926 0.392845 -0.010117
v 0.038604 0.392886 -0.018361
v 0.035143 0.397965 -0.025105
v 0.041830 0.396007 -0.020381
v 0.027909 0.396775 -0.029463
v 0.022611 0.401018 -0.038116
v 0.029459 0.400484 -0.032605
v 0.017647 0.397707 -0.041237
v 0.013699 0.399666 -0.049614
v 0.018141 0.401429 -0.045536
v 0.010604 0.395038 -0.050543
v 0.007411 0.395961 -0.057640
v 0.010976 0.398259 -0.055700
v 0.003859 0.392095 -0.055618
v 0.000000 0.393933 -0.060199
v 0.004068 0.394648 -0.061204
v -0.003859 0.392095 -0.055618
v -0.007411 0.395961 -0.057640
v -0.004068 0.394648 -0.061204
v -0.010604 0.395038 -0.050543
v -0.013699 0.399666 -0.049614
v -0.010976 0.398259 -0.055700
v -0.017647 0.397707 -0.041237
v -0.022611 0.401018 -0.038116
v -0.018141 0.401429 -0.045536
v -0.027909 0.396775 -0.029463
v -0.035143 0.397965 -0.025105
v -0.029459 0.400484 -0.032605
v -0.038604 0.392886 -0.018361
v -0.045040 0.393731 -0.014576
v -0.041830 0.396007 -0.020381
v -0.044691 0.390312 -0.009111
v -0.048860 0.392413 -0.004727
v -0.048926 0.392845 -0.010117
v -0.046139 0.390019 0.000302
v -0.048769 0.392660 0.005926
v -0.050576 0.392422 0.000411
v -0.044660 0.390791 0.011007
v -0.045674 0.394156 0.017805
v -0.048876 0.393268 0.012427
v -0.040518 0.392852 0.021109
v -0.039716 0.397068 0.027175
v -0.044210 0.395651 0.023638
v -0.033641 0.395718 0.029143
v -0.031028 0.400100 0.035172
v -0.036508 0.399018 0.032344
v -0.025022 0.397856 0.036385
v -0.021415 0.401642 0.042359
v -0.026956 0.401458 0.040150
v -0.015654 0.398747 0.042565
v -0.010986 0.402163 0.047955
v -0.016684 0.402416 0.046880
v -0.005371 0.398913 0.046407
v -0.005648 0.402606 0.051092
v -0.008267 0.010638 0.068087
v 0.000000 0.012982 0.071022
v -0.008920 0.016873 0.073463
v -0.016997 0.012982 0.068958
v -0.018835 0.196564 0.049663
v -0.011292 0.205093 0.045813
v -0.014702 0.214477 0.038766
v -0.021927 0.205093 0.041779
v -0.039757 0.196564 0.035221
v -0.031288 0.205093 0.035318
v -0.031033 0.214477 0.027493
v -0.038831 0.205093 0.026804
v -0.024110 0.254102 0.005943
v -0.021261 0.264244 0.008064
v -0.020631 0.279209 0.005086
v -0.022573 0.264244 0.002741
v -0.021987 0.254102 0.011540
v -0.018714 0.264244 0.012917
v -0.018814 0.279209 0.009876
v -0.024110 0.254102 -0.005942
v -0.022573 0.264244 -0.002741
v -0.020631 0.279209 -0.005085
v -0.021261 0.264244 -0.008063
v -0.051571 0.196564 0.012711
v -0.044117 0.205093 0.016732
v -0.040255 0.214477 0.009922
v -0.046839 0.205093 0.005688
v -0.051571 0.196564 -0.012711
v -0.046839 0.205093 -0.005687
v -0.040255 0.214477 -0.009922
v -0.044117 0.205093 -0.016731
v -0.053114 0.196564 0.000000
v -0.041460 0.214477 0.000000
v -0.047030 0.196564 -0.024683
v -0.036711 0.214477 -0.019267
v -0.038831 0.205093 -0.026803
v -0.014106 0.254102 -0.020435
v -0.015079 0.264244 -0.017020
v -0.012071 0.279209 -0.017487
v -0.010567 0.264244 -0.020134
v -0.006402 0.196564 -0.052727
v -0.011292 0.205093 -0.045812
v -0.004997 0.214477 -0.041157
v 0.000000 0.205093 -0.047183
v 0.008805 0.254102 -0.023217
v 0.005442 0.264244 -0.022078
v 0.007535 0.279209 -0.019867
v 0.010567 0.264244 -0.020134
v 0.002993 0.254102 -0.024650
v 0.000000 0.264244 -0.022738
v 0.002561 0.279209 -0.021093
v 0.018587 0.254102 -0.016466
v 0.015079 0.264244 -0.017020
v 0.015905 0.279209 -0.014090
v 0.018714 0.264244 -0.012917
v 0.018835 0.196564 -0.049662
v 0.011292 0.205093 -0.045812
v 0.014702 0.214477 -0.038765
v 0.021927 0.205093 -0.041779
v 0.039757 0.196564 -0.035221
v 0.031288 0.205093 -0.035317
v 0.031033 0.214477 -0.027493
v 0.038831 0.205093 -0.026803
v 0.030172 0.196564 -0.043712
v 0.023552 0.214477 -0.034120
v 0.047030 0.196564 -0.024683
v 0.036711 0.214477 -0.019267
v 0.044117 0.205093 -0.016731
v 0.024831 0.254102 0.000000
v 0.022573 0.264244 -0.002741
v 0.021249 0.279209 0.000000
v 0.022573 0.264244 0.002741
v 0.047030 0.196564 0.024684
v 0.044117 0.205093 0.016732
v 0.036711 0.214477 0.019268
v 0.038831 0.205093 0.026804
v 0.014106 0.254102 0.020436
v 0.015078 0.264244 0.017021
v 0.012069 0.279210 0.017489
v 0.010567 0.264245 0.020135
v 0.018587 0.254102 0.016466
v 0.018714 0.264244 0.012917
v 0.015904 0.279210 0.014092
v 0.008805 0.254102 0.023218
v 0.007533 0.279212 0.019869
v 0.005442 0.264245 0.022078
v 0.030172 0.196564 0.043712
v 0.031288 0.205093 0.035318
v 0.023552 0.214477 0.034121
v 0.021927 0.205093 0.041779
v 0.018835 0.196564 0.049663
v 0.014702 0.214477 0.038766
v 0.011292 0.205093 0.045813
v -0.006402 0.196564 0.052727
v 0.000000 0.205093 0.047184
v -0.004997 0.214477 0.041158
v 0.060731 0.010638 0.031874
v 0.066407 0.012982 0.025185
v 0.065526 0.016873 0.034391
v 0.058450 0.012982 0.040345
v 0.066594 0.010638 0.016414
v 0.070504 0.012982 0.008561
v 0.071852 0.016873 0.017710
v 0.068587 0.010638 0.000000
v 0.070504 0.012982 -0.008561
v 0.074002 0.016873 0.000000
v 0.066594 0.010638 -0.016414
v 0.066407 0.012982 -0.025185
v 0.071852 0.016873 -0.017710
v 0.060731 0.010638 -0.031874
v 0.058450 0.012982 -0.040345
v 0.065526 0.016873 -0.034390
v 0.051338 0.010638 -0.045481
v 0.047096 0.012982 -0.053160
v 0.055392 0.016873 -0.049072
v 0.038962 0.010639 -0.056446
v 0.033006 0.012982 -0.062887
v 0.042038 0.016874 -0.060903
v 0.024321 0.010639 -0.064130
v 0.016997 0.012982 -0.068958
v 0.026242 0.016874 -0.069193
v 0.008267 0.010638 -0.068087
v 0.000000 0.012982 -0.071022
v 0.008920 0.016874 -0.073463
v -0.008267 0.010638 -0.068087
v -0.016997 0.012982 -0.068958
v -0.008920 0.016874 -0.073463
v -0.024321 0.010639 -0.064130
v -0.033006 0.012982 -0.062887
v -0.026242 0.016874 -0.069193
v -0.038962 0.010639 -0.056446
v -0.047096 0.012982 -0.053160
v -0.042038 0.016874 -0.060903
v -0.051338 0.010638 -0.045481
v -0.058450 0.012982 -0.040345
v -0.055392 0.016873 -0.049072
v -0.060731 0.010638 -0.031874
v -0.066407 0.012982 -0.025185
v -0.065526 0.016873 -0.034390
v -0.066594 0.010638 -0.016414
v -0.070504 0.012982 -0.008561
v -0.071852 0.016873 -0.017710
v -0.068587 0.010638 0.000000
v -0.070504 0.012982 0.008561
v -0.074002 0.016873 0.000000
v -0.066594 0.010638 0.016414
v -0.066407 0.012982 0.025185
v -0.071852 0.016873 0.017710
v -0.060731 0.010638 0.031874
v -0.058450 0.012982 0.040345
v -0.065526 0.016873 0.034391
v -0.051338 0.010638 0.045482
v -0.047096 0.012982 0.053161
v -0.055392 0.016873 0.049073
v -0.038962 0.010638 0.056446
v -0.033006 0.012982 0.062887
v -0.042038 0.016873 0.060903
v -0.024321 0.010638 0.064130
v -0.026242 0.016873 0.069194
v -0.046096 0.009196 -0.005597
v -0.037743 0.010375 0.000000
v -0.046096 0.009196 0.005597
v -0.052807 0.008255 0.000000
v 0.024321 0.010638 0.064130
v 0.033006 0.012982 0.062887
v 0.026242 0.016873 0.069194
v 0.016997 0.012982 0.068958
v 0.031795 0.047848 0.083837
v 0.042954 0.058993 0.081842
v 0.033515 0.070618 0.088371
v 0.022120 0.058993 0.089744
v -0.010808 0.047848 0.089010
v 0.000000 0.058993 0.092429
v -0.011392 0.070618 0.093823
v -0.022120 0.058993 0.089744
v -0.031795 0.047848 0.083837
v -0.033515 0.070618 0.088371
v -0.042954 0.058993 0.081842
v -0.050935 0.047848 0.073792
v -0.053689 0.070618 0.077782
v -0.061292 0.058993 0.069184
v -0.067114 0.047848 0.059458
v -0.070743 0.070618 0.062673
v -0.076068 0.058993 0.052506
v -0.079393 0.047848 0.041669
v -0.083686 0.070618 0.043922
v -0.086423 0.058993 0.032776
v -0.087058 0.047848 0.021458
v -0.091766 0.070618 0.022619
v -0.091755 0.058993 0.011141
v -0.089664 0.047848 0.000000
v -0.094512 0.070618 0.000000
v -0.091755 0.058994 -0.011141
v -0.087058 0.047848 -0.021458
v -0.091766 0.070618 -0.022618
v -0.086423 0.058994 -0.032776
v -0.079393 0.047848 -0.041669
v -0.083686 0.070618 -0.043922
v -0.076068 0.058994 -0.052505
v -0.067114 0.047848 -0.059458
v -0.070743 0.070618 -0.062673
v -0.061292 0.058994 -0.069184
v -0.050935 0.047848 -0.073792
v -0.053689 0.070618 -0.077782
v -0.042954 0.058994 -0.081842
v -0.031795 0.047848 -0.083837
v -0.033515 0.070618 -0.088370
v -0.022120 0.058994 -0.089743
v -0.010808 0.047848 -0.089010
v -0.011392 0.070618 -0.093823
v 0.000000 0.058994 -0.092429
v 0.010808 0.047848 -0.089010
v 0.011392 0.070618 -0.093823
v 0.022120 0.058994 -0.089743
v 0.031795 0.047848 -0.083837
v 0.033515 0.070618 -0.088370
v 0.042954 0.058994 -0.081842
v 0.050935 0.047848 -0.073792
v 0.053689 0.070618 -0.077782
v 0.061292 0.058994 -0.069184
v 0.067114 0.047848 -0.059458
v 0.070743 0.070618 -0.062673
v 0.076068 0.058994 -0.052505
v 0.079393 0.047848 -0.041669
v 0.083686 0.070618 -0.043922
v 0.086423 0.058994 -0.032776
v 0.087058 0.047848 -0.021458
v 0.091766 0.070618 -0.022618
v 0.091755 0.058994 -0.011141
v 0.089664 0.047848 0.000000
v 0.094512 0.070618 0.000000
v 0.091755 0.058994 0.011141
v 0.087058 0.047848 0.021458
v 0.091766 0.070618 0.022619
v 0.086423 0.058993 0.032776
v 0.079393 0.047848 0.041669
v 0.083686 0.070618 0.043922
v 0.076068 0.058993 0.052506
v 0.067114 0.047848 0.059458
v 0.070743 0.070618 0.062673
v 0.061292 0.058993 0.069184
v 0.050935 0.047848 0.073792
v 0.053689 0.070618 0.077782
v 0.010808 0.047848 0.089010
v 0.011392 0.070618 0.093823
v 0.038962 0.010638 0.056446
v 0.047096 0.012982 0.053161
v 0.042038 0.016873 0.060903
v -0.002485 0.325196 0.020637
v 0.000000 0.343758 0.022551
v -0.003118 0.358179 0.025109
v -0.005321 0.343760 0.021860
v -0.007313 0.325193 0.019422
v -0.009005 0.358162 0.023469
v -0.010309 0.343750 0.019849
v -0.011724 0.325190 0.017066
v -0.014233 0.358057 0.020399
v -0.014714 0.343736 0.016666
v -0.015461 0.325193 0.013719
v -0.018679 0.357897 0.016181
v -0.018272 0.343740 0.012557
v -0.018298 0.325205 0.009594
v -0.022046 0.357732 0.011182
v -0.020760 0.343756 0.007800
v -0.020066 0.325220 0.004935
v -0.024125 0.357584 0.005696
v -0.022035 0.343769 0.002642
v -0.020666 0.325227 0.000000
v -0.024824 0.357516 -0.000026
v -0.022036 0.343770 -0.002648
v -0.020067 0.325221 -0.004933
v -0.024127 0.357554 -0.005716
v -0.020762 0.343755 -0.007794
v -0.018299 0.325208 -0.009590
v -0.022030 0.357694 -0.011168
v -0.018257 0.343757 -0.012552
v -0.015454 0.325204 -0.013707
v -0.018562 0.358030 -0.016305
v -0.014638 0.343819 -0.016660
v -0.011696 0.325223 -0.017035
v -0.013910 0.358270 -0.020740
v -0.010148 0.343902 -0.019805
v -0.007269 0.325265 -0.019360
v -0.008565 0.358240 -0.023964
v -0.005171 0.343998 -0.021751
v -0.002463 0.325301 -0.020548
v -0.002902 0.358204 -0.025658
v 0.000000 0.344045 -0.022399
v 0.002463 0.325301 -0.020548
v 0.002902 0.358204 -0.025658
v 0.005171 0.343998 -0.021751
v 0.007269 0.325265 -0.019360
v 0.008565 0.358240 -0.023964
v 0.010148 0.343902 -0.019805
v 0.011696 0.325223 -0.017035
v 0.013910 0.358270 -0.020740
v 0.014638 0.343819 -0.016660
v 0.015454 0.325204 -0.013707
v 0.018562 0.358030 -0.016305
v 0.018257 0.343757 -0.012552
v 0.018299 0.325208 -0.009590
v 0.022030 0.357694 -0.011168
v 0.020762 0.343755 -0.007794
v 0.020067 0.325221 -0.004933
v 0.024127 0.357554 -0.005716
v 0.022036 0.343770 -0.002648
v 0.020666 0.325227 0.000000
v 0.024824 0.357516 -0.000026
v 0.022035 0.343769 0.002642
v 0.020066 0.325220 0.004935
v 0.024125 0.357584 0.005696
v 0.020760 0.343756 0.007800
v 0.018298 0.325205 0.009594
v 0.022046 0.357732 0.011182
v 0.018272 0.343740 0.012557
v 0.015461 0.325193 0.013719
v 0.018679 0.357897 0.016181
v 0.014714 0.343736 0.016666
v 0.011724 0.325190 0.017066
v 0.014233 0.358057 0.020399
v 0.010309 0.343750 0.019849
v 0.007313 0.325193 0.019422
v 0.009005 0.358162 0.023469
v 0.005321 0.343760 0.021860
v 0.002485 0.325196 0.020637
v 0.003118 0.358179 0.025109
v 0.051338 0.010638 0.045482
v 0.055392 0.016873 0.049073
v -0.007924 0.180709 0.065263
v 0.000000 0.188614 0.059299
v -0.014191 0.188614 0.057576
v -0.023312 0.180709 0.061470
v -0.027558 0.188614 0.052507
v -0.037346 0.180709 0.054105
v -0.030172 0.196564 0.043712
v -0.039323 0.188614 0.044386
v -0.049208 0.180709 0.043595
v -0.048802 0.188614 0.033686
v -0.058211 0.180709 0.030552
v -0.047030 0.196564 0.024684
v -0.055446 0.188614 0.021028
v -0.063831 0.180709 0.015733
v -0.058867 0.188614 0.007148
v -0.065742 0.180709 0.000000
v -0.058867 0.188614 -0.007147
v -0.063831 0.180709 -0.015733
v -0.055446 0.188614 -0.021028
v -0.058211 0.180709 -0.030551
v -0.048802 0.188614 -0.033685
v -0.049208 0.180709 -0.043594
v -0.039757 0.196564 -0.035221
v -0.039323 0.188614 -0.044386
v -0.037346 0.180709 -0.054104
v -0.030172 0.196564 -0.043712
v -0.027558 0.188614 -0.052506
v -0.023312 0.180709 -0.061469
v -0.018835 0.196564 -0.049662
v -0.014191 0.188614 -0.057576
v -0.007924 0.180709 -0.065262
v 0.000000 0.188614 -0.059299
v 0.007924 0.180709 -0.065262
v 0.006402 0.196564 -0.052727
v 0.014191 0.188614 -0.057576
v 0.023312 0.180709 -0.061469
v 0.027558 0.188614 -0.052506
v 0.037346 0.180709 -0.054104
v 0.039323 0.188614 -0.044386
v 0.049208 0.180709 -0.043594
v 0.048802 0.188614 -0.033685
v 0.058211 0.180709 -0.030551
v 0.055446 0.188614 -0.021028
v 0.063831 0.180709 -0.015733
v 0.051571 0.196564 -0.012711
v 0.058867 0.188614 -0.007147
v 0.065742 0.180709 0.000000
v 0.053114 0.196564 0.000000
v 0.058867 0.188614 0.007148
v 0.063831 0.180709 0.015733
v 0.051571 0.196564 0.012711
v 0.055446 0.188614 0.021028
v 0.058211 0.180709 0.030552
v 0.048802 0.188614 0.033686
v 0.049208 0.180709 0.043595
v 0.039757 0.196564 0.035221
v 0.039323 0.188614 0.044386
v 0.037346 0.180709 0.054105
v 0.027558 0.188614 0.052507
v -0.022916 0.081499 0.092974
v 0.000000 0.081499 0.095756
v -0.011605 0.092381 0.095575
v 0.022916 0.081499 0.092974
v 0.011605 0.092381 0.095575
v -0.044500 0.081499 0.084788
v -0.034140 0.092381 0.090020
v 0.002560 0.279212 0.021095
v 0.004888 0.301550 0.019867
v 0.000000 0.301551 0.020461
v -0.063498 0.081499 0.071675
v -0.054691 0.092381 0.079234
v -0.043326 0.128372 0.082550
v -0.033781 0.116367 0.089074
v -0.022311 0.128372 0.090520
v -0.031847 0.140198 0.083973
v -0.078806 0.081499 0.054396
v -0.072064 0.092381 0.063844
v -0.061822 0.128372 0.069783
v -0.054116 0.116367 0.078401
v -0.051017 0.140198 0.073911
v -0.089534 0.081499 0.033956
v -0.085249 0.092381 0.044742
v -0.076726 0.128372 0.052960
v -0.071306 0.116367 0.063172
v -0.067223 0.140198 0.059554
v -0.095058 0.081499 0.011542
v -0.093479 0.092381 0.023041
v -0.087170 0.128372 0.033060
v -0.084352 0.116367 0.044272
v -0.079522 0.140198 0.041736
v -0.095058 0.081499 -0.011542
v -0.096277 0.092381 0.000000
v -0.092549 0.128372 0.011238
v -0.092496 0.116367 0.022799
v -0.087199 0.140198 0.021493
v -0.089534 0.081499 -0.033955
v -0.093479 0.092381 -0.023040
v -0.092549 0.128372 -0.011237
v -0.095264 0.116367 0.000000
v -0.089809 0.140198 0.000000
v -0.078806 0.081499 -0.054395
v -0.085249 0.092381 -0.044742
v -0.087170 0.128372 -0.033059
v -0.092496 0.116367 -0.022798
v -0.087199 0.140198 -0.021492
v -0.063498 0.081499 -0.071674
v -0.072064 0.092381 -0.063843
v -0.076726 0.128372 -0.052960
v -0.084352 0.116367 -0.044271
v -0.079522 0.140198 -0.041736
v -0.044500 0.081499 -0.084788
v -0.054691 0.092381 -0.079234
v -0.061822 0.128372 -0.069782
v -0.071306 0.116367 -0.063171
v -0.067223 0.140198 -0.059554
v -0.022916 0.081499 -0.092973
v -0.034140 0.092381 -0.090020
v -0.043326 0.128372 -0.082550
v -0.054116 0.116367 -0.078400
v -0.051017 0.140198 -0.073911
v 0.000000 0.081499 -0.095756
v -0.011605 0.092381 -0.095574
v -0.022311 0.128372 -0.090519
v -0.033781 0.116367 -0.089073
v -0.031847 0.140198 -0.083972
v 0.022916 0.081499 -0.092973
v 0.011605 0.092381 -0.095574
v 0.000000 0.128372 -0.093228
v -0.011483 0.116367 -0.094569
v -0.010825 0.140198 -0.089154
v 0.044500 0.081499 -0.084788
v 0.034140 0.092381 -0.090020
v 0.022311 0.128372 -0.090519
v 0.011483 0.116367 -0.094569
v 0.010825 0.140198 -0.089154
v 0.063498 0.081499 -0.071674
v 0.054691 0.092381 -0.079234
v 0.043326 0.128372 -0.082550
v 0.033781 0.116367 -0.089073
v 0.031847 0.140198 -0.083972
v 0.078806 0.081499 -0.054395
v 0.072064 0.092381 -0.063843
v 0.061822 0.128372 -0.069782
v 0.054116 0.116367 -0.078400
v 0.051017 0.140198 -0.073911
v 0.089534 0.081499 -0.033955
v 0.085249 0.092381 -0.044742
v 0.076726 0.128372 -0.052960
v 0.071306 0.116367 -0.063171
v 0.067223 0.140198 -0.059554
v 0.095058 0.081499 -0.011542
v 0.093479 0.092381 -0.023040
v 0.087170 0.128372 -0.033059
v 0.084352 0.116367 -0.044271
v 0.079522 0.140198 -0.041736
v 0.095058 0.081499 0.011542
v 0.096277 0.092381 0.000000
v 0.092549 0.128372 -0.011237
v 0.092496 0.116367 -0.022798
v 0.087199 0.140198 -0.021492
v 0.089534 0.081499 0.033956
v 0.093479 0.092381 0.023041
v 0.092549 0.128372 0.011238
v 0.095264 0.116367 0.000000
v 0.089809 0.140198 0.000000
v 0.078806 0.081499 0.054396
v 0.085249 0.092381 0.044742
v 0.087170 0.128372 0.033060
v 0.092496 0.116367 0.022799
v 0.087199 0.140198 0.021493
v 0.063498 0.081499 0.071675
v 0.072064 0.092381 0.063843
v 0.076726 0.128372 0.052960
v 0.084352 0.116367 0.044272
v 0.079522 0.140198 0.041736
v 0.044500 0.081499 0.084788
v 0.054691 0.092381 0.079234
v 0.061822 0.128372 0.069783
v 0.071306 0.116367 0.063172
v 0.067223 0.140198 0.059554
v 0.034140 0.092381 0.090020
v 0.043326 0.128372 0.082550
v 0.054116 0.116367 0.078401
v 0.051017 0.140198 0.073911
v -0.011483 0.116367 0.094570
v 0.000000 0.128372 0.093229
v -0.010825 0.140198 0.089154
v 0.022311 0.128372 0.090520
v 0.033781 0.116367 0.089074
v 0.031847 0.140198 0.083973
v 0.010825 0.140198 0.089154
v 0.020314 0.151870 0.082419
v 0.009510 0.162754 0.078318
v 0.000000 0.151870 0.084886
v 0.007924 0.180709 0.065263
v 0.014191 0.188614 0.057576
v 0.006402 0.196564 0.052727
v -0.002993 0.254102 0.024650
v 0.000000 0.264245 0.022739
v -0.002560 0.279212 0.021095
v -0.005442 0.264245 0.022078
v -0.023552 0.214477 0.034121
v 0.021987 0.254102 0.011540
v 0.021261 0.264244 0.008064
v 0.018814 0.279209 0.009876
v 0.031033 0.214477 0.027493
v 0.024110 0.254102 0.005943
v 0.020631 0.279209 0.005086
v 0.024110 0.254102 -0.005942
v 0.021261 0.264244 -0.008063
v 0.020631 0.279209 -0.005085
v 0.046839 0.205093 -0.005687
v 0.041460 0.214477 0.000000
v 0.046839 0.205093 0.005688
v 0.040255 0.214477 0.009922
v 0.040255 0.214477 -0.009922
v 0.014106 0.254102 -0.020435
v 0.012071 0.279209 -0.017487
v 0.021987 0.254102 -0.011539
v 0.018815 0.279209 -0.009874
v -0.002993 0.254102 -0.024650
v -0.005442 0.264244 -0.022078
v -0.002561 0.279209 -0.021093
v 0.004997 0.214477 -0.041157
v -0.008805 0.254102 -0.023217
v -0.007535 0.279209 -0.019867
v -0.018587 0.254102 -0.016466
v -0.018714 0.264244 -0.012917
v -0.015905 0.279209 -0.014090
v -0.031288 0.205093 -0.035317
v -0.023552 0.214477 -0.034120
v -0.021927 0.205093 -0.041779
v -0.014702 0.214477 -0.038765
v -0.031033 0.214477 -0.027493
v -0.024831 0.254102 0.000000
v -0.021249 0.279209 0.000000
v -0.021987 0.254102 -0.011539
v -0.018815 0.279209 -0.009874
v -0.018587 0.254102 0.016466
v -0.015078 0.264244 0.017021
v -0.015904 0.279210 0.014092
v -0.036711 0.214477 0.019268
v -0.014106 0.254102 0.020436
v -0.010567 0.264245 0.020135
v -0.012069 0.279211 0.017489
v -0.008805 0.254102 0.023218
v -0.007533 0.279212 0.019869
v 0.004997 0.214477 0.041158
v 0.000000 0.172266 0.072378
v 0.017321 0.172266 0.070275
v 0.039448 0.151870 0.075163
v 0.027976 0.162754 0.073767
v 0.033636 0.172266 0.064087
v 0.023312 0.180709 0.061470
v 0.056290 0.151870 0.063538
v 0.044816 0.162754 0.064928
v 0.047995 0.172266 0.054176
v 0.069859 0.151870 0.048221
v 0.059052 0.162754 0.052316
v 0.059565 0.172266 0.041115
v 0.079369 0.151870 0.030101
v 0.069857 0.162754 0.036664
v 0.067674 0.172266 0.025666
v 0.084267 0.151870 0.010232
v 0.076601 0.162754 0.018881
v 0.071850 0.172266 0.008724
v 0.084267 0.151870 -0.010232
v 0.078893 0.162754 0.000000
v 0.071850 0.172266 -0.008724
v 0.079369 0.151870 -0.030101
v 0.076601 0.162754 -0.018880
v 0.067674 0.172266 -0.025665
v 0.069859 0.151870 -0.048220
v 0.069857 0.162754 -0.036663
v 0.059566 0.172266 -0.041115
v 0.056290 0.151870 -0.063537
v 0.059052 0.162754 -0.052316
v 0.047995 0.172266 -0.054175
v 0.039448 0.151870 -0.075162
v 0.044816 0.162754 -0.064928
v 0.033636 0.172266 -0.064087
v 0.020314 0.151870 -0.082419
v 0.027976 0.162754 -0.073766
v 0.017321 0.172266 -0.070274
v 0.000000 0.151870 -0.084885
v 0.009510 0.162754 -0.078318
v 0.000000 0.172266 -0.072377
v -0.020314 0.151870 -0.082419
v -0.009510 0.162754 -0.078318
v -0.017321 0.172266 -0.070274
v -0.039448 0.151870 -0.075162
v -0.027976 0.162754 -0.073766
v -0.033636 0.172266 -0.064087
v -0.056290 0.151870 -0.063537
v -0.044816 0.162754 -0.064928
v -0.047995 0.172266 -0.054175
v -0.069859 0.151870 -0.048220
v -0.059052 0.162754 -0.052316
v -0.059565 0.172266 -0.041115
v -0.079369 0.151870 -0.030101
v -0.069857 0.162754 -0.036663
v -0.067674 0.172266 -0.025665
v -0.084267 0.151870 -0.010232
v -0.076601 0.162754 -0.018880
v -0.071850 0.172266 -0.008724
v -0.084267 0.151870 0.010232
v -0.078893 0.162754 0.000000
v -0.071850 0.172266 0.008724
v -0.079369 0.151870 0.030101
v -0.076601 0.162754 0.018881
v -0.067674 0.172266 0.025666
v -0.069859 0.151870 0.048221
v -0.069857 0.162754 0.036664
v -0.059565 0.172266 0.041115
v -0.056290 0.151870 0.063538
v -0.059052 0.162754 0.052316
v -0.047995 0.172266 0.054176
v -0.039448 0.151870 0.075163
v -0.044816 0.162754 0.064928
v -0.033636 0.172266 0.064087
v -0.020314 0.151870 0.082419
v -0.027976 0.162754 0.073767
v -0.017321 0.172266 0.070275
v -0.009510 0.162754 0.078318
v 0.000000 0.244782 0.027568
v 0.003764 0.235079 0.030997
v 0.006598 0.244782 0.026767
v 0.002993 0.254102 0.024650
v 0.000000 0.224733 0.035991
v 0.008613 0.224733 0.034945
v 0.011073 0.235079 0.029196
v 0.012812 0.244782 0.024411
v 0.016726 0.224733 0.031868
v 0.017738 0.235079 0.025698
v 0.018281 0.244782 0.020635
v 0.023866 0.224733 0.026940
v 0.023372 0.235079 0.020706
v 0.022688 0.244782 0.015661
v 0.029620 0.224733 0.020445
v 0.027648 0.235079 0.014511
v 0.025777 0.244782 0.009776
v 0.033652 0.224733 0.012763
v 0.030317 0.235079 0.007473
v 0.027367 0.244782 0.003323
v 0.035728 0.224733 0.004338
v 0.031225 0.235079 0.000000
v 0.027367 0.244782 -0.003323
v 0.035728 0.224733 -0.004338
v 0.030317 0.235079 -0.007472
v 0.025777 0.244782 -0.009775
v 0.033652 0.224733 -0.012762
v 0.027648 0.235079 -0.014511
v 0.022688 0.244782 -0.015660
v 0.029620 0.224733 -0.020445
v 0.023372 0.235079 -0.020706
v 0.018281 0.244782 -0.020635
v 0.023866 0.224733 -0.026939
v 0.017738 0.235079 -0.025697
v 0.012812 0.244782 -0.024410
v 0.016726 0.224733 -0.031868
v 0.011073 0.235079 -0.029195
v 0.006597 0.244782 -0.026767
v 0.008613 0.224733 -0.034944
v 0.003764 0.235079 -0.030997
v 0.000000 0.244782 -0.027568
v 0.000000 0.224733 -0.035990
v -0.003764 0.235079 -0.030997
v -0.006597 0.244782 -0.026767
v -0.008613 0.224733 -0.034944
v -0.011073 0.235079 -0.029195
v -0.012812 0.244782 -0.024410
v -0.016726 0.224733 -0.031868
v -0.017738 0.235079 -0.025697
v -0.018281 0.244782 -0.020635
v -0.023866 0.224733 -0.026939
v -0.023372 0.235079 -0.020706
v -0.022688 0.244782 -0.015660
v -0.029620 0.224733 -0.020445
v -0.027648 0.235079 -0.014511
v -0.025777 0.244782 -0.009775
v -0.033652 0.224733 -0.012762
v -0.030317 0.235079 -0.007472
v -0.027367 0.244782 -0.003323
v -0.035728 0.224733 -0.004338
v -0.031225 0.235079 0.000000
v -0.027367 0.244782 0.003323
v -0.035728 0.224733 0.004338
v -0.030317 0.235079 0.007473
v -0.025777 0.244782 0.009776
v -0.033652 0.224733 0.012763
v -0.027648 0.235079 0.014511
v -0.022688 0.244782 0.015661
v -0.029620 0.224733 0.020445
v -0.023372 0.235079 0.020706
v -0.018281 0.244782 0.020635
v -0.023866 0.224733 0.026940
v -0.017738 0.235079 0.025698
v -0.012812 0.244782 0.024411
v -0.016726 0.224733 0.031868
v -0.011073 0.235079 0.029196
v -0.006598 0.244782 0.026767
v -0.008613 0.224733 0.034945
v -0.003764 0.235079 0.030997
v -0.020674 0.038458 0.083876
v -0.009945 0.030339 0.081906
v 0.000000 0.038458 0.086387
v -0.018687 0.022902 0.075817
v 0.000000 0.022902 0.078086
v -0.040146 0.038458 0.076492
v -0.029257 0.030339 0.077146
v -0.036288 0.022902 0.069141
v -0.057285 0.038458 0.064661
v -0.046869 0.030339 0.067902
v -0.051780 0.022902 0.058448
v -0.071095 0.038458 0.049073
v -0.061757 0.030339 0.054712
v -0.064263 0.022902 0.044358
v -0.080773 0.038458 0.030633
v -0.073056 0.030339 0.038343
v -0.073011 0.022902 0.027690
v -0.085756 0.038458 0.010413
v -0.080109 0.030339 0.019745
v -0.077516 0.022902 0.009412
v -0.085756 0.038458 -0.010412
v -0.082507 0.030339 0.000000
v -0.077516 0.022902 -0.009412
v -0.080773 0.038458 -0.030633
v -0.080109 0.030339 -0.019745
v -0.073011 0.022902 -0.027689
v -0.071095 0.038458 -0.049073
v -0.073056 0.030340 -0.038343
v -0.064263 0.022902 -0.044357
v -0.057285 0.038458 -0.064661
v -0.061757 0.030341 -0.054712
v -0.051780 0.022902 -0.058447
v -0.040146 0.038458 -0.076491
v -0.046869 0.030341 -0.067902
v -0.036288 0.022902 -0.069141
v -0.020674 0.038458 -0.083876
v -0.029257 0.030341 -0.077145
v -0.018687 0.022902 -0.075816
v 0.000000 0.038458 -0.086386
v -0.009945 0.030341 -0.081905
v 0.000000 0.022902 -0.078085
v 0.020674 0.038458 -0.083876
v 0.009945 0.030341 -0.081905
v 0.018687 0.022902 -0.075816
v 0.040146 0.038458 -0.076491
v 0.029257 0.030341 -0.077145
v 0.036288 0.022902 -0.069141
v 0.057285 0.038458 -0.064661
v 0.046869 0.030341 -0.067902
v 0.051780 0.022902 -0.058447
v 0.071095 0.038458 -0.049073
v 0.061757 0.030341 -0.054712
v 0.064263 0.022902 -0.044357
v 0.080773 0.038458 -0.030633
v 0.073056 0.030340 -0.038343
v 0.073011 0.022902 -0.027689
v 0.085756 0.038458 -0.010412
v 0.080109 0.030339 -0.019745
v 0.077516 0.022902 -0.009412
v 0.085756 0.038458 0.010413
v 0.082507 0.030339 0.000000
v 0.077516 0.022902 0.009412
v 0.080773 0.038458 0.030633
v 0.080109 0.030339 0.019745
v 0.073011 0.022902 0.027690
v 0.071095 0.038458 0.049073
v 0.073056 0.030339 0.038343
v 0.064263 0.022902 0.044358
v 0.057285 0.038458 0.064661
v 0.061757 0.030339 0.054712
v 0.051780 0.022902 0.058448
v 0.040146 0.038458 0.076492
v 0.046869 0.030339 0.067902
v 0.036288 0.022902 0.069141
v 0.020674 0.038458 0.083876
v 0.029257 0.030339 0.077146
v 0.018687 0.022902 0.075817
v 0.009945 0.030339 0.081906
v 0.008920 0.016873 0.073463
v 0.054330 0.007884 0.020605
v 0.051273 0.008255 0.012638
v 0.057682 0.007884 0.007004
v 0.060685 0.008155 0.014958
v 0.000000 0.104158 0.096185
v -0.023019 0.104158 0.093390
v -0.044699 0.104158 0.085168
v -0.063782 0.104158 0.071996
v -0.079159 0.104158 0.054640
v -0.089934 0.104158 0.034108
v -0.095484 0.104158 0.011594
v -0.095484 0.104158 -0.011594
v -0.089934 0.104158 -0.034107
v -0.079159 0.104158 -0.054639
v -0.063782 0.104158 -0.071995
v -0.044699 0.104158 -0.085167
v -0.023019 0.104158 -0.093390
v 0.000000 0.104158 -0.096185
v 0.023019 0.104158 -0.093390
v 0.044699 0.104158 -0.085167
v 0.063782 0.104158 -0.071995
v 0.079159 0.104158 -0.054639
v 0.089934 0.104158 -0.034107
v 0.095484 0.104158 -0.011594
v 0.095484 0.104158 0.011594
v 0.089934 0.104158 0.034108
v 0.079159 0.104158 0.054640
v 0.063782 0.104158 0.071996
v 0.044699 0.104158 0.085168
v 0.023019 0.104158 0.093390
v 0.011483 0.116367 0.094570
v 0.009494 0.301547 0.018116
v 0.013552 0.301545 0.015311
v 0.016824 0.301544 0.011616
v 0.019116 0.301546 0.007249
v 0.020296 0.301547 0.002464
v 0.020296 0.301547 -0.002463
v 0.019116 0.301546 -0.007248
v 0.016825 0.301544 -0.011613
v 0.013554 0.301545 -0.015304
v 0.009495 0.301549 -0.018107
v 0.004887 0.301555 -0.019855
v 0.000000 0.301558 -0.020448
v -0.004887 0.301555 -0.019855
v -0.009495 0.301549 -0.018107
v -0.013554 0.301545 -0.015304
v -0.016825 0.301544 -0.011613
v -0.019116 0.301546 -0.007248
v -0.020296 0.301547 -0.002463
v -0.020296 0.301547 0.002464
v -0.019116 0.301546 0.007249
v -0.016824 0.301544 0.011616
v -0.013552 0.301545 0.015311
v -0.009494 0.301547 0.018116
v -0.004888 0.301550 0.019867
v 0.000000 0.009076 0.065902
v 0.007534 0.008155 0.062046
v 0.015771 0.009076 0.063987
v 0.008267 0.010638 0.068087
v 0.022163 0.008155 0.058440
v 0.030626 0.009076 0.058353
v 0.035505 0.008155 0.051438
v 0.043701 0.009076 0.049328
v 0.046783 0.008155 0.041446
v 0.054236 0.009076 0.037437
v 0.055342 0.008155 0.029046
v 0.061619 0.009076 0.023369
v 0.065421 0.009076 0.007944
v 0.062502 0.008155 0.000000
v 0.065421 0.009076 -0.007943
v 0.060685 0.008155 -0.014957
v 0.061619 0.009076 -0.023369
v 0.055342 0.008155 -0.029046
v 0.054236 0.009076 -0.037436
v 0.046783 0.008155 -0.041446
v 0.043701 0.009076 -0.049328
v 0.035505 0.008155 -0.051438
v 0.030626 0.009077 -0.058353
v 0.022163 0.008155 -0.058440
v 0.015771 0.009077 -0.063986
v 0.007534 0.008155 -0.062046
v 0.000000 0.009077 -0.065901
v -0.007534 0.008155 -0.062046
v -0.015771 0.009077 -0.063986
v -0.022163 0.008155 -0.058440
v -0.030626 0.009077 -0.058353
v -0.035505 0.008155 -0.051438
v -0.043701 0.009076 -0.049328
v -0.046783 0.008155 -0.041446
v -0.054236 0.009076 -0.037436
v -0.055342 0.008155 -0.029046
v -0.061619 0.009076 -0.023369
v -0.060685 0.008155 -0.014957
v -0.065421 0.009076 -0.007943
v -0.062502 0.008155 0.000000
v -0.065421 0.009076 0.007944
v -0.060685 0.008155 0.014958
v -0.061619 0.009076 0.023369
v -0.055342 0.008155 0.029046
v -0.054236 0.009076 0.037437
v -0.046783 0.008155 0.041446
v -0.043701 0.009076 0.049328
v -0.035505 0.008155 0.051438
v -0.030626 0.009076 0.058353
v -0.022163 0.008155 0.058440
v -0.015771 0.009076 0.063987
v -0.007534 0.008155 0.062046
v 0.038531 0.007884 -0.043493
v 0.029998 0.008255 -0.043459
v 0.027003 0.007884 -0.051450
v -0.027003 0.007884 -0.051450
v -0.029998 0.008255 -0.043459
v -0.038531 0.007884 -0.043493
v -0.057682 0.007884 0.007004
v -0.051273 0.008255 0.012638
v -0.054330 0.007884 0.020605
v 0.038531 0.007884 0.043493
v 0.039527 0.008255 0.035018
v 0.047820 0.007884 0.033008
v 0.054330 0.007884 -0.020604
v 0.046759 0.008255 -0.024541
v 0.047820 0.007884 -0.033008
v 0.000000 0.007884 -0.058106
v -0.006365 0.008256 -0.052422
v -0.013906 0.007884 -0.056417
v -0.054330 0.007884 -0.020604
v -0.051273 0.008255 -0.012637
v -0.057682 0.007884 -0.007004
v -0.038531 0.007884 0.043493
v -0.029998 0.008255 0.043460
v -0.027003 0.007884 0.051451
v 0.013906 0.007884 0.056418
v 0.018726 0.008255 0.049376
v 0.027003 0.007884 0.051451
v 0.052807 0.008255 0.000000
v 0.057682 0.007884 -0.007004
v 0.018726 0.008255 -0.049375
v 0.013906 0.007884 -0.056417
v -0.039527 0.008255 -0.035017
v -0.047820 0.007884 -0.033008
v -0.046759 0.008255 0.024541
v -0.047820 0.007884 0.033008
v 0.046759 0.008255 0.024541
v 0.039527 0.008255 -0.035017
v -0.018726 0.008255 -0.049375
v -0.018726 0.008255 0.049376
v -0.013906 0.007884 0.056418
v 0.029998 0.008255 0.043460
v 0.051273 0.008255 -0.012637
v 0.006365 0.008256 -0.052422
v -0.046759 0.008255 -0.024541
v -0.039527 0.008255 0.035018
v -0.006365 0.008255 0.052423
v 0.000000 0.007884 0.058106
v 0.006365 0.008255 0.052423
v -0.004549 0.010375 0.037468
v -0.013384 0.010375 0.035291
v -0.021441 0.010375 0.031062
v -0.028251 0.010375 0.025029
v -0.033420 0.010375 0.017541
v -0.036647 0.010375 0.009033
v -0.036647 0.010375 -0.009032
v -0.033420 0.010375 -0.017540
v -0.028251 0.010375 -0.025028
v -0.021441 0.010375 -0.031062
v -0.013384 0.010375 -0.035290
v -0.004549 0.010375 -0.037468
v 0.004549 0.010375 -0.037468
v 0.013384 0.010375 -0.035290
v 0.021441 0.010375 -0.031062
v 0.028251 0.010375 -0.025028
v 0.033420 0.010375 -0.017540
v 0.036647 0.010375 -0.009032
v 0.037743 0.010375 0.000000
v 0.036647 0.010375 0.009033
v 0.033420 0.010375 0.017541
v 0.028251 0.010375 0.025029
v 0.021441 0.010375 0.031062
v 0.013384 0.010375 0.035291
v 0.004549 0.010375 0.037468
v -0.043417 0.009196 -0.016466
v 0.021579 0.009196 -0.041115
v 0.011112 0.009196 -0.045085
v 0.030792 0.009196 -0.034756
v 0.030792 0.009196 0.034757
v 0.038215 0.009196 0.026378
v 0.021579 0.009196 0.041116
v -0.011112 0.009196 0.045085
v 0.000000 0.009196 0.046435
v -0.021579 0.009196 0.041116
v -0.038215 0.009196 -0.026377
v -0.030792 0.009196 -0.034756
v 0.038215 0.009196 -0.026377
v 0.043417 0.009196 -0.016466
v 0.011112 0.009196 0.045085
v -0.030792 0.009196 0.034757
v -0.038215 0.009196 0.026378
v -0.021579 0.009196 -0.041115
v -0.011112 0.009196 -0.045085
v 0.046096 0.009196 -0.005597
v 0.046096 0.009196 0.005597
v -0.043417 0.009196 0.016466
v 0.000000 0.009196 -0.046434
v 0.043417 0.009196 0.016466
v 0.000000 0.370762 0.028803
v -0.004516 0.382067 0.033434
v -0.007412 0.370774 0.027716
v -0.012618 0.381964 0.030828
v -0.013717 0.370592 0.024816
v -0.019411 0.381380 0.026376
v -0.019179 0.370133 0.020475
v -0.025313 0.380259 0.020706
v -0.023609 0.369504 0.015164
v -0.029827 0.378869 0.014311
v -0.026667 0.368854 0.009279
v -0.032555 0.377693 0.007234
v -0.028204 0.368377 0.003064
v -0.033473 0.377179 -0.000035
v -0.028204 0.368334 -0.003162
v -0.032556 0.377458 -0.006950
v -0.026644 0.368693 -0.009214
v -0.029399 0.378678 -0.013738
v -0.023405 0.369519 -0.015210
v -0.023910 0.380779 -0.021330
v -0.018597 0.370581 -0.021359
v -0.017252 0.381610 -0.028986
v -0.012783 0.370474 -0.026514
v -0.010691 0.380388 -0.035092
v -0.006643 0.369874 -0.030113
v -0.003766 0.379160 -0.038576
v 0.000000 0.369624 -0.031359
v 0.003766 0.379160 -0.038576
v 0.006643 0.369874 -0.030113
v 0.010691 0.380388 -0.035092
v 0.012783 0.370474 -0.026514
v 0.017252 0.381610 -0.028986
v 0.018597 0.370581 -0.021359
v 0.023910 0.380779 -0.021330
v 0.023405 0.369519 -0.015210
v 0.029399 0.378678 -0.013738
v 0.026644 0.368693 -0.009214
v 0.032556 0.377458 -0.006950
v 0.028204 0.368334 -0.003162
v 0.033473 0.377179 -0.000035
v 0.028204 0.368377 0.003064
v 0.032555 0.377693 0.007234
v 0.026667 0.368854 0.009279
v 0.029827 0.378869 0.014311
v 0.023609 0.369504 0.015164
v 0.025313 0.380259 0.020706
v 0.019179 0.370133 0.020475
v 0.019411 0.381380 0.026376
v 0.013717 0.370592 0.024816
v 0.012618 0.381964 0.030828
v 0.007412 0.370774 0.027716
v 0.004516 0.382067 0.033434
v 0.000000 0.401535 0.053263
v 0.011571 0.401530 0.050983
v 0.022556 0.401007 0.045128
v 0.032604 0.399396 0.037638
v 0.041699 0.396142 0.029243
v 0.048003 0.392943 0.019264
v 0.051334 0.391295 0.006458
v 0.051450 0.391120 -0.005275
v 0.047386 0.392831 -0.016177
v 0.037118 0.397594 -0.027340
v 0.024439 0.400925 -0.040575
v 0.015514 0.399462 -0.052152
v 0.008693 0.395151 -0.060383
v 0.000000 0.392712 -0.063068
v -0.008693 0.395151 -0.060383
v -0.015514 0.399462 -0.052152
v -0.024439 0.400925 -0.040575
v -0.037118 0.397594 -0.027340
v -0.047386 0.392831 -0.016177
v -0.051450 0.391120 -0.005275
v -0.051334 0.391295 0.006458
v -0.048003 0.392943 0.019264
v -0.041699 0.396142 0.029243
v -0.032604 0.399396 0.037638
v -0.022556 0.401007 0.045128
v -0.011571 0.401530 0.050983
v -0.010981 0.388724 0.043401
v 0.000000 0.388715 0.045325
v -0.020502 0.388287 0.038521
v -0.028812 0.386980 0.031992
v -0.035963 0.384655 0.024490
v -0.040975 0.382334 0.015768
v -0.043616 0.380972 0.005251
v -0.043679 0.380891 -0.004929
v -0.040720 0.382303 -0.014585
v -0.034002 0.385691 -0.023953
v -0.025447 0.388479 -0.034129
v -0.017813 0.387521 -0.042875
v -0.010086 0.384252 -0.049414
v 0.000000 0.382440 -0.051729
v 0.010086 0.384252 -0.049414
v 0.017813 0.387521 -0.042875
v 0.025447 0.388479 -0.034129
v 0.034002 0.385691 -0.023953
v 0.040720 0.382303 -0.014585
v 0.043679 0.380891 -0.004929
v 0.043616 0.380972 0.005251
v 0.040975 0.382334 0.015768
v 0.035963 0.384655 0.024490
v 0.028812 0.386980 0.031992
v 0.020502 0.388287 0.038521
v 0.010981 0.388724 0.043401
v 0.000000 0.391842 0.040710
v -0.009890 0.391860 0.038945
v -0.018552 0.391430 0.034464
v -0.026272 0.390232 0.028416
v -0.032954 0.388144 0.021510
v -0.037532 0.386096 0.013682
v -0.039864 0.384889 0.004499
v -0.039905 0.384714 -0.004027
v -0.037211 0.385683 -0.012062
v -0.030624 0.388523 -0.020558
v -0.021813 0.391018 -0.030722
v -0.014121 0.390191 -0.039695
v -0.007548 0.387726 -0.046126
v 0.000000 0.386472 -0.048271
v 0.007548 0.387726 -0.046126
v 0.014121 0.390191 -0.039695
v 0.021813 0.391018 -0.030722
v 0.030624 0.388523 -0.020558
v 0.037211 0.385683 -0.012062
v 0.039905 0.384714 -0.004027
v 0.039864 0.384889 0.004499
v 0.037532 0.386096 0.013682
v 0.032954 0.388144 0.021510
v 0.026272 0.390232 0.028416
v 0.018552 0.391430 0.034464
v 0.009890 0.391860 0.038945
v 0.042856 0.003143 0.022493
v 0.042620 0.003722 0.016164
v 0.037513 0.003722 0.025894
v 0.046993 0.003143 0.011583
v 0.045250 0.003722 0.005495
v 0.005834 0.003143 -0.048046
v 0.000000 0.003722 -0.045582
v 0.010908 0.003722 -0.044257
v -0.005834 0.003143 -0.048046
v -0.010908 0.003722 -0.044257
v -0.046993 0.003143 0.011583
v -0.042620 0.003722 0.016164
v -0.045250 0.003722 0.005495
v -0.042856 0.003143 0.022493
v -0.037513 0.003722 0.025894
v 0.005834 0.003143 0.048047
v 0.010908 0.003722 0.044258
v 0.000000 0.003722 0.045582
v 0.048399 0.003143 0.000000
v 0.045250 0.003722 -0.005494
v 0.046993 0.003143 -0.011582
v 0.042620 0.003722 -0.016163
v -0.017163 0.003143 -0.045254
v -0.021183 0.003722 -0.040361
v -0.027494 0.003143 -0.039832
v -0.030226 0.003722 -0.034118
v -0.036227 0.003143 0.032095
v -0.030226 0.003722 0.034119
v -0.027494 0.003143 0.039832
v -0.021183 0.003722 0.040361
v 0.017163 0.003143 0.045254
v 0.021183 0.003722 0.040361
v 0.042856 0.003143 -0.022492
v 0.037513 0.003722 -0.025893
v 0.036227 0.003143 -0.032094
v 0.030226 0.003722 -0.034118
v -0.036227 0.003143 -0.032094
v -0.037513 0.003722 -0.025893
v -0.042856 0.003143 -0.022492
v -0.042620 0.003722 -0.016163
v -0.017163 0.003143 0.045254
v -0.010908 0.003722 0.044258
v -0.005834 0.003143 0.048047
v 0.027494 0.003143 0.039832
v 0.030226 0.003722 0.034119
v 0.036227 0.003143 0.032095
v 0.027494 0.003143 -0.039832
v 0.021183 0.003722 -0.040361
v 0.017163 0.003143 -0.045254
v -0.046993 0.003143 -0.011582
v -0.045250 0.003722 -0.005494
v -0.048399 0.003143 0.000000
v -0.050539 0.002678 0.006137
v -0.050539 0.002678 -0.006136
v -0.047602 0.002678 -0.018053
v 0.012184 0.002678 -0.049431
v 0.023659 0.002678 -0.045079
v 0.033760 0.002678 -0.038107
v 0.041899 0.002678 0.028921
v 0.033760 0.002678 0.038107
v 0.023659 0.002678 0.045079
v 0.000000 0.002678 0.050911
v -0.012184 0.002678 0.049432
v -0.023659 0.002678 0.045079
v -0.041899 0.002678 -0.028920
v -0.033760 0.002678 -0.038107
v 0.041899 0.002678 -0.028920
v 0.047602 0.002678 -0.018053
v 0.012184 0.002678 0.049432
v -0.033760 0.002678 0.038107
v -0.041899 0.002678 0.028921
v -0.023659 0.002678 -0.045079
v -0.012184 0.002678 -0.049431
v 0.050539 0.002678 -0.006136
v 0.050539 0.002678 0.006137
v -0.047602 0.002678 0.018053
v 0.000000 0.002678 -0.050910
v 0.047602 0.002678 0.018053
v 0.033887 0.005512 -0.004114
v -0.008169 0.005512 -0.033143
v -0.028093 0.005512 0.019391
v 0.033887 0.005512 0.004115
v 0.000000 0.005512 -0.034135
v -0.031917 0.005512 0.012105
v 0.031917 0.005512 0.012105
v 0.008169 0.005512 -0.033143
v 0.028093 0.005512 0.019391
v 0.015864 0.005512 -0.030225
v -0.031917 0.005512 -0.012104
v 0.022636 0.005512 0.025551
v 0.000000 0.005512 0.034136
v 0.022636 0.005512 -0.025551
v -0.033887 0.005512 0.004115
v -0.033887 0.005512 -0.004114
v -0.028093 0.005512 -0.019391
v 0.015864 0.005512 0.030226
v 0.008169 0.005512 0.033144
v -0.008169 0.005512 0.033144
v -0.015864 0.005512 0.030226
v 0.028093 0.005512 -0.019391
v 0.031917 0.005512 -0.012104
v -0.022636 0.005512 -0.025551
v -0.015864 0.005512 -0.030225
v -0.003314 0.006021 0.027290
v -0.009748 0.006021 0.025704
v -0.015616 0.006021 0.022624
v -0.020577 0.006021 0.018230
v -0.024342 0.006021 0.012776
v -0.026692 0.006021 0.006579
v -0.026692 0.006021 -0.006579
v -0.024342 0.006021 -0.012775
v -0.020577 0.006021 -0.018229
v -0.015616 0.006021 -0.022624
v -0.009748 0.006021 -0.025704
v -0.003314 0.006021 -0.027290
v 0.003314 0.006021 -0.027290
v 0.009748 0.006021 -0.025704
v 0.015616 0.006021 -0.022624
v 0.020577 0.006021 -0.018229
v 0.024342 0.006021 -0.012775
v 0.026692 0.006021 -0.006579
v 0.027490 0.006021 0.000000
v 0.026692 0.006021 0.006579
v 0.024342 0.006021 0.012776
v -0.005770 0.011565 0.023412
v 0.020577 0.006021 0.018230
v 0.015616 0.006021 0.022624
v 0.009748 0.006021 0.025704
v 0.003314 0.006021 0.027290
v -0.027490 0.006021 0.000000
v -0.011205 0.011565 -0.021350
v -0.005770 0.011565 -0.023411
v -0.015989 0.011565 0.018048
v -0.019844 0.011565 0.013697
v 0.023936 0.011565 -0.002906
v 0.023936 0.011565 0.002907
v -0.023936 0.011565 0.002907
v -0.023936 0.011565 -0.002906
v 0.000000 0.011565 -0.024112
v -0.022545 0.011565 0.008550
v 0.022545 0.011565 0.008550
v 0.005770 0.011565 -0.023411
v 0.019844 0.011565 0.013697
v 0.011205 0.011565 -0.021350
v -0.022545 0.011565 -0.008550
v 0.015989 0.011565 0.018048
v 0.015989 0.011565 -0.018048
v -0.019844 0.011565 -0.013697
v 0.011205 0.011565 0.021350
v 0.000000 0.011565 0.024112
v 0.019844 0.011565 -0.013697
v -0.015989 0.011565 -0.018048
v 0.005770 0.011565 0.023412
v -0.011205 0.011565 0.021350
v 0.022545 0.011565 -0.008550
v -0.022636 0.005512 0.025551
v 0.000000 0.006435 0.017442
v 0.017314 0.006435 -0.002102
v 0.016308 0.006435 -0.006185
v -0.004174 0.006435 -0.016934
v -0.008105 0.006435 -0.015443
v 0.004174 0.006435 0.016935
v -0.014354 0.006435 0.009908
v -0.011566 0.006435 0.013055
v 0.017314 0.006435 0.002103
v 0.000000 0.006435 -0.017441
v -0.017314 0.006435 -0.002102
v -0.017314 0.006435 0.002103
v -0.016308 0.006435 0.006185
v 0.016308 0.006435 0.006185
v 0.004174 0.006435 -0.016934
v 0.014354 0.006435 0.009908
v 0.008105 0.006435 -0.015443
v -0.016308 0.006435 -0.006185
v 0.011566 0.006435 -0.013055
v -0.014354 0.006435 -0.009908
v 0.011566 0.006435 0.013055
v -0.004174 0.006435 0.016935
v 0.014354 0.006435 -0.009908
v -0.011566 0.006435 -0.013055
v 0.008105 0.006435 0.015444
v -0.008105 0.006435 0.015444
v 0.006009 0.398590 0.053573
v 0.017610 0.398422 0.049252
v 0.028156 0.397471 0.042351
v 0.037796 0.394974 0.034360
v 0.045609 0.391491 0.025320
v 0.050453 0.388964 0.013415
v 0.052257 0.388090 0.000335
v 0.050549 0.388757 -0.011481
v 0.043564 0.392340 -0.022662
v 0.031933 0.397190 -0.034804
v 0.021382 0.398328 -0.047049
v 0.013911 0.394789 -0.056828
v 0.005275 0.390488 -0.062402
v -0.005275 0.390488 -0.062402
v -0.013911 0.394789 -0.056828
v -0.021382 0.398328 -0.047049
v -0.031933 0.397190 -0.034804
v -0.043564 0.392340 -0.022662
v -0.050549 0.388757 -0.011481
v -0.052257 0.388089 0.000335
v -0.050453 0.388964 0.013415
v -0.045609 0.391491 0.025320
v -0.037796 0.394974 0.034360
v -0.028156 0.397471 0.042351
v -0.017610 0.398422 0.049252
v -0.006009 0.398590 0.053573
v -0.009025 0.009037 0.074329
v -0.018228 0.208190 0.049021
v -0.038871 0.208190 0.034766
v -0.027367 0.265245 0.006746
v -0.024957 0.265245 0.013099
v -0.027367 0.265245 -0.006745
v -0.050533 0.208190 0.012547
v -0.050533 0.208190 -0.012546
v -0.052056 0.208190 0.000000
v -0.046051 0.208190 -0.024364
v -0.016011 0.265245 -0.023196
v -0.006142 0.208190 -0.052045
v 0.009995 0.265245 -0.026354
v 0.003397 0.265245 -0.027980
v 0.021097 0.265245 -0.018690
v 0.018228 0.208190 -0.049020
v 0.038871 0.208190 -0.034765
v 0.029411 0.208190 -0.043146
v 0.046051 0.208190 -0.024364
v 0.028186 0.265245 0.000000
v 0.046051 0.208190 0.024364
v 0.016011 0.265245 0.023197
v 0.021097 0.265245 0.018691
v 0.009995 0.265245 0.026354
v 0.029411 0.208190 0.043147
v 0.018228 0.208190 0.049021
v -0.006142 0.208190 0.052045
v 0.066299 0.009037 0.034796
v 0.072699 0.009037 0.017919
v 0.074875 0.009037 0.000000
v 0.072699 0.009037 -0.017919
v 0.066299 0.009037 -0.034796
v 0.056045 0.009037 -0.049651
v 0.042534 0.009037 -0.061621
v 0.026551 0.009037 -0.070009
v 0.009025 0.009037 -0.074329
v -0.009025 0.009037 -0.074329
v -0.026551 0.009037 -0.070009
v -0.042534 0.009037 -0.061621
v -0.056045 0.009037 -0.049651
v -0.066299 0.009037 -0.034796
v -0.072699 0.009037 -0.017919
v -0.074875 0.009037 0.000000
v -0.072699 0.009037 0.017919
v -0.066299 0.009037 0.034796
v -0.056045 0.009037 0.049652
v -0.042534 0.009037 0.061621
v -0.026551 0.009037 0.070010
v -0.040985 0.004645 0.000000
v 0.026551 0.009037 0.070010
v 0.034689 0.057755 0.091467
v -0.011791 0.057755 0.097111
v -0.034689 0.057755 0.091467
v -0.055570 0.057755 0.080508
v -0.073222 0.057755 0.064869
v -0.086619 0.057755 0.045461
v -0.094981 0.057755 0.023411
v -0.097824 0.057755 0.000000
v -0.094981 0.057755 -0.023410
v -0.086619 0.057755 -0.045461
v -0.073222 0.057755 -0.064869
v -0.055570 0.057755 -0.080507
v -0.034689 0.057755 -0.091467
v -0.011791 0.057755 -0.097110
v 0.011791 0.057755 -0.097110
v 0.034689 0.057755 -0.091466
v 0.055570 0.057755 -0.080507
v 0.073222 0.057755 -0.064869
v 0.086619 0.057755 -0.045461
v 0.094981 0.057755 -0.023410
v 0.097824 0.057755 0.000000
v 0.094981 0.057755 0.023411
v 0.086619 0.057755 0.045461
v 0.073222 0.057755 0.064869
v 0.055570 0.057755 0.080508
v 0.011791 0.057755 0.097111
v 0.042534 0.009037 0.061621
v -0.003349 0.343030 0.027894
v -0.009828 0.342998 0.026180
v -0.015714 0.342945 0.022910
v -0.020689 0.342895 0.018349
v -0.024464 0.342858 0.012815
v -0.026821 0.342827 0.006594
v -0.027622 0.342814 -0.000004
v -0.026821 0.342826 -0.006601
v -0.024464 0.342859 -0.012816
v -0.020689 0.342910 -0.018308
v -0.015714 0.342931 -0.022756
v -0.009828 0.342897 -0.025892
v -0.003349 0.342860 -0.027520
v 0.003349 0.342860 -0.027520
v 0.009828 0.342897 -0.025892
v 0.015714 0.342931 -0.022756
v 0.020689 0.342910 -0.018308
v 0.024464 0.342859 -0.012816
v 0.026821 0.342826 -0.006601
v 0.027622 0.342814 -0.000004
v 0.026821 0.342827 0.006594
v 0.024464 0.342858 0.012815
v 0.020689 0.342895 0.018349
v 0.015714 0.342945 0.022910
v 0.009828 0.342998 0.026180
v 0.003349 0.343030 0.027894
v 0.056045 0.009037 0.049652
v -0.007454 0.192062 0.064557
v -0.022274 0.192062 0.060806
v -0.036139 0.192062 0.053520
v -0.047874 0.192062 0.043124
v -0.056780 0.192062 0.030222
v -0.062339 0.192062 0.015563
v -0.064228 0.192062 0.000000
v -0.062339 0.192062 -0.015563
v -0.056780 0.192062 -0.030221
v -0.047874 0.192062 -0.043123
v -0.036139 0.192062 -0.053519
v -0.022274 0.192062 -0.060805
v -0.007454 0.192062 -0.064557
v 0.007454 0.192062 -0.064557
v 0.022274 0.192062 -0.060805
v 0.036139 0.192062 -0.053519
v 0.047874 0.192062 -0.043123
v 0.056780 0.192062 -0.030221
v 0.062339 0.192062 -0.015563
v 0.064228 0.192062 0.000000
v 0.062339 0.192062 0.015563
v 0.056780 0.192062 0.030222
v 0.047874 0.192062 0.043124
v 0.036139 0.192062 0.053520
v -0.012208 0.081036 0.100542
v 0.012208 0.081036 0.100542
v -0.035914 0.081036 0.094699
v 0.003131 0.301652 0.025804
v -0.057534 0.081036 0.083352
v -0.034964 0.129640 0.092192
v -0.075809 0.081036 0.067161
v -0.056011 0.129640 0.081146
v -0.089679 0.081036 0.047067
v -0.073803 0.129640 0.065384
v -0.098337 0.081036 0.024238
v -0.087305 0.129640 0.045822
v -0.101280 0.081036 0.000000
v -0.095734 0.129640 0.023597
v -0.098337 0.081036 -0.024238
v -0.098599 0.129640 0.000000
v -0.089679 0.081036 -0.047067
v -0.095734 0.129640 -0.023596
v -0.075809 0.081036 -0.067161
v -0.087305 0.129640 -0.045821
v -0.057534 0.081036 -0.083351
v -0.073803 0.129640 -0.065383
v -0.035914 0.081036 -0.094698
v -0.056011 0.129640 -0.081145
v -0.012208 0.081036 -0.100541
v -0.034964 0.129640 -0.092192
v 0.012208 0.081036 -0.100541
v -0.011885 0.129640 -0.097880
v 0.035914 0.081036 -0.094698
v 0.011885 0.129640 -0.097880
v 0.057534 0.081036 -0.083351
v 0.034964 0.129640 -0.092192
v 0.075809 0.081036 -0.067161
v 0.056011 0.129640 -0.081145
v 0.089679 0.081036 -0.047067
v 0.073803 0.129640 -0.065383
v 0.098337 0.081036 -0.024238
v 0.087305 0.129640 -0.045821
v 0.101280 0.081036 0.000000
v 0.095734 0.129640 -0.023596
v 0.098337 0.081036 0.024238
v 0.098599 0.129640 0.000000
v 0.089679 0.081036 0.047067
v 0.095734 0.129640 0.023597
v 0.075809 0.081036 0.067161
v 0.087305 0.129640 0.045822
v 0.057534 0.081036 0.083352
v 0.073803 0.129640 0.065384
v 0.035914 0.081036 0.094699
v 0.056011 0.129640 0.081146
v -0.011885 0.129640 0.097881
v 0.034964 0.129640 0.092192
v 0.010825 0.154281 0.089232
v 0.007454 0.192062 0.064557
v -0.003397 0.265245 0.027981
v -0.029411 0.208190 0.043147
v 0.024957 0.265245 0.013099
v 0.038871 0.208190 0.034766
v 0.027367 0.265245 0.006746
v 0.027367 0.265245 -0.006745
v 0.052056 0.208190 0.000000
v 0.050533 0.208190 0.012547
v 0.050533 0.208190 -0.012546
v 0.016011 0.265245 -0.023196
v 0.024957 0.265245 -0.013098
v -0.003397 0.265245 -0.027980
v 0.006142 0.208190 -0.052045
v -0.009995 0.265245 -0.026354
v -0.021097 0.265245 -0.018690
v -0.029411 0.208190 -0.043146
v -0.018228 0.208190 -0.049020
v -0.038871 0.208190 -0.034765
v -0.028186 0.265245 0.000000
v -0.024957 0.265245 -0.013098
v -0.021097 0.265245 0.018691
v -0.046051 0.208190 0.024364
v -0.016011 0.265245 0.023197
v -0.009995 0.265245 0.026354
v 0.006142 0.208190 0.052045
v 0.009139 0.175517 0.077108
v 0.031855 0.154281 0.084047
v 0.027087 0.175517 0.072627
v 0.051042 0.154281 0.073976
v 0.043657 0.175517 0.063925
v 0.067262 0.154281 0.059607
v 0.057673 0.175517 0.051508
v 0.079572 0.154281 0.041773
v 0.068310 0.175517 0.036097
v 0.087256 0.154281 0.021512
v 0.074951 0.175517 0.018589
v 0.089868 0.154281 0.000000
v 0.077208 0.175517 0.000000
v 0.087256 0.154281 -0.021511
v 0.074951 0.175517 -0.018588
v 0.079572 0.154281 -0.041773
v 0.068310 0.175517 -0.036097
v 0.067262 0.154281 -0.059606
v 0.057673 0.175517 -0.051507
v 0.051042 0.154281 -0.073976
v 0.043657 0.175517 -0.063924
v 0.031855 0.154281 -0.084046
v 0.027087 0.175517 -0.072627
v 0.010825 0.154281 -0.089232
v 0.009139 0.175517 -0.077108
v -0.010825 0.154281 -0.089232
v -0.009139 0.175517 -0.077108
v -0.031855 0.154281 -0.084046
v -0.027087 0.175517 -0.072627
v -0.051042 0.154281 -0.073976
v -0.043657 0.175517 -0.063924
v -0.067262 0.154281 -0.059606
v -0.057673 0.175517 -0.051507
v -0.079572 0.154281 -0.041773
v -0.068310 0.175517 -0.036097
v -0.087256 0.154281 -0.021511
v -0.074951 0.175517 -0.018588
v -0.089868 0.154281 0.000000
v -0.077208 0.175517 0.000000
v -0.087256 0.154281 0.021512
v -0.074951 0.175517 0.018589
v -0.079572 0.154281 0.041773
v -0.068310 0.175517 0.036097
v -0.067262 0.154281 0.059607
v -0.057673 0.175517 0.051508
v -0.051042 0.154281 0.073976
v -0.043657 0.175517 0.063925
v -0.031855 0.154281 0.084047
v -0.027087 0.175517 0.072627
v -0.010825 0.154281 0.089232
v -0.009139 0.175517 0.077108
v 0.022274 0.192062 0.060806
v 0.003956 0.246565 0.032579
v 0.004932 0.227224 0.040679
v 0.011638 0.246565 0.030686
v 0.014516 0.227224 0.038315
v 0.018643 0.246565 0.027009
v 0.023263 0.227224 0.033724
v 0.024565 0.246565 0.021763
v 0.030657 0.227224 0.027173
v 0.029059 0.246565 0.015252
v 0.036268 0.227224 0.019043
v 0.031865 0.246565 0.007854
v 0.039771 0.227224 0.009807
v 0.032818 0.246565 0.000000
v 0.040962 0.227224 0.000000
v 0.031865 0.246565 -0.007854
v 0.039771 0.227224 -0.009806
v 0.029059 0.246565 -0.015251
v 0.036268 0.227224 -0.019043
v 0.024565 0.246565 -0.021762
v 0.030657 0.227224 -0.027173
v 0.018643 0.246565 -0.027009
v 0.023263 0.227224 -0.033723
v 0.011638 0.246565 -0.030685
v 0.014516 0.227224 -0.038314
v 0.003956 0.246565 -0.032579
v 0.004932 0.227224 -0.040678
v -0.003956 0.246565 -0.032579
v -0.004932 0.227224 -0.040678
v -0.011638 0.246565 -0.030685
v -0.014516 0.227224 -0.038314
v -0.018643 0.246565 -0.027009
v -0.023263 0.227224 -0.033723
v -0.024565 0.246565 -0.021762
v -0.030657 0.227224 -0.027173
v -0.029059 0.246565 -0.015251
v -0.036268 0.227224 -0.019043
v -0.031865 0.246565 -0.007854
v -0.039771 0.227224 -0.009806
v -0.032818 0.246565 0.000000
v -0.040962 0.227224 0.000000
v -0.031865 0.246565 0.007854
v -0.039771 0.227224 0.009807
v -0.029059 0.246565 0.015252
v -0.036268 0.227224 0.019043
v -0.024565 0.246565 0.021763
v -0.030657 0.227224 0.027173
v -0.018643 0.246565 0.027009
v -0.023263 0.227224 0.033724
v -0.011638 0.246565 0.030686
v -0.014516 0.227224 0.038315
v -0.003956 0.246565 0.032579
v -0.004932 0.227224 0.040679
v 0.003397 0.265245 0.027981
v -0.011026 0.036284 0.090807
v -0.009971 0.019857 0.082118
v -0.032437 0.036284 0.085530
v -0.029333 0.019857 0.077345
v -0.051963 0.036284 0.075282
v -0.046991 0.019857 0.068078
v -0.068469 0.036284 0.060659
v -0.061917 0.019857 0.054854
v -0.080996 0.036284 0.042510
v -0.073245 0.019857 0.038442
v -0.088816 0.036284 0.021891
v -0.080317 0.019857 0.019797
v -0.091474 0.036284 0.000000
v -0.082720 0.019857 0.000000
v -0.088816 0.036284 -0.021891
v -0.080317 0.019857 -0.019796
v -0.080996 0.036284 -0.042510
v -0.073245 0.019857 -0.038442
v -0.068469 0.036284 -0.060658
v -0.061917 0.019857 -0.054854
v -0.051963 0.036284 -0.075281
v -0.046991 0.019857 -0.068077
v -0.032437 0.036284 -0.085529
v -0.029333 0.019857 -0.077345
v -0.011026 0.036284 -0.090807
v -0.009971 0.019857 -0.082117
v 0.011026 0.036284 -0.090807
v 0.009971 0.019857 -0.082117
v 0.032437 0.036284 -0.085529
v 0.029333 0.019857 -0.077345
v 0.051963 0.036284 -0.075281
v 0.046991 0.019857 -0.068077
v 0.068469 0.036284 -0.060658
v 0.061917 0.019857 -0.054854
v 0.080996 0.036284 -0.042510
v 0.073245 0.019857 -0.038442
v 0.088816 0.036284 -0.021891
v 0.080317 0.019857 -0.019796
v 0.091474 0.036284 0.000000
v 0.082720 0.019857 0.000000
v 0.088816 0.036284 0.021891
v 0.080317 0.019857 0.019797
v 0.080996 0.036284 0.042510
v 0.073245 0.019857 0.038442
v 0.068469 0.036284 0.060659
v 0.061917 0.019857 0.054854
v 0.051963 0.036284 0.075282
v 0.046991 0.019857 0.068078
v 0.032437 0.036284 0.085530
v 0.029333 0.019857 0.077345
v 0.011026 0.036284 0.090807
v 0.009971 0.019857 0.082118
v 0.056991 0.002338 0.014047
v -0.012260 0.104434 0.100973
v -0.036068 0.104434 0.095105
v -0.057780 0.104434 0.083709
v -0.076134 0.104434 0.067449
v -0.090063 0.104434 0.047269
v -0.098758 0.104434 0.024342
v -0.101714 0.104434 0.000000
v -0.098758 0.104434 -0.024341
v -0.090063 0.104434 -0.047269
v -0.076134 0.104434 -0.067449
v -0.057780 0.104434 -0.083709
v -0.036068 0.104434 -0.095104
v -0.012260 0.104434 -0.100972
v 0.012260 0.104434 -0.100972
v 0.036068 0.104434 -0.095104
v 0.057780 0.104434 -0.083709
v 0.076134 0.104434 -0.067449
v 0.090063 0.104434 -0.047269
v 0.098758 0.104434 -0.024341
v 0.101714 0.104434 0.000000
v 0.098758 0.104434 0.024342
v 0.090063 0.104434 0.047269
v 0.076134 0.104434 0.067449
v 0.057780 0.104434 0.083709
v 0.036068 0.104434 0.095105
v 0.012260 0.104434 0.100973
v 0.011885 0.129640 0.097881
v 0.009210 0.301651 0.024301
v 0.014754 0.301649 0.021384
v 0.019441 0.301648 0.017226
v 0.022998 0.301648 0.012071
v 0.025218 0.301648 0.006216
v 0.025973 0.301648 0.000000
v 0.025218 0.301648 -0.006215
v 0.022998 0.301648 -0.012070
v 0.019441 0.301648 -0.017223
v 0.014754 0.301648 -0.021375
v 0.009210 0.301648 -0.024285
v 0.003131 0.301648 -0.025783
v -0.003131 0.301648 -0.025783
v -0.009210 0.301648 -0.024285
v -0.014754 0.301648 -0.021375
v -0.019441 0.301648 -0.017223
v -0.022998 0.301648 -0.012070
v -0.025218 0.301648 -0.006215
v -0.025973 0.301648 0.000000
v -0.025218 0.301648 0.006216
v -0.022998 0.301648 0.012071
v -0.019441 0.301648 0.017226
v -0.014754 0.301649 0.021384
v -0.009210 0.301651 0.024301
v -0.003131 0.301652 0.025804
v 0.008219 0.004127 0.067693
v 0.024181 0.004127 0.063759
v 0.038736 0.004127 0.056120
v 0.051041 0.004127 0.045219
v 0.060379 0.004127 0.031690
v 0.066209 0.004127 0.016319
v 0.068190 0.004127 0.000000
v 0.066209 0.004127 -0.016319
v 0.060379 0.004127 -0.031689
v 0.051041 0.004127 -0.045218
v 0.038736 0.004127 -0.056119
v 0.024181 0.004127 -0.063759
v 0.008219 0.004127 -0.067693
v -0.008219 0.004127 -0.067693
v -0.024181 0.004127 -0.063759
v -0.038736 0.004127 -0.056119
v -0.051041 0.004127 -0.045218
v -0.060379 0.004127 -0.031689
v -0.066209 0.004127 -0.016319
v -0.068190 0.004127 0.000000
v -0.066209 0.004127 0.016319
v -0.060379 0.004127 0.031690
v -0.051041 0.004127 0.045219
v -0.038736 0.004127 0.056120
v -0.024181 0.004127 0.063759
v -0.008219 0.004127 0.067693
v 0.009025 0.009037 0.074329
v 0.033343 0.002338 -0.048306
v -0.033343 0.002338 -0.048306
v -0.056991 0.002338 0.014047
v 0.043935 0.002339 0.038923
v 0.051973 0.002338 -0.027277
v -0.007075 0.002338 -0.058268
v -0.056991 0.002338 -0.014047
v -0.033343 0.002339 0.048306
v 0.020814 0.002338 0.054882
v 0.058696 0.002338 0.000000
v 0.020814 0.002338 -0.054882
v -0.043935 0.002338 -0.038923
v -0.051973 0.002339 0.027278
v 0.051973 0.002339 0.027278
v 0.043935 0.002338 -0.038923
v -0.020814 0.002338 -0.054882
v -0.058696 0.002338 0.000000
v -0.020814 0.002338 0.054882
v 0.033343 0.002339 0.048306
v 0.056991 0.002338 -0.014047
v 0.007075 0.002338 -0.058268
v -0.051973 0.002338 -0.027277
v -0.043935 0.002339 0.038923
v -0.007075 0.002338 0.058269
v 0.007075 0.002338 0.058269
v -0.039794 0.004645 -0.009808
v 0.014533 0.004645 -0.038321
v 0.023282 0.004645 -0.033730
v 0.030678 0.004645 0.027178
v 0.023282 0.004645 0.033730
v -0.004940 0.004645 0.040686
v -0.014533 0.004645 0.038322
v -0.036290 0.004645 -0.019046
v -0.030678 0.004645 -0.027178
v 0.030678 0.004645 -0.027178
v 0.036290 0.004645 -0.019046
v 0.014533 0.004645 0.038322
v -0.023282 0.004645 0.033730
v -0.030678 0.004645 0.027178
v -0.023282 0.004645 -0.033730
v -0.014533 0.004645 -0.038321
v 0.039794 0.004645 -0.009808
v 0.040985 0.004645 0.000000
v 0.004940 0.004645 0.040686
v -0.036290 0.004645 0.019047
v -0.039794 0.004645 0.009809
v -0.004940 0.004645 -0.040686
v 0.004940 0.004645 -0.040686
v 0.039794 0.004645 0.009809
v 0.036290 0.004645 0.019047
v -0.004436 0.368940 0.033742
v -0.012524 0.368844 0.031321
v -0.019367 0.368438 0.027043
v -0.025144 0.367732 0.021401
v -0.029539 0.366894 0.014837
v -0.032282 0.366153 0.007581
v -0.033217 0.365835 -0.000083
v -0.032284 0.366121 -0.007726
v -0.029498 0.366949 -0.014947
v -0.025026 0.368211 -0.021838
v -0.019231 0.368724 -0.027972
v -0.012457 0.367880 -0.032715
v -0.004429 0.366928 -0.035492
v 0.004429 0.366928 -0.035492
v 0.012457 0.367880 -0.032715
v 0.019231 0.368724 -0.027972
v 0.025026 0.368211 -0.021838
v 0.029498 0.366949 -0.014947
v 0.032284 0.366121 -0.007726
v 0.033217 0.365835 -0.000083
v 0.032282 0.366153 0.007581
v 0.029539 0.366895 0.014837
v 0.025144 0.367732 0.021401
v 0.019367 0.368438 0.027043
v 0.012524 0.368844 0.031321
v 0.004436 0.368940 0.033742
v 0.005530 0.402179 0.049576
v 0.016300 0.401996 0.045463
v 0.026302 0.401054 0.038890
v 0.035600 0.398698 0.031268
v 0.043073 0.395486 0.022807
v 0.047579 0.393223 0.011958
v 0.049207 0.392404 0.000394
v 0.047618 0.392732 -0.009681
v 0.040773 0.395659 -0.019564
v 0.028750 0.399934 -0.031501
v 0.017612 0.400853 -0.044214
v 0.010511 0.397859 -0.054208
v 0.003860 0.394508 -0.059597
v -0.003860 0.394508 -0.059597
v -0.010511 0.397859 -0.054208
v -0.017612 0.400853 -0.044214
v -0.028750 0.399934 -0.031501
v -0.040773 0.395659 -0.019564
v -0.047618 0.392732 -0.009681
v -0.049207 0.392404 0.000394
v -0.047579 0.393223 0.011958
v -0.043073 0.395486 0.022807
v -0.035600 0.398698 0.031268
v -0.026302 0.401054 0.038890
v -0.016300 0.401996 0.045463
v -0.005530 0.402179 0.049576
v -0.008561 0.012982 0.070504
v -0.016731 0.205093 0.044117
v -0.035317 0.205093 0.031288
v -0.022078 0.264244 0.005442
v -0.020134 0.264244 0.010568
v -0.022078 0.264244 -0.005441
v -0.045812 0.205093 0.011292
v -0.045812 0.205093 -0.011291
v -0.047183 0.205093 0.000000
v -0.041779 0.205093 -0.021927
v -0.012917 0.264244 -0.018713
v -0.005687 0.205093 -0.046839
v 0.008063 0.264244 -0.021260
v 0.002741 0.264244 -0.022572
v 0.017020 0.264244 -0.015078
v 0.016731 0.205093 -0.044117
v 0.035317 0.205093 -0.031288
v 0.026803 0.205093 -0.038831
v 0.041779 0.205093 -0.021927
v 0.022738 0.264244 0.000000
v 0.041779 0.205093 0.021927
v 0.012917 0.264245 0.018714
v 0.017020 0.264244 0.015079
v 0.008063 0.264245 0.021261
v 0.026803 0.205093 0.038831
v 0.016731 0.205093 0.044117
v -0.005687 0.205093 0.046839
v 0.062886 0.012982 0.033006
v 0.068958 0.012982 0.016997
v 0.071021 0.012982 0.000000
v 0.068958 0.012982 -0.016996
v 0.062886 0.012982 -0.033005
v 0.053160 0.012982 -0.047096
v 0.040345 0.012982 -0.058449
v 0.025185 0.012982 -0.066406
v 0.008561 0.012982 -0.070503
v -0.008561 0.012982 -0.070503
v -0.025185 0.012982 -0.066406
v -0.040345 0.012982 -0.058449
v -0.053160 0.012982 -0.047096
v -0.062886 0.012982 -0.033005
v -0.068958 0.012982 -0.016996
v -0.071021 0.012982 0.000000
v -0.068958 0.012982 0.016997
v -0.062886 0.012982 0.033006
v -0.053160 0.012982 0.047096
v -0.040345 0.012982 0.058450
v -0.025185 0.012982 0.066406
v -0.046482 0.009193 0.000000
v 0.025185 0.012982 0.066406
v 0.032776 0.058993 0.086422
v -0.011141 0.058993 0.091755
v -0.032776 0.058993 0.086422
v -0.052505 0.058993 0.076067
v -0.069184 0.058993 0.061292
v -0.081841 0.058993 0.042954
v -0.089743 0.058993 0.022120
v -0.092428 0.058993 0.000000
v -0.089743 0.058994 -0.022119
v -0.081841 0.058994 -0.042953
v -0.069184 0.058994 -0.061291
v -0.052505 0.058994 -0.076067
v -0.032776 0.058994 -0.086422
v -0.011141 0.058994 -0.091754
v 0.011141 0.058994 -0.091754
v 0.032776 0.058994 -0.086422
v 0.052505 0.058994 -0.076067
v 0.069184 0.058994 -0.061291
v 0.081841 0.058994 -0.042953
v 0.089743 0.058994 -0.022119
v 0.092428 0.058993 0.000000
v 0.089743 0.058993 0.022120
v 0.081841 0.058993 0.042954
v 0.069184 0.058993 0.061292
v 0.052505 0.058993 0.076067
v 0.011141 0.058993 0.091755
v 0.040345 0.012982 0.058450
v -0.002683 0.343759 0.022376
v -0.007873 0.343757 0.021012
v -0.012601 0.343742 0.018390
v -0.016615 0.343736 0.014710
v -0.019661 0.343747 0.010244
v -0.021555 0.343763 0.005255
v -0.022196 0.343772 -0.000004
v -0.021557 0.343763 -0.005254
v -0.019658 0.343750 -0.010237
v -0.016575 0.343782 -0.014707
v -0.012478 0.343858 -0.018370
v -0.007699 0.343952 -0.020937
v -0.002596 0.344032 -0.022237
v 0.002596 0.344032 -0.022237
v 0.007699 0.343951 -0.020937
v 0.012478 0.343858 -0.018370
v 0.016575 0.343782 -0.014707
v 0.019658 0.343750 -0.010237
v 0.021557 0.343763 -0.005254
v 0.022196 0.343772 -0.000004
v 0.021555 0.343763 0.005255
v 0.019661 0.343747 0.010244
v 0.016615 0.343736 0.014710
v 0.012601 0.343742 0.018390
v 0.007873 0.343757 0.021012
v 0.002683 0.343759 0.022376
v 0.053160 0.012982 0.047096
v -0.007148 0.188614 0.058867
v -0.021028 0.188614 0.055445
v -0.033685 0.188614 0.048802
v -0.044386 0.188614 0.039323
v -0.052506 0.188614 0.027558
v -0.057576 0.188614 0.014191
v -0.059299 0.188614 0.000000
v -0.057576 0.188614 -0.014191
v -0.052506 0.188614 -0.027557
v -0.044386 0.188614 -0.039322
v -0.033685 0.188614 -0.048801
v -0.021028 0.188614 -0.055445
v -0.007148 0.188614 -0.058866
v 0.007148 0.188614 -0.058866
v 0.021028 0.188614 -0.055445
v 0.033685 0.188614 -0.048801
v 0.044386 0.188614 -0.039322
v 0.052506 0.188614 -0.027557
v 0.057576 0.188614 -0.014191
v 0.059299 0.188614 0.000000
v 0.057576 0.188614 0.014191
v 0.052506 0.188614 0.027558
v 0.044386 0.188614 0.039323
v 0.033685 0.188614 0.048802
v -0.011542 0.081499 0.095057
v 0.011542 0.081499 0.095057
v -0.033955 0.081499 0.089533
v 0.002461 0.301551 0.020312
v -0.054395 0.081499 0.078805
v -0.033059 0.128372 0.087170
v -0.071674 0.081499 0.063498
v -0.052959 0.128372 0.076725
v -0.084787 0.081499 0.044500
v -0.069782 0.128372 0.061822
v -0.092973 0.081499 0.022916
v -0.082549 0.128372 0.043325
v -0.095755 0.081499 0.000000
v -0.090519 0.128372 0.022311
v -0.092973 0.081499 -0.022916
v -0.093228 0.128372 0.000000
v -0.084787 0.081499 -0.044499
v -0.090519 0.128372 -0.022311
v -0.071674 0.081499 -0.063497
v -0.082549 0.128372 -0.043325
v -0.054395 0.081499 -0.078805
v -0.069782 0.128372 -0.061821
v -0.033955 0.081499 -0.089533
v -0.052959 0.128372 -0.076725
v -0.011542 0.081499 -0.095057
v -0.033059 0.128372 -0.087169
v 0.011542 0.081499 -0.095057
v -0.011237 0.128372 -0.092548
v 0.033955 0.081499 -0.089533
v 0.011237 0.128372 -0.092548
v 0.054395 0.081499 -0.078805
v 0.033059 0.128372 -0.087169
v 0.071674 0.081499 -0.063497
v 0.052959 0.128372 -0.076725
v 0.084787 0.081499 -0.044499
v 0.069782 0.128372 -0.061821
v 0.092973 0.081499 -0.022916
v 0.082549 0.128372 -0.043325
v 0.095755 0.081499 0.000000
v 0.090519 0.128372 -0.022311
v 0.092973 0.081499 0.022916
v 0.093228 0.128372 0.000000
v 0.084787 0.081499 0.044500
v 0.090519 0.128372 0.022311
v 0.071674 0.081499 0.063498
v 0.082549 0.128372 0.043325
v 0.054395 0.081499 0.078805
v 0.069782 0.128372 0.061822
v 0.033955 0.081499 0.089533
v 0.052959 0.128372 0.076725
v -0.011237 0.128372 0.092548
v 0.033059 0.128372 0.087170
v 0.010232 0.151870 0.084266
v 0.007148 0.188614 0.058867
v -0.002741 0.264245 0.022573
v -0.026803 0.205093 0.038831
v 0.020134 0.264244 0.010568
v 0.035317 0.205093 0.031288
v 0.022078 0.264244 0.005442
v 0.022078 0.264244 -0.005441
v 0.047183 0.205093 0.000000
v 0.045812 0.205093 0.011292
v 0.045812 0.205093 -0.011291
v 0.012917 0.264244 -0.018713
v 0.020134 0.264244 -0.010567
v -0.002741 0.264244 -0.022572
v 0.005687 0.205093 -0.046839
v -0.008063 0.264244 -0.021260
v -0.017020 0.264244 -0.015078
v -0.026803 0.205093 -0.038831
v -0.016731 0.205093 -0.044117
v -0.035317 0.205093 -0.031288
v -0.022738 0.264244 0.000000
v -0.020134 0.264244 -0.010567
v -0.017020 0.264244 0.015079
v -0.041779 0.205093 0.021927
v -0.012917 0.264245 0.018714
v -0.008063 0.264245 0.021261
v 0.005687 0.205093 0.046839
v 0.008724 0.172266 0.071849
v 0.030101 0.151870 0.079369
v 0.025665 0.172266 0.067674
v 0.048220 0.151870 0.069859
v 0.041115 0.172266 0.059565
v 0.063537 0.151870 0.056289
v 0.054175 0.172266 0.047995
v 0.075162 0.151870 0.039448
v 0.064086 0.172266 0.033635
v 0.082418 0.151870 0.020315
v 0.070274 0.172266 0.017321
v 0.084885 0.151870 0.000000
v 0.072377 0.172266 0.000000
v 0.082418 0.151870 -0.020314
v 0.070274 0.172266 -0.017321
v 0.075162 0.151870 -0.039448
v 0.064086 0.172266 -0.033635
v 0.063537 0.151870 -0.056289
v 0.054175 0.172266 -0.047994
v 0.048220 0.151870 -0.069858
v 0.041115 0.172266 -0.059565
v 0.030101 0.151870 -0.079368
v 0.025665 0.172266 -0.067673
v 0.010232 0.151870 -0.084266
v 0.008724 0.172266 -0.071849
v -0.010232 0.151870 -0.084266
v -0.008724 0.172266 -0.071849
v -0.030101 0.151870 -0.079368
v -0.025665 0.172266 -0.067673
v -0.048220 0.151870 -0.069858
v -0.041115 0.172266 -0.059565
v -0.063537 0.151870 -0.056289
v -0.054175 0.172266 -0.047994
v -0.075162 0.151870 -0.039448
v -0.064086 0.172266 -0.033635
v -0.082418 0.151870 -0.020314
v -0.070274 0.172266 -0.017321
v -0.084885 0.151870 0.000000
v -0.072377 0.172266 0.000000
v -0.082418 0.151870 0.020315
v -0.070274 0.172266 0.017321
v -0.075162 0.151870 0.039448
v -0.064086 0.172266 0.033635
v -0.063537 0.151870 0.056289
v -0.054175 0.172266 0.047995
v -0.048220 0.151870 0.069859
v -0.041115 0.172266 0.059565
v -0.030101 0.151870 0.079369
v -0.025665 0.172266 0.067674
v -0.010232 0.151870 0.084266
v -0.008724 0.172266 0.071849
v 0.021028 0.188614 0.055445
v 0.003323 0.244782 0.027367
v 0.004338 0.224733 0.035728
v 0.009776 0.244782 0.025777
v 0.012762 0.224733 0.033652
v 0.015660 0.244782 0.022688
v 0.020445 0.224733 0.029620
v 0.020635 0.244782 0.018281
v 0.026939 0.224733 0.023866
v 0.024410 0.244782 0.012812
v 0.031868 0.224733 0.016726
v 0.026767 0.244782 0.006598
v 0.034944 0.224733 0.008613
v 0.027568 0.244782 0.000000
v 0.035990 0.224733 0.000000
v 0.026767 0.244782 -0.006597
v 0.034944 0.224733 -0.008613
v 0.024410 0.244782 -0.012811
v 0.031868 0.224733 -0.016725
v 0.020635 0.244782 -0.018280
v 0.026939 0.224733 -0.023866
v 0.015660 0.244782 -0.022687
v 0.020445 0.224733 -0.029619
v 0.009776 0.244782 -0.025776
v 0.012762 0.224733 -0.033651
v 0.003323 0.244782 -0.027366
v 0.004338 0.224733 -0.035727
v -0.003323 0.244782 -0.027366
v -0.004338 0.224733 -0.035727
v -0.009776 0.244782 -0.025776
v -0.012762 0.224733 -0.033651
v -0.015660 0.244782 -0.022687
v -0.020445 0.224733 -0.029619
v -0.020635 0.244782 -0.018280
v -0.026939 0.224733 -0.023866
v -0.024410 0.244782 -0.012811
v -0.031868 0.224733 -0.016725
v -0.026767 0.244782 -0.006597
v -0.034944 0.224733 -0.008613
v -0.027568 0.244782 0.000000
v -0.035990 0.224733 0.000000
v -0.026767 0.244782 0.006598
v -0.034944 0.224733 0.008613
v -0.024410 0.244782 0.012812
v -0.031868 0.224733 0.016726
v -0.020635 0.244782 0.018281
v -0.026939 0.224733 0.023866
v -0.015660 0.244782 0.022688
v -0.020445 0.224733 0.029620
v -0.009776 0.244782 0.025777
v -0.012762 0.224733 0.033652
v -0.003323 0.244782 0.027367
v -0.004338 0.224733 0.035728
v 0.002741 0.264245 0.022573
v -0.010413 0.038458 0.085756
v -0.009412 0.022902 0.077516
v -0.030633 0.038458 0.080772
v -0.027689 0.022902 0.073011
v -0.049073 0.038458 0.071094
v -0.044357 0.022902 0.064263
v -0.064661 0.038458 0.057285
v -0.058447 0.022902 0.051780
v -0.076491 0.038458 0.040146
v -0.069141 0.022902 0.036288
v -0.083875 0.038458 0.020674
v -0.075816 0.022902 0.018687
v -0.086386 0.038458 0.000000
v -0.078085 0.022902 0.000000
v -0.083875 0.038458 -0.020673
v -0.075816 0.022902 -0.018687
v -0.076491 0.038458 -0.040145
v -0.069141 0.022902 -0.036288
v -0.064661 0.038458 -0.057284
v -0.058447 0.022902 -0.051779
v -0.049073 0.038458 -0.071094
v -0.044357 0.022902 -0.064262
v -0.030633 0.038458 -0.080772
v -0.027689 0.022902 -0.073010
v -0.010413 0.038458 -0.085755
v -0.009412 0.022902 -0.077515
v 0.010413 0.038458 -0.085755
v 0.009412 0.022902 -0.077515
v 0.030633 0.038458 -0.080772
v 0.027689 0.022902 -0.073010
v 0.049073 0.038458 -0.071094
v 0.044357 0.022902 -0.064262
v 0.064661 0.038458 -0.057284
v 0.058447 0.022902 -0.051779
v 0.076491 0.038458 -0.040145
v 0.069141 0.022902 -0.036288
v 0.083875 0.038458 -0.020673
v 0.075816 0.022902 -0.018687
v 0.086386 0.038458 0.000000
v 0.078085 0.022902 0.000000
v 0.083875 0.038458 0.020674
v 0.075816 0.022902 0.018687
v 0.076491 0.038458 0.040146
v 0.069141 0.022902 0.036288
v 0.064661 0.038458 0.057285
v 0.058447 0.022902 0.051780
v 0.049073 0.038458 0.071094
v 0.044357 0.022902 0.064263
v 0.030633 0.038458 0.080772
v 0.027689 0.022902 0.073011
v 0.010413 0.038458 0.085756
v 0.009412 0.022902 0.077516
v 0.056417 0.007884 0.013906
v -0.011594 0.104158 0.095483
v -0.034107 0.104158 0.089934
v -0.054639 0.104158 0.079158
v -0.071995 0.104158 0.063782
v -0.085167 0.104158 0.044699
v -0.093389 0.104158 0.023019
v -0.096184 0.104158 0.000000
v -0.093389 0.104158 -0.023018
v -0.085167 0.104158 -0.044699
v -0.071995 0.104158 -0.063782
v -0.054639 0.104158 -0.079158
v -0.034107 0.104158 -0.089933
v -0.011594 0.104158 -0.095483
v 0.011594 0.104158 -0.095483
v 0.034107 0.104158 -0.089933
v 0.054639 0.104158 -0.079158
v 0.071995 0.104158 -0.063782
v 0.085167 0.104158 -0.044699
v 0.093389 0.104158 -0.023018
v 0.096184 0.104158 0.000000
v 0.093389 0.104158 0.023019
v 0.085167 0.104158 0.044699
v 0.071995 0.104158 0.063782
v 0.054639 0.104158 0.079158
v 0.034107 0.104158 0.089934
v 0.011594 0.104158 0.095483
v 0.011237 0.128372 0.092548
v 0.007243 0.301549 0.019131
v 0.011607 0.301546 0.016836
v 0.015299 0.301544 0.013562
v 0.018102 0.301545 0.009501
v 0.019850 0.301546 0.004892
v 0.020445 0.301547 0.000000
v 0.019851 0.301547 -0.004891
v 0.018103 0.301545 -0.009499
v 0.015301 0.301544 -0.013557
v 0.011609 0.301547 -0.016828
v 0.007243 0.301552 -0.019120
v 0.002461 0.301557 -0.020299
v -0.002461 0.301557 -0.020299
v -0.007243 0.301552 -0.019120
v -0.011609 0.301547 -0.016828
v -0.015301 0.301544 -0.013557
v -0.018103 0.301545 -0.009499
v -0.019851 0.301547 -0.004891
v -0.020445 0.301547 0.000000
v -0.019850 0.301546 0.004892
v -0.018102 0.301545 0.009501
v -0.015299 0.301544 0.013562
v -0.011607 0.301546 0.016836
v -0.007243 0.301549 0.019131
v -0.002461 0.301551 0.020312
v 0.007944 0.009076 0.065421
v 0.023369 0.009076 0.061619
v 0.037436 0.009076 0.054236
v 0.049328 0.009076 0.043701
v 0.058353 0.009076 0.030626
v 0.063986 0.009076 0.015771
v 0.065901 0.009076 0.000000
v 0.063986 0.009076 -0.015771
v 0.058353 0.009076 -0.030626
v 0.049328 0.009076 -0.043700
v 0.037436 0.009077 -0.054235
v 0.023369 0.009077 -0.061618
v 0.007944 0.009077 -0.065420
v -0.007944 0.009077 -0.065420
v -0.023369 0.009077 -0.061618
v -0.037436 0.009077 -0.054235
v -0.049328 0.009076 -0.043700
v -0.058353 0.009076 -0.030626
v -0.063986 0.009076 -0.015771
v -0.065901 0.009076 0.000000
v -0.063986 0.009076 0.015771
v -0.058353 0.009076 0.030626
v -0.049328 0.009076 0.043701
v -0.037436 0.009076 0.054236
v -0.023369 0.009076 0.061619
v -0.007944 0.009076 0.065421
v 0.008561 0.012982 0.070504
v 0.033008 0.007884 -0.047820
v -0.033008 0.007884 -0.047820
v -0.056417 0.007884 0.013906
v 0.043493 0.007884 0.038531
v 0.051450 0.007884 -0.027003
v -0.007004 0.007884 -0.057682
v -0.056417 0.007884 -0.013905
v -0.033008 0.007884 0.047820
v 0.020604 0.007884 0.054330
v 0.058105 0.007884 0.000000
v 0.020604 0.007884 -0.054329
v -0.043493 0.007884 -0.038531
v -0.051450 0.007884 0.027003
v 0.051450 0.007884 0.027003
v 0.043493 0.007884 -0.038531
v -0.020604 0.007884 -0.054329
v -0.058105 0.007884 0.000000
v -0.020604 0.007884 0.054330
v 0.033008 0.007884 0.047820
v 0.056417 0.007884 -0.013905
v 0.007004 0.007884 -0.057682
v -0.051450 0.007884 -0.027003
v -0.043493 0.007884 0.038531
v -0.007004 0.007884 0.057682
v 0.007004 0.007884 0.057682
v -0.045131 0.009193 -0.011123
v 0.016483 0.009193 -0.043461
v 0.026404 0.009193 -0.038253
v 0.034792 0.009193 0.030823
v 0.026404 0.009193 0.038254
v -0.005603 0.009193 0.046143
v -0.016483 0.009193 0.043461
v -0.041157 0.009193 -0.021601
v -0.034792 0.009193 -0.030823
v 0.034792 0.009193 -0.030823
v 0.041157 0.009193 -0.021601
v 0.016483 0.009193 0.043461
v -0.026404 0.009193 0.038254
v -0.034792 0.009193 0.030823
v -0.026404 0.009193 -0.038253
v -0.016483 0.009193 -0.043461
v 0.045131 0.009193 -0.011123
v 0.046482 0.009193 0.000000
v 0.005603 0.009193 0.046143
v -0.041157 0.009193 0.021601
v -0.045131 0.009193 0.011124
v -0.005603 0.009193 -0.046142
v 0.005603 0.009193 -0.046142
v 0.045131 0.009193 0.011124
v 0.041157 0.009193 0.021601
v -0.003800 0.370774 0.028518
v -0.010698 0.370718 0.026468
v -0.016552 0.370393 0.022797
v -0.021547 0.369831 0.017912
v -0.025323 0.369172 0.012278
v -0.027628 0.368574 0.006193
v -0.028395 0.368300 -0.000064
v -0.027627 0.368463 -0.006213
v -0.025235 0.369035 -0.012186
v -0.021172 0.370121 -0.018328
v -0.015760 0.370667 -0.024103
v -0.009761 0.370168 -0.028560
v -0.003368 0.369686 -0.031050
v 0.003368 0.369686 -0.031050
v 0.009761 0.370168 -0.028560
v 0.015760 0.370667 -0.024103
v 0.021172 0.370121 -0.018328
v 0.025235 0.369035 -0.012186
v 0.027627 0.368463 -0.006213
v 0.028395 0.368300 -0.000064
v 0.027628 0.368574 0.006193
v 0.025323 0.369172 0.012278
v 0.021547 0.369831 0.017912
v 0.016552 0.370393 0.022797
v 0.010698 0.370718 0.026468
v 0.003800 0.370774 0.028518
v 0.005822 0.401553 0.052669
v 0.017175 0.401364 0.048375
v 0.027672 0.400401 0.041513
v 0.037383 0.397901 0.033553
v 0.045240 0.394411 0.024607
v 0.050045 0.391911 0.012985
v 0.051816 0.391039 0.000396
v 0.050117 0.391600 -0.010784
v 0.042926 0.395034 -0.021543
v 0.030614 0.399744 -0.033887
v 0.019454 0.400769 -0.046708
v 0.012158 0.397385 -0.056839
v 0.004562 0.393410 -0.062430
v -0.004562 0.393410 -0.062430
v -0.012158 0.397385 -0.056839
v -0.019454 0.400769 -0.046708
v -0.030614 0.399744 -0.033887
v -0.042926 0.395034 -0.021543
v -0.050117 0.391600 -0.010784
v -0.051816 0.391039 0.000396
v -0.050045 0.391911 0.012985
v -0.045240 0.394411 0.024607
v -0.037383 0.397901 0.033553
v -0.027672 0.400401 0.041513
v -0.017175 0.401364 0.048375
v -0.005822 0.401553 0.052669
v -0.005610 0.388734 0.044817
v -0.015931 0.388591 0.041243
v -0.024781 0.387769 0.035404
v -0.032592 0.385897 0.028352
v -0.038764 0.383422 0.020359
v -0.042601 0.381501 0.010611
v -0.043983 0.380771 0.000073
v -0.042649 0.381349 -0.009829
v -0.037769 0.383848 -0.019198
v -0.029742 0.387411 -0.029058
v -0.021496 0.388471 -0.038740
v -0.014157 0.385947 -0.046542
v -0.005269 0.382953 -0.051156
v 0.005269 0.382953 -0.051156
v 0.014157 0.385947 -0.046542
v 0.021496 0.388471 -0.038740
v 0.029742 0.387411 -0.029058
v 0.037769 0.383848 -0.019198
v 0.042649 0.381349 -0.009829
v 0.043983 0.380771 0.000073
v 0.042601 0.381501 0.010611
v 0.038764 0.383422 0.020359
v 0.032592 0.385897 0.028352
v 0.024781 0.387769 0.035404
v 0.015931 0.388591 0.041243
v 0.005610 0.388734 0.044817
v -0.005047 0.391866 0.040243
v -0.014374 0.391725 0.036967
v -0.022509 0.390949 0.031580
v -0.029811 0.389255 0.025050
v -0.035531 0.387053 0.017775
v -0.038978 0.385363 0.009140
v -0.040177 0.384683 0.000122
v -0.038993 0.384986 -0.008066
v -0.034370 0.386941 -0.016120
v -0.026265 0.390057 -0.025579
v -0.017742 0.390994 -0.035464
v -0.010848 0.388971 -0.043348
v -0.003891 0.386817 -0.047754
v 0.003891 0.386817 -0.047754
v 0.010848 0.388971 -0.043348
v 0.017742 0.390994 -0.035464
v 0.026265 0.390057 -0.025579
v 0.034370 0.386941 -0.016120
v 0.038993 0.384986 -0.008066
v 0.040177 0.384683 0.000122
v 0.038978 0.385363 0.009140
v 0.035531 0.387053 0.017775
v 0.029811 0.389255 0.025050
v 0.022509 0.390949 0.031580
v 0.014374 0.391725 0.036967
v 0.005047 0.391866 0.040243
v 0.040360 0.003722 0.021183
v 0.044257 0.003722 0.010909
v 0.005494 0.003722 -0.045249
v -0.005494 0.003722 -0.045249
v -0.044257 0.003722 0.010909
v -0.040360 0.003722 0.021183
v 0.005494 0.003722 0.045249
v 0.045582 0.003722 0.000000
v 0.044257 0.003722 -0.010908
v -0.016163 0.003722 -0.042619
v -0.025893 0.003722 -0.037513
v -0.034118 0.003722 0.030226
v -0.025893 0.003722 0.037513
v 0.016163 0.003722 0.042620
v 0.040360 0.003722 -0.021183
v 0.034118 0.003722 -0.030226
v -0.034118 0.003722 -0.030226
v -0.040360 0.003722 -0.021183
v -0.016163 0.003722 0.042620
v -0.005494 0.003722 0.045249
v 0.025893 0.003722 0.037513
v 0.034118 0.003722 0.030226
v 0.025893 0.003722 -0.037513
v 0.016163 0.003722 -0.042619
v -0.044257 0.003722 -0.010908
v -0.045582 0.003722 0.000000
v -0.050910 0.002678 0.000000
v -0.049431 0.002678 -0.012183
v 0.018053 0.002678 -0.047602
v 0.028920 0.002678 -0.041898
v 0.038107 0.002678 0.033760
v 0.028920 0.002678 0.041899
v -0.006137 0.002678 0.050539
v -0.018053 0.002678 0.047602
v -0.045079 0.002678 -0.023659
v -0.038107 0.002678 -0.033759
v 0.038107 0.002678 -0.033759
v 0.045079 0.002678 -0.023659
v 0.018053 0.002678 0.047602
v -0.028920 0.002678 0.041899
v -0.038107 0.002678 0.033760
v -0.028920 0.002678 -0.041898
v -0.018053 0.002678 -0.047602
v 0.049431 0.002678 -0.012183
v 0.050910 0.002678 0.000000
v 0.006137 0.002678 0.050539
v -0.045079 0.002678 0.023659
v -0.049431 0.002678 0.012184
v -0.006137 0.002678 -0.050539
v 0.006137 0.002678 -0.050539
v 0.049431 0.002678 0.012184
v 0.045079 0.002678 0.023659
v -0.009779 0.011317 -0.025786
v -0.020643 0.011317 0.018288
v 0.027578 0.011317 0.000000
v -0.027578 0.011317 0.000000
v -0.003324 0.011317 -0.027377
v -0.024419 0.011317 0.012817
v 0.026777 0.011317 0.006600
v 0.003324 0.011317 -0.027377
v -0.026777 0.011317 0.006600
v 0.024419 0.011317 0.012817
v 0.009779 0.011317 -0.025786
v -0.026777 0.011317 -0.006600
v 0.020643 0.011317 0.018288
v 0.015666 0.011317 -0.022696
v -0.024419 0.011317 -0.012816
v 0.015666 0.011317 0.022697
v -0.003324 0.011317 0.027378
v 0.020643 0.011317 -0.018288
v -0.020643 0.011317 -0.018288
v 0.009779 0.011317 0.025787
v -0.009779 0.011317 0.025787
v 0.024419 0.011317 -0.012816
v -0.015666 0.011317 -0.022696
v 0.003324 0.011317 0.027378
v -0.015666 0.011317 0.022697
v 0.026777 0.011317 -0.006600
v -0.019411 0.005511 -0.028121
v 0.030256 0.005511 -0.015879
v -0.012117 0.005511 0.031949
v 0.012117 0.005511 0.031949
v -0.025576 0.005511 -0.022658
v -0.034170 0.005511 0.000000
v 0.025576 0.005511 -0.022658
v -0.004119 0.005511 0.033921
v 0.019411 0.005511 0.028121
v -0.030256 0.005511 -0.015879
v 0.019411 0.005511 -0.028121
v 0.025576 0.005511 0.022659
v -0.033177 0.005511 -0.008177
v 0.012117 0.005511 -0.031949
v 0.030256 0.005511 0.015880
v -0.033177 0.005511 0.008178
v 0.004119 0.005511 -0.033920
v 0.033177 0.005511 0.008178
v -0.030256 0.005511 0.015880
v -0.004119 0.005511 -0.033920
v 0.034170 0.005511 0.000000
v -0.025576 0.005511 0.022659
v -0.012117 0.005511 -0.031949
v 0.033177 0.005511 -0.008177
v -0.019411 0.005511 0.028121
v 0.004119 0.005511 0.033921
v -0.011338 0.006358 0.016426
v 0.007078 0.006358 0.018662
v -0.011338 0.006358 -0.016426
v 0.017673 0.006358 -0.009275
v -0.007078 0.006358 0.018662
v 0.011338 0.006358 0.016426
v -0.014940 0.006358 -0.013235
v 0.014940 0.006358 -0.013235
v -0.002406 0.006358 0.019814
v 0.014940 0.006358 0.013236
v -0.017673 0.006358 -0.009275
v 0.011338 0.006358 -0.016426
v -0.019379 0.006358 -0.004776
v 0.007078 0.006358 -0.018662
v 0.017673 0.006358 0.009276
v -0.019379 0.006358 0.004777
v 0.002406 0.006358 -0.019813
v 0.019379 0.006358 0.004777
v -0.017673 0.006358 0.009276
v -0.019959 0.006358 0.000000
v -0.002406 0.006358 -0.019813
v 0.019959 0.006358 0.000000
v -0.014940 0.006358 0.013236
v 0.002406 0.006358 0.019814
v -0.007078 0.006358 -0.018662
v 0.019379 0.006358 -0.004776
vn 0.0747 -0.6632 0.7448
vn 0.0981 -0.1764 0.9794
vn 0.2723 -0.1579 0.9492
vn 0.2719 -0.1580 0.9493
vn 0.2042 -0.6490 0.7329
vn 0.3065 -0.6317 0.7121
vn 0.3063 -0.6319 0.7119
vn 0.4113 -0.1388 0.9009
vn 0.4111 -0.1386 0.9010
vn 0.5057 -0.1293 0.8530
vn 0.5054 -0.1294 0.8532
vn 0.3737 -0.6215 0.6886
vn 0.4059 -0.6212 0.6703
vn 0.5634 -0.1315 0.8156
vn 0.5971 -0.1419 0.7895
vn 0.4058 -0.6320 0.6602
vn 0.3834 -0.6517 0.6544
vn 0.6173 -0.1588 0.7705
vn 0.6626 -0.1815 0.7267
vn 0.3867 -0.6772 0.6259
vn 0.4312 -0.7073 0.5603
vn 0.7428 -0.2100 0.6357
vn 0.8366 -0.2420 0.4915
vn 0.5125 -0.7331 0.4471
vn 0.5927 -0.7439 0.3089
vn 0.5924 -0.7441 0.3088
vn 0.9044 -0.2667 0.3331
vn 0.9043 -0.2666 0.3335
vn 0.9365 -0.2826 0.2075
vn 0.9364 -0.2826 0.2080
vn 0.6358 -0.7475 0.1925
vn 0.6552 -0.7514 0.0789
vn 0.9527 -0.2916 0.0858
vn 0.9564 -0.2850 -0.0644
vn 0.6587 -0.7503 -0.0555
vn 0.6444 -0.7349 -0.2112
vn 0.9383 -0.2499 -0.2390
vn 0.8637 -0.2104 -0.4580
vn 0.5750 -0.7049 -0.4154
vn 0.4826 -0.6357 -0.6025
vn 0.7597 -0.1158 -0.6399
vn 0.7159 -0.0312 -0.6975
vn 0.4626 -0.5793 -0.6711
vn 0.5191 -0.5365 -0.6654
vn 0.7271 0.0380 -0.6855
vn 0.7472 0.1017 -0.6568
vn 0.5999 -0.4918 -0.6311
vn 0.6972 -0.4360 -0.5691
vn 0.7658 0.1481 -0.6258
vn 0.7727 0.1483 -0.6172
vn 0.7654 -0.3982 -0.5056
vn 0.7822 -0.4137 -0.4658
vn 0.7646 0.0869 -0.6386
vn 0.6911 -0.0683 -0.7195
vn 0.6953 -0.5294 -0.4861
vn 0.4682 -0.7039 -0.5341
vn 0.4769 -0.2911 -0.8294
vn 0.1730 -0.4425 -0.8799
vn 0.1704 -0.8174 -0.5503
vn -0.1704 -0.8174 -0.5503
vn -0.1730 -0.4422 -0.8801
vn -0.4769 -0.2911 -0.8294
vn -0.4682 -0.7039 -0.5341
vn -0.6953 -0.5294 -0.4861
vn -0.6911 -0.0683 -0.7195
vn -0.7647 0.0868 -0.6386
vn -0.7822 -0.4137 -0.4658
vn -0.7654 -0.3982 -0.5056
vn -0.7653 -0.3985 -0.5055
vn -0.7727 0.1483 -0.6172
vn -0.7725 0.1484 -0.6175
vn -0.7660 0.1481 -0.6255
vn -0.7658 0.1481 -0.6258
vn -0.6972 -0.4360 -0.5691
vn -0.5999 -0.4918 -0.6311
vn -0.7472 0.1017 -0.6568
vn -0.7271 0.0380 -0.6855
vn -0.5190 -0.5366 -0.6653
vn -0.4626 -0.5793 -0.6711
vn -0.7159 -0.0312 -0.6975
vn -0.7597 -0.1158 -0.6399
vn -0.4826 -0.6357 -0.6025
vn -0.5750 -0.7049 -0.4154
vn -0.5746 -0.7052 -0.4153
vn -0.8637 -0.2104 -0.4580
vn -0.8635 -0.2103 -0.4584
vn -0.9383 -0.2499 -0.2390
vn -0.9384 -0.2495 -0.2390
vn -0.6444 -0.7351 -0.2109
vn -0.6444 -0.7349 -0.2112
vn -0.6587 -0.7503 -0.0555
vn -0.9564 -0.2850 -0.0645
vn -0.9527 -0.2917 0.0859
vn -0.9527 -0.2914 0.0858
vn -0.6550 -0.7515 0.0789
vn -0.6358 -0.7475 0.1925
vn -0.9364 -0.2826 0.2080
vn -0.9044 -0.2667 0.3331
vn -0.5927 -0.7439 0.3089
vn -0.5125 -0.7331 0.4471
vn -0.8366 -0.2420 0.4915
vn -0.7428 -0.2100 0.6357
vn -0.4312 -0.7073 0.5603
vn -0.3867 -0.6772 0.6259
vn -0.6625 -0.1815 0.7267
vn -0.6173 -0.1588 0.7705
vn -0.3834 -0.6517 0.6544
vn -0.4058 -0.6320 0.6602
vn -0.5971 -0.1419 0.7895
vn -0.5634 -0.1315 0.8156
vn -0.4059 -0.6212 0.6703
vn -0.3737 -0.6215 0.6886
vn -0.5054 -0.1294 0.8532
vn -0.4113 -0.1388 0.9009
vn -0.3065 -0.6317 0.7121
vn -0.2042 -0.6490 0.7329
vn -0.2723 -0.1579 0.9492
vn -0.2727 -0.1578 0.9491
vn -0.0981 -0.1764 0.9794
vn -0.0977 -0.1762 0.9795
vn -0.0745 -0.6635 0.7445
vn -0.0747 -0.6632 0.7448
vn -0.1221 -0.7350 0.6670
vn -0.1416 -0.6182 0.7732
vn -0.0476 -0.6182 0.7846
vn -0.0410 -0.7350 0.6768
vn -0.3309 0.5934 0.7337
vn -0.3454 0.5414 0.7665
vn -0.2517 0.5438 0.8006
vn -0.2420 0.5960 0.7657
vn -0.6374 0.5868 0.4994
vn -0.6650 0.5351 0.5211
vn -0.5969 0.5364 0.5967
vn -0.5719 0.5882 0.5718
vn -0.9634 0.2014 0.1767
vn -0.9789 0.0980 0.1795
vn -0.9501 0.0979 0.2962
vn -0.9352 0.2015 0.2913
vn -0.8931 0.2015 0.4021
vn -0.9075 0.0979 0.4084
vn -0.8518 0.0979 0.5146
vn -0.8383 0.2014 0.5067
vn -0.9352 0.2014 -0.2913
vn -0.9501 0.0979 -0.2961
vn -0.9789 0.0980 -0.1795
vn -0.9634 0.2014 -0.1767
vn -0.7989 0.5833 0.1465
vn -0.8330 0.5318 0.1526
vn -0.8083 0.5323 0.2518
vn -0.7752 0.5838 0.2415
vn -0.7752 0.5838 -0.2414
vn -0.8083 0.5323 -0.2518
vn -0.8330 0.5318 -0.1526
vn -0.7989 0.5833 -0.1465
vn -0.8109 0.5831 -0.0490
vn -0.8455 0.5315 -0.0511
vn -0.8455 0.5316 0.0511
vn -0.8109 0.5831 0.0490
vn -0.6938 0.5855 -0.4193
vn -0.7236 0.5339 -0.4374
vn -0.7715 0.5330 -0.3473
vn -0.7398 0.5845 -0.3331
vn -0.5067 0.2014 -0.8383
vn -0.5150 0.0979 -0.8516
vn -0.6136 0.0979 -0.7835
vn -0.6041 0.2014 -0.7711
vn -0.0505 0.6003 -0.7982
vn -0.0519 0.5478 -0.8350
vn -0.1541 0.5464 -0.8233
vn -0.1491 0.5987 -0.7870
vn 0.4021 0.2014 -0.8932
vn 0.4084 0.0979 -0.9075
vn 0.2961 0.0979 -0.9501
vn 0.2914 0.2014 -0.9352
vn 0.1765 0.2014 -0.9635
vn 0.1768 0.2016 -0.9634
vn 0.1792 0.0979 -0.9789
vn 0.0602 0.0979 -0.9934
vn 0.0590 0.2016 -0.9777
vn 0.0593 0.2014 -0.9777
vn 0.7712 0.2014 -0.6040
vn 0.7832 0.0979 -0.6140
vn 0.7039 0.0979 -0.7036
vn 0.6926 0.2014 -0.6927
vn 0.3308 0.5934 -0.7338
vn 0.3454 0.5414 -0.7665
vn 0.2518 0.5438 -0.8006
vn 0.2420 0.5959 -0.7657
vn 0.6374 0.5868 -0.4994
vn 0.6650 0.5350 -0.5211
vn 0.5969 0.5364 -0.5967
vn 0.5719 0.5882 -0.5718
vn 0.4980 0.5898 -0.6357
vn 0.5199 0.5378 -0.6637
vn 0.4357 0.5395 -0.7205
vn 0.4172 0.5915 -0.6900
vn 0.7398 0.5845 -0.3331
vn 0.7715 0.5330 -0.3473
vn 0.7236 0.5339 -0.4374
vn 0.6938 0.5855 -0.4193
vn 0.9777 0.2014 0.0591
vn 0.9934 0.0980 0.0599
vn 0.9934 0.0980 -0.0599
vn 0.9777 0.2014 -0.0592
vn 0.6938 0.5855 0.4193
vn 0.7236 0.5339 0.4373
vn 0.7715 0.5330 0.3473
vn 0.7398 0.5846 0.3331
vn 0.5069 0.2014 0.8381
vn 0.5150 0.0980 0.8516
vn 0.6136 0.0979 0.7835
vn 0.6039 0.2014 0.7712
vn 0.6926 0.2014 0.6927
vn 0.7039 0.0979 0.7036
vn 0.7832 0.0979 0.6140
vn 0.7712 0.2014 0.6040
vn 0.2914 0.2015 0.9351
vn 0.2961 0.0979 0.9501
vn 0.4082 0.0980 0.9076
vn 0.4021 0.2014 0.8932
vn 0.4172 0.5915 0.6900
vn 0.4357 0.5395 0.7205
vn 0.5199 0.5379 0.6637
vn 0.4980 0.5897 0.6358
vn 0.2420 0.5960 0.7657
vn 0.2517 0.5438 0.8006
vn 0.3454 0.5414 0.7665
vn 0.3309 0.5934 0.7337
vn -0.1491 0.5987 0.7870
vn -0.1541 0.5464 0.8233
vn -0.0521 0.5478 0.8350
vn -0.0505 0.6003 0.7982
vn 0.5803 -0.7350 0.3507
vn 0.6727 -0.6182 0.4066
vn 0.7168 -0.6182 0.3227
vn 0.6183 -0.7351 0.2783
vn 0.6474 -0.7349 0.2017
vn 0.7505 -0.6182 0.2338
vn 0.7731 -0.6182 0.1418
vn 0.6670 -0.7350 0.1223
vn 0.6768 -0.7351 0.0408
vn 0.7846 -0.6182 0.0474
vn 0.7846 -0.6182 -0.0474
vn 0.6768 -0.7351 -0.0408
vn 0.6670 -0.7350 -0.1223
vn 0.7731 -0.6182 -0.1418
vn 0.7505 -0.6182 -0.2338
vn 0.6474 -0.7350 -0.2017
vn 0.6182 -0.7351 -0.2783
vn 0.7168 -0.6181 -0.3226
vn 0.6727 -0.6181 -0.4066
vn 0.5802 -0.7351 -0.3507
vn 0.5337 -0.7350 -0.4182
vn 0.6187 -0.6182 -0.4848
vn 0.5558 -0.6182 -0.5557
vn 0.4795 -0.7350 -0.4794
vn 0.4180 -0.7351 -0.5337
vn 0.4848 -0.6181 -0.6188
vn 0.4067 -0.6181 -0.6727
vn 0.3508 -0.7351 -0.5801
vn 0.2782 -0.7350 -0.6184
vn 0.3225 -0.6182 -0.7168
vn 0.2339 -0.6182 -0.7504
vn 0.2018 -0.7350 -0.6474
vn 0.1222 -0.7350 -0.6670
vn 0.1416 -0.6182 -0.7732
vn 0.0475 -0.6182 -0.7846
vn 0.0410 -0.7350 -0.6768
vn -0.0410 -0.7350 -0.6768
vn -0.0475 -0.6182 -0.7846
vn -0.1416 -0.6182 -0.7732
vn -0.1222 -0.7350 -0.6670
vn -0.2018 -0.7350 -0.6474
vn -0.2339 -0.6182 -0.7504
vn -0.3225 -0.6182 -0.7168
vn -0.2782 -0.7350 -0.6184
vn -0.3508 -0.7351 -0.5801
vn -0.4067 -0.6181 -0.6727
vn -0.4848 -0.6181 -0.6188
vn -0.4180 -0.7351 -0.5337
vn -0.4795 -0.7350 -0.4794
vn -0.5558 -0.6182 -0.5557
vn -0.6187 -0.6182 -0.4848
vn -0.5337 -0.7350 -0.4182
vn -0.5802 -0.7351 -0.3507
vn -0.6727 -0.6181 -0.4066
vn -0.7168 -0.6181 -0.3226
vn -0.6182 -0.7351 -0.2783
vn -0.6474 -0.7350 -0.2017
vn -0.7505 -0.6182 -0.2338
vn -0.7731 -0.6182 -0.1418
vn -0.6670 -0.7350 -0.1223
vn -0.6768 -0.7351 -0.0408
vn -0.7846 -0.6182 -0.0474
vn -0.7846 -0.6182 0.0474
vn -0.6768 -0.7351 0.0408
vn -0.6670 -0.7350 0.1223
vn -0.7731 -0.6182 0.1418
vn -0.7505 -0.6182 0.2338
vn -0.6474 -0.7349 0.2017
vn -0.6183 -0.7351 0.2783
vn -0.7168 -0.6182 0.3227
vn -0.6727 -0.6182 0.4066
vn -0.5803 -0.7350 0.3507
vn -0.5336 -0.7351 0.4182
vn -0.6187 -0.6182 0.4848
vn -0.5559 -0.6181 0.5558
vn -0.4794 -0.7351 0.4793
vn -0.4181 -0.7350 0.5338
vn -0.4847 -0.6181 0.6188
vn -0.4067 -0.6181 0.6727
vn -0.3508 -0.7350 0.5802
vn -0.2782 -0.7351 0.6183
vn -0.3226 -0.6182 0.7168
vn -0.2339 -0.6182 0.7505
vn -0.2018 -0.7351 0.6472
vn 0.1916 -0.9814 0.0116
vn 0.1916 -0.9814 -0.0116
vn 0.1479 -0.9890 -0.0089
vn 0.1480 -0.9889 0.0090
vn 0.2018 -0.7351 0.6472
vn 0.2339 -0.6182 0.7505
vn 0.3226 -0.6182 0.7168
vn 0.2782 -0.7351 0.6183
vn 0.2888 -0.2415 0.9264
vn 0.2929 -0.1768 0.9397
vn 0.4039 -0.1768 0.8976
vn 0.3982 -0.2415 0.8849
vn -0.1749 -0.2415 0.9545
vn -0.1774 -0.1768 0.9681
vn -0.0595 -0.1768 0.9824
vn -0.0587 -0.2415 0.9686
vn -0.3982 -0.2415 0.8849
vn -0.4039 -0.1768 0.8976
vn -0.2929 -0.1768 0.9397
vn -0.2888 -0.2415 0.9264
vn -0.5985 -0.2415 0.7639
vn -0.6069 -0.1768 0.7748
vn -0.5092 -0.1768 0.8423
vn -0.5021 -0.2415 0.8304
vn -0.7639 -0.2415 0.5985
vn -0.7747 -0.1769 0.6071
vn -0.6960 -0.1769 0.6959
vn -0.6862 -0.2415 0.6862
vn -0.8849 -0.2415 0.3983
vn -0.8975 -0.1768 0.4040
vn -0.8423 -0.1768 0.5091
vn -0.8305 -0.2415 0.5020
vn -0.9545 -0.2415 0.1750
vn -0.9681 -0.1769 0.1775
vn -0.9397 -0.1769 0.2927
vn -0.9265 -0.2415 0.2887
vn -0.9686 -0.2415 -0.0586
vn -0.9824 -0.1769 -0.0594
vn -0.9824 -0.1769 0.0594
vn -0.9686 -0.2415 0.0586
vn -0.9265 -0.2415 -0.2886
vn -0.9397 -0.1769 -0.2927
vn -0.9681 -0.1769 -0.1775
vn -0.9545 -0.2415 -0.1750
vn -0.8305 -0.2416 -0.5020
vn -0.8423 -0.1768 -0.5092
vn -0.8975 -0.1768 -0.4040
vn -0.8849 -0.2416 -0.3983
vn -0.6862 -0.2415 -0.6861
vn -0.6960 -0.1769 -0.6959
vn -0.7747 -0.1769 -0.6070
vn -0.7638 -0.2415 -0.5985
vn -0.5021 -0.2415 -0.8304
vn -0.5092 -0.1768 -0.8423
vn -0.6069 -0.1768 -0.7748
vn -0.5984 -0.2415 -0.7639
vn -0.2888 -0.2416 -0.9264
vn -0.2929 -0.1768 -0.9397
vn -0.4039 -0.1768 -0.8975
vn -0.3982 -0.2416 -0.8849
vn -0.0587 -0.2415 -0.9686
vn -0.0595 -0.1768 -0.9824
vn -0.1773 -0.1768 -0.9681
vn -0.1748 -0.2415 -0.9545
vn 0.1748 -0.2415 -0.9545
vn 0.1773 -0.1768 -0.9681
vn 0.0595 -0.1768 -0.9824
vn 0.0587 -0.2415 -0.9686
vn 0.3982 -0.2415 -0.8849
vn 0.4039 -0.1769 -0.8976
vn 0.2929 -0.1769 -0.9396
vn 0.2888 -0.2415 -0.9264
vn 0.5984 -0.2415 -0.7639
vn 0.6069 -0.1768 -0.7748
vn 0.5092 -0.1768 -0.8423
vn 0.5021 -0.2415 -0.8304
vn 0.7638 -0.2415 -0.5985
vn 0.7747 -0.1769 -0.6070
vn 0.6960 -0.1769 -0.6959
vn 0.6862 -0.2415 -0.6861
vn 0.8849 -0.2416 -0.3983
vn 0.8975 -0.1768 -0.4040
vn 0.8423 -0.1768 -0.5092
vn 0.8305 -0.2416 -0.5020
vn 0.9545 -0.2415 -0.1750
vn 0.9681 -0.1769 -0.1775
vn 0.9397 -0.1769 -0.2927
vn 0.9265 -0.2415 -0.2886
vn 0.9686 -0.2415 0.0586
vn 0.9824 -0.1769 0.0594
vn 0.9824 -0.1769 -0.0594
vn 0.9686 -0.2415 -0.0586
vn 0.9265 -0.2415 0.2887
vn 0.9397 -0.1769 0.2927
vn 0.9681 -0.1769 0.1775
vn 0.9545 -0.2415 0.1750
vn 0.8305 -0.2415 0.5020
vn 0.8423 -0.1768 0.5091
vn 0.8975 -0.1768 0.4040
vn 0.8849 -0.2415 0.3983
vn 0.6862 -0.2415 0.6862
vn 0.6960 -0.1769 0.6959
vn 0.7747 -0.1769 0.6071
vn 0.7639 -0.2415 0.5985
vn 0.5021 -0.2415 0.8304
vn 0.5092 -0.1768 0.8423
vn 0.6069 -0.1768 0.7748
vn 0.5985 -0.2415 0.7639
vn 0.0587 -0.2415 0.9686
vn 0.0595 -0.1768 0.9824
vn 0.1774 -0.1768 0.9681
vn 0.1749 -0.2415 0.9545
vn 0.3508 -0.7350 0.5802
vn 0.4067 -0.6181 0.6727
vn 0.4847 -0.6181 0.6188
vn 0.4181 -0.7350 0.5338
vn -0.1837 -0.0945 0.9784
vn -0.1892 -0.1894 0.9635
vn -0.0641 -0.1900 0.9797
vn -0.0617 -0.0962 0.9935
vn -0.4155 -0.0885 0.9053
vn -0.4237 -0.1782 0.8881
vn -0.3107 -0.1827 0.9328
vn -0.3025 -0.0917 0.9487
vn -0.6194 -0.0824 0.7808
vn -0.6219 -0.1713 0.7642
vn -0.5281 -0.1741 0.8311
vn -0.5221 -0.0852 0.8486
vn -0.7863 -0.0796 0.6127
vn -0.7799 -0.1710 0.6021
vn -0.7058 -0.1703 0.6876
vn -0.7082 -0.0806 0.7014
vn -0.9090 -0.0796 0.4091
vn -0.8975 -0.1757 0.4044
vn -0.8440 -0.1731 0.5076
vn -0.8536 -0.0794 0.5148
vn -0.9805 -0.0799 0.1797
vn -0.9674 -0.1803 0.1777
vn -0.9393 -0.1783 0.2932
vn -0.9517 -0.0797 0.2964
vn -0.9950 -0.0800 -0.0602
vn -0.9816 -0.1815 -0.0595
vn -0.9816 -0.1813 0.0596
vn -0.9950 -0.0800 0.0602
vn -0.9517 -0.0799 -0.2964
vn -0.9390 -0.1796 -0.2932
vn -0.9673 -0.1810 -0.1778
vn -0.9805 -0.0800 -0.1798
vn -0.8531 -0.0795 -0.5156
vn -0.8425 -0.1748 -0.5095
vn -0.8970 -0.1774 -0.4050
vn -0.9089 -0.0797 -0.4093
vn -0.7050 -0.0798 -0.7047
vn -0.6986 -0.1746 -0.6938
vn -0.7762 -0.1731 -0.6063
vn -0.7847 -0.0795 -0.6147
vn -0.5157 -0.0823 -0.8528
vn -0.5128 -0.1967 -0.8357
vn -0.6102 -0.1794 -0.7717
vn -0.6145 -0.0804 -0.7848
vn -0.2966 -0.0847 -0.9512
vn -0.2969 -0.2204 -0.9291
vn -0.4084 -0.2092 -0.8885
vn -0.4088 -0.0836 -0.9088
vn -0.0605 -0.0855 -0.9945
vn -0.0605 -0.2293 -0.9715
vn -0.1798 -0.2272 -0.9571
vn -0.1794 -0.0854 -0.9801
vn 0.1794 -0.0854 -0.9801
vn 0.1798 -0.2272 -0.9571
vn 0.0605 -0.2293 -0.9715
vn 0.0605 -0.0855 -0.9945
vn 0.4088 -0.0836 -0.9088
vn 0.4084 -0.2092 -0.8885
vn 0.2969 -0.2204 -0.9291
vn 0.2966 -0.0847 -0.9512
vn 0.6145 -0.0804 -0.7848
vn 0.6102 -0.1794 -0.7717
vn 0.5128 -0.1967 -0.8357
vn 0.5157 -0.0823 -0.8528
vn 0.7847 -0.0795 -0.6147
vn 0.7762 -0.1731 -0.6063
vn 0.6986 -0.1746 -0.6938
vn 0.7050 -0.0798 -0.7047
vn 0.9089 -0.0797 -0.4093
vn 0.8970 -0.1774 -0.4050
vn 0.8425 -0.1748 -0.5095
vn 0.8531 -0.0795 -0.5156
vn 0.9805 -0.0800 -0.1798
vn 0.9673 -0.1810 -0.1778
vn 0.9390 -0.1796 -0.2932
vn 0.9517 -0.0799 -0.2964
vn 0.9950 -0.0800 0.0602
vn 0.9816 -0.1813 0.0596
vn 0.9816 -0.1815 -0.0595
vn 0.9950 -0.0800 -0.0602
vn 0.9517 -0.0797 0.2964
vn 0.9393 -0.1783 0.2932
vn 0.9674 -0.1803 0.1777
vn 0.9805 -0.0799 0.1797
vn 0.8536 -0.0794 0.5148
vn 0.8440 -0.1731 0.5076
vn 0.8975 -0.1757 0.4044
vn 0.9090 -0.0796 0.4091
vn 0.7082 -0.0806 0.7014
vn 0.7058 -0.1703 0.6876
vn 0.7799 -0.1710 0.6021
vn 0.7863 -0.0796 0.6128
vn 0.5221 -0.0852 0.8486
vn 0.5281 -0.1741 0.8311
vn 0.6219 -0.1713 0.7642
vn 0.6194 -0.0824 0.7808
vn 0.3025 -0.0917 0.9487
vn 0.3107 -0.1827 0.9328
vn 0.4237 -0.1782 0.8881
vn 0.4155 -0.0885 0.9053
vn 0.0617 -0.0962 0.9935
vn 0.0641 -0.1900 0.9797
vn 0.1892 -0.1894 0.9635
vn 0.1837 -0.0945 0.9784
vn 0.4794 -0.7351 0.4793
vn 0.5559 -0.6181 0.5558
vn 0.6187 -0.6182 0.4848
vn 0.5336 -0.7351 0.4182
vn -0.1449 0.6258 0.7664
vn -0.1453 0.6290 0.7637
vn -0.0494 0.6299 0.7751
vn -0.0492 0.6255 0.7787
vn -0.3202 0.6269 0.7103
vn -0.3206 0.6262 0.7107
vn -0.2350 0.6275 0.7423
vn -0.2348 0.6266 0.7432
vn -0.4801 0.6275 0.6129
vn -0.4818 0.6242 0.6150
vn -0.4038 0.6251 0.6679
vn -0.4030 0.6272 0.6665
vn -0.6126 0.6280 0.4800
vn -0.6160 0.6226 0.4827
vn -0.5530 0.6233 0.5530
vn -0.5504 0.6278 0.5504
vn -0.7093 0.6284 0.3193
vn -0.7145 0.6214 0.3216
vn -0.6702 0.6219 0.4051
vn -0.6659 0.6282 0.4024
vn -0.7649 0.6287 0.1403
vn -0.7712 0.6207 0.1414
vn -0.7484 0.6209 0.2332
vn -0.7426 0.6285 0.2313
vn -0.7762 0.6287 -0.0469
vn -0.7828 0.6205 -0.0472
vn -0.7828 0.6205 0.0472
vn -0.7762 0.6287 0.0469
vn -0.7426 0.6285 -0.2313
vn -0.7484 0.6209 -0.2332
vn -0.7712 0.6207 -0.1414
vn -0.7649 0.6287 -0.1403
vn -0.6659 0.6282 -0.4024
vn -0.6702 0.6219 -0.4051
vn -0.7145 0.6214 -0.3216
vn -0.7093 0.6284 -0.3193
vn -0.5504 0.6278 -0.5504
vn -0.5530 0.6233 -0.5529
vn -0.6160 0.6226 -0.4827
vn -0.6125 0.6281 -0.4799
vn -0.4030 0.6272 -0.6665
vn -0.4039 0.6251 -0.6679
vn -0.4818 0.6241 -0.6151
vn -0.4801 0.6275 -0.6130
vn -0.2347 0.6266 -0.7431
vn -0.2350 0.6276 -0.7422
vn -0.3205 0.6262 -0.7107
vn -0.3203 0.6269 -0.7103
vn -0.0493 0.6255 -0.7787
vn -0.0494 0.6300 -0.7750
vn -0.1452 0.6290 -0.7637
vn -0.1449 0.6257 -0.7665
vn 0.1449 0.6257 -0.7665
vn 0.1452 0.6290 -0.7637
vn 0.0494 0.6300 -0.7750
vn 0.0493 0.6255 -0.7787
vn 0.3203 0.6269 -0.7103
vn 0.3205 0.6262 -0.7107
vn 0.2350 0.6276 -0.7422
vn 0.2347 0.6266 -0.7431
vn 0.4801 0.6275 -0.6130
vn 0.4818 0.6241 -0.6151
vn 0.4039 0.6251 -0.6679
vn 0.4030 0.6272 -0.6665
vn 0.6125 0.6281 -0.4799
vn 0.6160 0.6226 -0.4827
vn 0.5530 0.6233 -0.5529
vn 0.5504 0.6278 -0.5504
vn 0.7093 0.6284 -0.3193
vn 0.7145 0.6214 -0.3216
vn 0.6702 0.6219 -0.4051
vn 0.6659 0.6282 -0.4024
vn 0.7649 0.6287 -0.1403
vn 0.7712 0.6207 -0.1414
vn 0.7484 0.6209 -0.2332
vn 0.7426 0.6285 -0.2313
vn 0.7762 0.6287 0.0469
vn 0.7828 0.6205 0.0472
vn 0.7828 0.6205 -0.0472
vn 0.7762 0.6287 -0.0469
vn 0.7426 0.6285 0.2313
vn 0.7484 0.6209 0.2332
vn 0.7712 0.6207 0.1414
vn 0.7649 0.6287 0.1403
vn 0.6659 0.6282 0.4024
vn 0.6702 0.6219 0.4051
vn 0.7145 0.6214 0.3216
vn 0.7093 0.6284 0.3193
vn 0.5504 0.6278 0.5504
vn 0.5530 0.6233 0.5530
vn 0.6160 0.6226 0.4827
vn 0.6126 0.6280 0.4799
vn 0.4030 0.6272 0.6665
vn 0.4038 0.6251 0.6679
vn 0.4818 0.6242 0.6150
vn 0.4801 0.6275 0.6129
vn -0.1799 -0.0477 0.9825
vn -0.0604 -0.0477 0.9970
vn -0.0601 -0.1137 0.9917
vn -0.1790 -0.1137 0.9772
vn 0.0604 -0.0477 0.9970
vn 0.1800 -0.0477 0.9825
vn 0.1790 -0.1137 0.9772
vn 0.0600 -0.1137 0.9917
vn -0.4099 -0.0477 0.9109
vn -0.2972 -0.0477 0.9536
vn -0.2957 -0.1138 0.9485
vn -0.4077 -0.1138 0.9060
vn 0.0606 0.0346 0.9976
vn 0.0606 -0.0148 0.9981
vn 0.1807 -0.0142 0.9834
vn 0.1800 0.0348 0.9830
vn -0.6160 -0.0477 0.7863
vn -0.5168 -0.0477 0.8548
vn -0.5140 -0.1137 0.8502
vn -0.6127 -0.1137 0.7821
vn -0.3942 0.2776 0.8761
vn -0.2859 0.2776 0.9172
vn -0.2933 0.1682 0.9411
vn -0.4045 0.1682 0.8989
vn -0.7862 -0.0478 0.6161
vn -0.7064 -0.0477 0.7062
vn -0.7026 -0.1137 0.7024
vn -0.7821 -0.1136 0.6128
vn -0.5925 0.2776 0.7563
vn -0.4971 0.2776 0.8221
vn -0.5100 0.1681 0.8436
vn -0.6079 0.1682 0.7760
vn -0.9108 -0.0477 0.4100
vn -0.8548 -0.0477 0.5167
vn -0.8503 -0.1137 0.5139
vn -0.9060 -0.1137 0.4078
vn -0.7562 0.2776 0.5925
vn -0.6794 0.2776 0.6793
vn -0.6970 0.1681 0.6970
vn -0.7759 0.1681 0.6080
vn -0.9825 -0.0478 0.1801
vn -0.9536 -0.0477 0.2971
vn -0.9486 -0.1137 0.2955
vn -0.9772 -0.1136 0.1791
vn -0.8760 0.2776 0.3944
vn -0.8222 0.2776 0.4969
vn -0.8436 0.1682 0.5099
vn -0.8989 0.1682 0.4046
vn -0.9970 -0.0478 -0.0602
vn -0.9970 -0.0477 0.0603
vn -0.9917 -0.1137 0.0599
vn -0.9917 -0.1137 -0.0600
vn -0.9450 0.2776 0.1732
vn -0.9172 0.2776 0.2857
vn -0.9412 0.1682 0.2932
vn -0.9696 0.1682 0.1778
vn -0.9537 -0.0478 -0.2971
vn -0.9825 -0.0477 -0.1801
vn -0.9772 -0.1137 -0.1792
vn -0.9485 -0.1137 -0.2955
vn -0.9590 0.2776 -0.0579
vn -0.9590 0.2776 0.0579
vn -0.9840 0.1682 0.0594
vn -0.9840 0.1682 -0.0595
vn -0.8548 -0.0477 -0.5167
vn -0.9108 -0.0477 -0.4100
vn -0.9059 -0.1137 -0.4078
vn -0.8503 -0.1137 -0.5140
vn -0.9172 0.2776 -0.2857
vn -0.9450 0.2776 -0.1732
vn -0.9696 0.1682 -0.1778
vn -0.9412 0.1682 -0.2932
vn -0.7064 -0.0477 -0.7062
vn -0.7863 -0.0477 -0.6161
vn -0.7820 -0.1137 -0.6128
vn -0.7026 -0.1137 -0.7025
vn -0.8222 0.2776 -0.4969
vn -0.8760 0.2776 -0.3944
vn -0.8989 0.1682 -0.4047
vn -0.8437 0.1683 -0.5098
vn -0.5168 -0.0477 -0.8548
vn -0.6160 -0.0477 -0.7863
vn -0.6126 -0.1138 -0.7822
vn -0.5140 -0.1137 -0.8502
vn -0.6794 0.2776 -0.6793
vn -0.7562 0.2776 -0.5926
vn -0.7759 0.1682 -0.6080
vn -0.6970 0.1681 -0.6970
vn -0.2972 -0.0477 -0.9536
vn -0.4099 -0.0478 -0.9109
vn -0.4077 -0.1137 -0.9060
vn -0.2956 -0.1136 -0.9485
vn -0.4971 0.2776 -0.8221
vn -0.5924 0.2776 -0.7563
vn -0.6079 0.1681 -0.7760
vn -0.5101 0.1682 -0.8435
vn -0.0604 -0.0477 -0.9970
vn -0.1800 -0.0478 -0.9825
vn -0.1790 -0.1137 -0.9773
vn -0.0601 -0.1138 -0.9917
vn -0.2859 0.2776 -0.9172
vn -0.3942 0.2776 -0.8761
vn -0.4045 0.1682 -0.8989
vn -0.2933 0.1682 -0.9411
vn 0.1800 -0.0477 -0.9825
vn 0.0604 -0.0478 -0.9970
vn 0.0601 -0.1137 -0.9917
vn 0.1790 -0.1136 -0.9773
vn -0.0581 0.2776 -0.9589
vn -0.1731 0.2776 -0.9450
vn -0.1776 0.1682 -0.9696
vn -0.0596 0.1682 -0.9840
vn 0.4099 -0.0477 -0.9109
vn 0.2972 -0.0478 -0.9536
vn 0.2957 -0.1137 -0.9485
vn 0.4077 -0.1137 -0.9060
vn 0.1731 0.2776 -0.9450
vn 0.0581 0.2776 -0.9589
vn 0.0596 0.1682 -0.9839
vn 0.1776 0.1682 -0.9696
vn 0.6160 -0.0477 -0.7863
vn 0.5168 -0.0477 -0.8548
vn 0.5141 -0.1137 -0.8502
vn 0.6127 -0.1137 -0.7821
vn 0.3942 0.2776 -0.8761
vn 0.2859 0.2776 -0.9172
vn 0.2933 0.1682 -0.9411
vn 0.4045 0.1682 -0.8989
vn 0.7862 -0.0477 -0.6161
vn 0.7063 -0.0477 -0.7063
vn 0.7026 -0.1137 -0.7024
vn 0.7821 -0.1137 -0.6128
vn 0.5924 0.2776 -0.7563
vn 0.4971 0.2776 -0.8221
vn 0.5101 0.1682 -0.8435
vn 0.6079 0.1681 -0.7760
vn 0.9108 -0.0478 -0.4100
vn 0.8548 -0.0477 -0.5167
vn 0.8503 -0.1137 -0.5139
vn 0.9060 -0.1137 -0.4078
vn 0.7562 0.2776 -0.5925
vn 0.6794 0.2776 -0.6792
vn 0.6971 0.1682 -0.6970
vn 0.7759 0.1682 -0.6080
vn 0.9825 -0.0478 -0.1801
vn 0.9536 -0.0477 -0.2971
vn 0.9486 -0.1137 -0.2955
vn 0.9772 -0.1137 -0.1791
vn 0.8760 0.2776 -0.3944
vn 0.8222 0.2776 -0.4969
vn 0.8436 0.1682 -0.5099
vn 0.8989 0.1682 -0.4047
vn 0.9970 -0.0478 0.0602
vn 0.9970 -0.0477 -0.0603
vn 0.9917 -0.1137 -0.0599
vn 0.9917 -0.1136 0.0600
vn 0.9450 0.2776 -0.1732
vn 0.9172 0.2776 -0.2857
vn 0.9412 0.1682 -0.2932
vn 0.9696 0.1682 -0.1778
vn 0.9536 -0.0477 0.2971
vn 0.9825 -0.0477 0.1801
vn 0.9772 -0.1137 0.1792
vn 0.9485 -0.1137 0.2955
vn 0.9590 0.2776 0.0579
vn 0.9590 0.2776 -0.0579
vn 0.9840 0.1682 -0.0594
vn 0.9840 0.1682 0.0595
vn 0.8549 -0.0478 0.5167
vn 0.9108 -0.0477 0.4100
vn 0.9059 -0.1138 0.4079
vn 0.8503 -0.1136 0.5140
vn 0.9172 0.2776 0.2857
vn 0.9449 0.2776 0.1732
vn 0.9696 0.1682 0.1777
vn 0.9412 0.1682 0.2932
vn 0.7063 -0.0477 0.7063
vn 0.7863 -0.0477 0.6161
vn 0.7820 -0.1137 0.6128
vn 0.7026 -0.1137 0.7024
vn 0.8222 0.2776 0.4969
vn 0.8760 0.2776 0.3944
vn 0.8989 0.1682 0.4047
vn 0.8436 0.1682 0.5099
vn 0.5168 -0.0477 0.8548
vn 0.6160 -0.0477 0.7863
vn 0.6126 -0.1138 0.7821
vn 0.5140 -0.1138 0.8502
vn 0.6794 0.2776 0.6793
vn 0.7562 0.2776 0.5926
vn 0.7760 0.1681 0.6080
vn 0.6971 0.1681 0.6970
vn 0.2973 -0.0477 0.9536
vn 0.4099 -0.0477 0.9109
vn 0.4077 -0.1138 0.9060
vn 0.2956 -0.1137 0.9485
vn 0.4970 0.2776 0.8221
vn 0.5924 0.2776 0.7563
vn 0.6079 0.1681 0.7760
vn 0.5100 0.1682 0.8436
vn -0.1731 0.2776 0.9450
vn -0.0581 0.2777 0.9589
vn -0.0595 0.1682 0.9840
vn -0.1776 0.1682 0.9696
vn 0.2859 0.2776 0.9172
vn 0.3942 0.2776 0.8761
vn 0.4045 0.1682 0.8989
vn 0.2934 0.1682 0.9411
vn 0.0558 0.3855 0.9210
vn 0.0536 0.4666 0.8828
vn 0.1593 0.4677 0.8694
vn 0.1662 0.3856 0.9076
vn 0.0492 0.6255 0.7787
vn 0.0494 0.6299 0.7751
vn 0.1453 0.6290 0.7637
vn 0.1449 0.6258 0.7664
vn -0.1765 0.2015 0.9635
vn -0.1795 0.0979 0.9789
vn -0.0599 0.0979 0.9934
vn -0.0591 0.2014 0.9777
vn -0.4980 0.5897 0.6358
vn -0.5199 0.5379 0.6637
vn -0.4357 0.5395 0.7205
vn -0.4172 0.5915 0.6900
vn 0.8383 0.2014 0.5067
vn 0.8518 0.0979 0.5146
vn 0.9075 0.0979 0.4084
vn 0.8931 0.2015 0.4021
vn 0.5719 0.5882 0.5718
vn 0.5969 0.5364 0.5967
vn 0.6650 0.5351 0.5211
vn 0.6374 0.5868 0.4994
vn 0.9352 0.2015 0.2912
vn 0.9501 0.0979 0.2962
vn 0.9789 0.0980 0.1795
vn 0.9634 0.2014 0.1768
vn 0.9634 0.2014 -0.1767
vn 0.9789 0.0980 -0.1795
vn 0.9501 0.0979 -0.2961
vn 0.9352 0.2014 -0.2913
vn 0.8109 0.5831 0.0490
vn 0.8455 0.5316 0.0511
vn 0.8455 0.5315 -0.0511
vn 0.8109 0.5831 -0.0490
vn 0.7752 0.5838 0.2415
vn 0.8083 0.5323 0.2518
vn 0.8330 0.5318 0.1526
vn 0.7989 0.5833 0.1465
vn 0.7989 0.5833 -0.1465
vn 0.8330 0.5318 -0.1526
vn 0.8083 0.5323 -0.2518
vn 0.7752 0.5838 -0.2414
vn 0.6040 0.2014 -0.7711
vn 0.6136 0.0979 -0.7835
vn 0.5150 0.0979 -0.8516
vn 0.5067 0.2014 -0.8383
vn 0.8932 0.2014 -0.4021
vn 0.9075 0.0979 -0.4086
vn 0.8518 0.0979 -0.5146
vn 0.8382 0.2014 -0.5068
vn -0.0593 0.2014 -0.9777
vn -0.0602 0.0979 -0.9934
vn -0.1792 0.0979 -0.9789
vn -0.1765 0.2014 -0.9635
vn 0.1491 0.5987 -0.7870
vn 0.1541 0.5464 -0.8233
vn 0.0519 0.5478 -0.8350
vn 0.0505 0.6003 -0.7982
vn -0.2914 0.2014 -0.9352
vn -0.2961 0.0979 -0.9501
vn -0.4084 0.0979 -0.9075
vn -0.4021 0.2014 -0.8932
vn -0.6926 0.2014 -0.6926
vn -0.7039 0.0979 -0.7036
vn -0.7832 0.0979 -0.6140
vn -0.7711 0.2014 -0.6040
vn -0.4172 0.5915 -0.6900
vn -0.4357 0.5395 -0.7205
vn -0.5199 0.5378 -0.6637
vn -0.4980 0.5898 -0.6357
vn -0.2420 0.5959 -0.7657
vn -0.2518 0.5438 -0.8006
vn -0.3454 0.5414 -0.7665
vn -0.3308 0.5934 -0.7338
vn -0.5719 0.5882 -0.5718
vn -0.5969 0.5364 -0.5967
vn -0.6650 0.5350 -0.5211
vn -0.6374 0.5868 -0.4994
vn -0.9777 0.2014 -0.0592
vn -0.9934 0.0980 -0.0599
vn -0.9934 0.0980 0.0599
vn -0.9777 0.2014 0.0591
vn -0.8382 0.2014 -0.5068
vn -0.8518 0.0979 -0.5146
vn -0.9075 0.0979 -0.4086
vn -0.8932 0.2014 -0.4021
vn -0.7711 0.2014 0.6040
vn -0.7832 0.0979 0.6140
vn -0.7039 0.0979 0.7036
vn -0.6926 0.2014 0.6926
vn -0.7398 0.5846 0.3331
vn -0.7715 0.5330 0.3473
vn -0.7236 0.5339 0.4373
vn -0.6938 0.5855 0.4193
vn -0.6039 0.2014 0.7712
vn -0.6136 0.0979 0.7835
vn -0.5150 0.0980 0.8516
vn -0.5069 0.2014 0.8382
vn -0.4020 0.2014 0.8932
vn -0.4082 0.0980 0.9076
vn -0.2961 0.0979 0.9501
vn -0.2915 0.2015 0.9351
vn 0.0505 0.6003 0.7982
vn 0.0521 0.5478 0.8350
vn 0.1541 0.5464 0.8233
vn 0.1491 0.5987 0.7869
vn 0.0510 0.5879 0.8073
vn 0.1501 0.5894 0.7938
vn 0.1551 0.5334 0.8315
vn 0.0524 0.5319 0.8452
vn 0.2745 0.3858 0.8808
vn 0.2629 0.4688 0.8432
vn 0.3623 0.4698 0.8050
vn 0.3786 0.3860 0.8413
vn 0.2428 0.5922 0.7684
vn 0.3303 0.5949 0.7328
vn 0.3458 0.5394 0.7677
vn 0.2528 0.5365 0.8051
vn 0.4773 0.3861 0.7894
vn 0.4565 0.4707 0.7550
vn 0.5438 0.4715 0.6942
vn 0.5688 0.3862 0.7262
vn 0.4152 0.5969 0.6866
vn 0.4940 0.5986 0.6307
vn 0.5176 0.5435 0.6608
vn 0.4350 0.5416 0.7194
vn 0.6522 0.3863 0.6522
vn 0.6233 0.4723 0.6232
vn 0.6935 0.4730 0.5434
vn 0.7260 0.3864 0.5689
vn 0.5657 0.6001 0.5656
vn 0.6289 0.6014 0.4928
vn 0.6591 0.5466 0.5165
vn 0.5928 0.5451 0.5928
vn 0.7893 0.3865 0.4770
vn 0.7538 0.4735 0.4556
vn 0.8030 0.4740 0.3614
vn 0.8409 0.3866 0.3786
vn 0.6830 0.6026 0.4128
vn 0.7271 0.6035 0.3273
vn 0.7622 0.5489 0.3432
vn 0.7160 0.5478 0.4327
vn 0.8805 0.3866 0.2743
vn 0.8405 0.4743 0.2619
vn 0.8658 0.4745 0.1587
vn 0.9071 0.3867 0.1663
vn 0.7607 0.6042 0.2370
vn 0.7834 0.6047 0.1437
vn 0.8214 0.5502 0.1505
vn 0.7976 0.5497 0.2485
vn 0.9205 0.3867 0.0556
vn 0.8786 0.4747 0.0531
vn 0.8786 0.4747 -0.0531
vn 0.9205 0.3867 -0.0556
vn 0.7948 0.6049 0.0480
vn 0.7948 0.6050 -0.0481
vn 0.8333 0.5505 -0.0504
vn 0.8333 0.5505 0.0504
vn 0.9071 0.3867 -0.1663
vn 0.8658 0.4745 -0.1587
vn 0.8405 0.4743 -0.2619
vn 0.8805 0.3866 -0.2743
vn 0.7834 0.6047 -0.1436
vn 0.7607 0.6043 -0.2370
vn 0.7976 0.5497 -0.2485
vn 0.8213 0.5502 -0.1506
vn 0.8409 0.3866 -0.3786
vn 0.8029 0.4740 -0.3614
vn 0.7538 0.4735 -0.4556
vn 0.7893 0.3865 -0.4771
vn 0.7270 0.6035 -0.3274
vn 0.6830 0.6026 -0.4128
vn 0.7159 0.5479 -0.4327
vn 0.7623 0.5488 -0.3431
vn 0.7260 0.3864 -0.5689
vn 0.6935 0.4729 -0.5435
vn 0.6233 0.4723 -0.6232
vn 0.6523 0.3863 -0.6521
vn 0.6288 0.6014 -0.4928
vn 0.5657 0.6000 -0.5656
vn 0.5929 0.5451 -0.5927
vn 0.6591 0.5466 -0.5165
vn 0.5688 0.3863 -0.7261
vn 0.5438 0.4715 -0.6942
vn 0.4565 0.4707 -0.7550
vn 0.4773 0.3861 -0.7894
vn 0.4940 0.5985 -0.6306
vn 0.4152 0.5969 -0.6865
vn 0.4349 0.5416 -0.7193
vn 0.5176 0.5435 -0.6608
vn 0.3786 0.3860 -0.8413
vn 0.3622 0.4698 -0.8050
vn 0.2629 0.4688 -0.8432
vn 0.2745 0.3858 -0.8808
vn 0.3301 0.5951 -0.7327
vn 0.2412 0.5931 -0.7681
vn 0.2516 0.5373 -0.8050
vn 0.3455 0.5396 -0.7678
vn 0.1662 0.3857 -0.9075
vn 0.1594 0.4676 -0.8694
vn 0.0535 0.4666 -0.8828
vn 0.0558 0.3855 -0.9210
vn 0.1479 0.5907 -0.7932
vn 0.0501 0.5886 -0.8069
vn 0.0515 0.5324 -0.8449
vn 0.1531 0.5347 -0.8310
vn -0.0558 0.3855 -0.9210
vn -0.0535 0.4666 -0.8828
vn -0.1594 0.4676 -0.8694
vn -0.1662 0.3857 -0.9075
vn -0.0511 0.5879 -0.8073
vn -0.1501 0.5894 -0.7938
vn -0.1551 0.5334 -0.8315
vn -0.0524 0.5318 -0.8452
vn -0.2745 0.3858 -0.8808
vn -0.2629 0.4688 -0.8432
vn -0.3622 0.4698 -0.8050
vn -0.3786 0.3860 -0.8413
vn -0.2427 0.5922 -0.7683
vn -0.3304 0.5949 -0.7327
vn -0.3459 0.5394 -0.7677
vn -0.2528 0.5365 -0.8051
vn -0.4773 0.3861 -0.7894
vn -0.4565 0.4707 -0.7550
vn -0.5438 0.4715 -0.6942
vn -0.5688 0.3863 -0.7261
vn -0.4152 0.5969 -0.6865
vn -0.4940 0.5986 -0.6307
vn -0.5176 0.5435 -0.6608
vn -0.4350 0.5416 -0.7193
vn -0.6523 0.3863 -0.6521
vn -0.6233 0.4723 -0.6232
vn -0.6935 0.4729 -0.5435
vn -0.7260 0.3864 -0.5689
vn -0.5656 0.6001 -0.5656
vn -0.6289 0.6014 -0.4928
vn -0.6591 0.5466 -0.5165
vn -0.5928 0.5452 -0.5927
vn -0.7893 0.3865 -0.4771
vn -0.7538 0.4735 -0.4556
vn -0.8029 0.4740 -0.3614
vn -0.8409 0.3866 -0.3786
vn -0.6830 0.6026 -0.4128
vn -0.7271 0.6035 -0.3273
vn -0.7622 0.5489 -0.3432
vn -0.7160 0.5479 -0.4327
vn -0.8805 0.3866 -0.2743
vn -0.8405 0.4743 -0.2619
vn -0.8658 0.4745 -0.1587
vn -0.9071 0.3867 -0.1663
vn -0.7607 0.6042 -0.2370
vn -0.7834 0.6047 -0.1436
vn -0.8214 0.5502 -0.1505
vn -0.7976 0.5496 -0.2485
vn -0.9205 0.3867 -0.0556
vn -0.8786 0.4747 -0.0531
vn -0.8786 0.4747 0.0531
vn -0.9205 0.3867 0.0556
vn -0.7948 0.6049 -0.0480
vn -0.7948 0.6050 0.0480
vn -0.8333 0.5505 0.0504
vn -0.8333 0.5505 -0.0504
vn -0.9071 0.3867 0.1663
vn -0.8658 0.4745 0.1587
vn -0.8405 0.4743 0.2619
vn -0.8805 0.3866 0.2743
vn -0.7834 0.6047 0.1436
vn -0.7607 0.6043 0.2370
vn -0.7976 0.5496 0.2485
vn -0.8213 0.5502 0.1506
vn -0.8409 0.3866 0.3786
vn -0.8030 0.4740 0.3614
vn -0.7538 0.4735 0.4556
vn -0.7893 0.3865 0.4770
vn -0.7270 0.6035 0.3274
vn -0.6830 0.6026 0.4127
vn -0.7159 0.5479 0.4327
vn -0.7622 0.5489 0.3431
vn -0.7260 0.3864 0.5689
vn -0.6935 0.4730 0.5434
vn -0.6233 0.4723 0.6232
vn -0.6522 0.3863 0.6522
vn -0.6288 0.6015 0.4928
vn -0.5657 0.6001 0.5656
vn -0.5929 0.5451 0.5927
vn -0.6591 0.5466 0.5165
vn -0.5688 0.3862 0.7262
vn -0.5438 0.4715 0.6942
vn -0.4565 0.4707 0.7550
vn -0.4773 0.3861 0.7894
vn -0.4940 0.5985 0.6306
vn -0.4151 0.5969 0.6866
vn -0.4349 0.5416 0.7194
vn -0.5177 0.5435 0.6608
vn -0.3786 0.3860 0.8413
vn -0.3623 0.4698 0.8050
vn -0.2629 0.4688 0.8432
vn -0.2745 0.3858 0.8808
vn -0.3301 0.5950 0.7328
vn -0.2412 0.5931 0.7681
vn -0.2515 0.5374 0.8050
vn -0.3456 0.5396 0.7677
vn -0.1662 0.3856 0.9076
vn -0.1593 0.4677 0.8694
vn -0.0536 0.4666 0.8828
vn -0.0558 0.3855 0.9210
vn -0.1480 0.5907 0.7932
vn -0.0501 0.5885 0.8069
vn -0.0516 0.5324 0.8449
vn -0.1531 0.5347 0.8310
vn 0.2348 0.6266 0.7432
vn 0.2350 0.6275 0.7423
vn 0.3206 0.6262 0.7107
vn 0.3202 0.6269 0.7103
vn 0.0581 0.2814 0.9578
vn 0.1730 0.2813 0.9439
vn 0.1686 0.3523 0.9206
vn 0.0567 0.3524 0.9341
vn 0.0549 0.4199 0.9059
vn 0.1638 0.4199 0.8927
vn 0.1591 0.4816 0.8618
vn 0.0535 0.4823 0.8744
vn 0.2855 0.2813 0.9162
vn 0.3939 0.2813 0.8750
vn 0.3840 0.3523 0.8535
vn 0.2785 0.3524 0.8935
vn 0.2701 0.4196 0.8666
vn 0.3726 0.4195 0.8278
vn 0.3602 0.4794 0.8003
vn 0.2617 0.4805 0.8370
vn 0.4966 0.2814 0.8211
vn 0.5916 0.2814 0.7555
vn 0.5771 0.3523 0.7368
vn 0.4843 0.3523 0.8008
vn 0.4696 0.4193 0.7769
vn 0.5598 0.4193 0.7147
vn 0.5417 0.4778 0.6916
vn 0.4543 0.4786 0.7514
vn 0.6785 0.2813 0.6785
vn 0.7555 0.2813 0.5917
vn 0.7367 0.3523 0.5771
vn 0.6618 0.3523 0.6618
vn 0.6421 0.4192 0.6419
vn 0.7147 0.4190 0.5600
vn 0.6919 0.4766 0.5423
vn 0.6215 0.4772 0.6213
vn 0.8212 0.2814 0.4965
vn 0.8750 0.2814 0.3939
vn 0.8534 0.3523 0.3842
vn 0.8009 0.3524 0.4841
vn 0.7771 0.4190 0.4696
vn 0.8279 0.4189 0.3729
vn 0.8020 0.4757 0.3611
vn 0.7526 0.4761 0.4548
vn 0.9162 0.2814 0.2855
vn 0.9438 0.2814 0.1732
vn 0.9206 0.3523 0.1686
vn 0.8935 0.3523 0.2783
vn 0.8670 0.4189 0.2700
vn 0.8932 0.4188 0.1639
vn 0.8655 0.4752 0.1586
vn 0.8400 0.4754 0.2617
vn 0.9579 0.2813 0.0579
vn 0.9579 0.2813 -0.0580
vn 0.9342 0.3524 -0.0564
vn 0.9342 0.3523 0.0565
vn 0.9064 0.4189 0.0547
vn 0.9064 0.4188 -0.0548
vn 0.8783 0.4751 -0.0530
vn 0.8784 0.4750 0.0532
vn 0.9439 0.2813 -0.1729
vn 0.9162 0.2814 -0.2854
vn 0.8935 0.3523 -0.2785
vn 0.9206 0.3523 -0.1687
vn 0.8932 0.4189 -0.1637
vn 0.8670 0.4188 -0.2700
vn 0.8400 0.4754 -0.2615
vn 0.8655 0.4751 -0.1588
vn 0.8750 0.2814 -0.3939
vn 0.8212 0.2813 -0.4965
vn 0.8010 0.3523 -0.4841
vn 0.8533 0.3524 -0.3843
vn 0.8279 0.4189 -0.3729
vn 0.7771 0.4190 -0.4696
vn 0.7526 0.4761 -0.4548
vn 0.8020 0.4757 -0.3612
vn 0.7553 0.2814 -0.5919
vn 0.6785 0.2813 -0.6786
vn 0.6619 0.3524 -0.6616
vn 0.7367 0.3523 -0.5772
vn 0.7147 0.4191 -0.5599
vn 0.6421 0.4192 -0.6419
vn 0.6214 0.4772 -0.6214
vn 0.6920 0.4766 -0.5422
vn 0.5917 0.2814 -0.7554
vn 0.4964 0.2814 -0.8212
vn 0.4842 0.3523 -0.8009
vn 0.5771 0.3523 -0.7368
vn 0.5598 0.4192 -0.7148
vn 0.4697 0.4193 -0.7769
vn 0.4543 0.4786 -0.7513
vn 0.5417 0.4778 -0.6915
vn 0.3937 0.2814 -0.8751
vn 0.2855 0.2813 -0.9162
vn 0.2786 0.3524 -0.8934
vn 0.3841 0.3523 -0.8534
vn 0.3725 0.4195 -0.8278
vn 0.2701 0.4196 -0.8666
vn 0.2612 0.4802 -0.8374
vn 0.3601 0.4793 -0.8004
vn 0.1729 0.2814 -0.9439
vn 0.0581 0.2814 -0.9578
vn 0.0579 0.2812 -0.9579
vn 0.0564 0.3523 -0.9342
vn 0.1687 0.3523 -0.9206
vn 0.1636 0.4198 -0.8927
vn 0.0548 0.4199 -0.9059
vn 0.0530 0.4822 -0.8745
vn 0.1580 0.4812 -0.8622
vn -0.0579 0.2813 -0.9579
vn -0.1730 0.2814 -0.9439
vn -0.1686 0.3523 -0.9206
vn -0.0565 0.3524 -0.9342
vn -0.0549 0.4199 -0.9059
vn -0.1636 0.4198 -0.8927
vn -0.1591 0.4817 -0.8618
vn -0.0535 0.4824 -0.8743
vn -0.2857 0.2814 -0.9161
vn -0.3939 0.2813 -0.8750
vn -0.3840 0.3523 -0.8535
vn -0.2785 0.3523 -0.8935
vn -0.2703 0.4197 -0.8665
vn -0.3725 0.4195 -0.8278
vn -0.3602 0.4794 -0.8003
vn -0.2619 0.4805 -0.8370
vn -0.4964 0.2814 -0.8212
vn -0.5918 0.2814 -0.7554
vn -0.5771 0.3523 -0.7368
vn -0.4842 0.3523 -0.8009
vn -0.4698 0.4194 -0.7768
vn -0.5598 0.4192 -0.7147
vn -0.5418 0.4779 -0.6915
vn -0.4542 0.4785 -0.7515
vn -0.6787 0.2814 -0.6784
vn -0.7555 0.2813 -0.5917
vn -0.7367 0.3524 -0.5772
vn -0.6619 0.3523 -0.6617
vn -0.6420 0.4191 -0.6420
vn -0.7147 0.4191 -0.5600
vn -0.6920 0.4766 -0.5422
vn -0.6214 0.4772 -0.6214
vn -0.8213 0.2814 -0.4963
vn -0.8750 0.2814 -0.3939
vn -0.8534 0.3523 -0.3842
vn -0.8010 0.3523 -0.4841
vn -0.7771 0.4190 -0.4696
vn -0.8279 0.4189 -0.3729
vn -0.8021 0.4757 -0.3611
vn -0.7526 0.4761 -0.4549
vn -0.9161 0.2814 -0.2855
vn -0.9438 0.2814 -0.1731
vn -0.9206 0.3523 -0.1686
vn -0.8935 0.3524 -0.2783
vn -0.8670 0.4189 -0.2699
vn -0.8932 0.4188 -0.1639
vn -0.8655 0.4752 -0.1586
vn -0.8400 0.4754 -0.2617
vn -0.9579 0.2813 -0.0579
vn -0.9579 0.2813 0.0580
vn -0.9342 0.3524 0.0564
vn -0.9342 0.3523 -0.0565
vn -0.9064 0.4189 -0.0547
vn -0.9064 0.4188 0.0548
vn -0.8783 0.4751 0.0530
vn -0.8784 0.4750 -0.0532
vn -0.9439 0.2813 0.1729
vn -0.9162 0.2814 0.2854
vn -0.8935 0.3523 0.2784
vn -0.9205 0.3523 0.1687
vn -0.8932 0.4189 0.1637
vn -0.8670 0.4189 0.2700
vn -0.8400 0.4754 0.2616
vn -0.8655 0.4751 0.1588
vn -0.8750 0.2814 0.3939
vn -0.8212 0.2814 0.4964
vn -0.8009 0.3523 0.4842
vn -0.8534 0.3523 0.3842
vn -0.8280 0.4189 0.3728
vn -0.7771 0.4190 0.4697
vn -0.7526 0.4761 0.4548
vn -0.8020 0.4757 0.3612
vn -0.7554 0.2814 0.5917
vn -0.6785 0.2813 0.6785
vn -0.6618 0.3523 0.6618
vn -0.7367 0.3524 0.5772
vn -0.7147 0.4191 0.5600
vn -0.6420 0.4191 0.6420
vn -0.6215 0.4772 0.6213
vn -0.6920 0.4766 0.5422
vn -0.5918 0.2813 0.7554
vn -0.4965 0.2814 0.8211
vn -0.4844 0.3523 0.8008
vn -0.5771 0.3523 0.7368
vn -0.5598 0.4193 0.7147
vn -0.4698 0.4194 0.7768
vn -0.4542 0.4786 0.7514
vn -0.5417 0.4778 0.6915
vn -0.3937 0.2814 0.8751
vn -0.2855 0.2814 0.9161
vn -0.2784 0.3523 0.8935
vn -0.3841 0.3523 0.8534
vn -0.3725 0.4195 0.8278
vn -0.2701 0.4196 0.8666
vn -0.2611 0.4802 0.8374
vn -0.3602 0.4794 0.8003
vn -0.1729 0.2813 0.9439
vn -0.0578 0.2813 0.9579
vn -0.0567 0.3523 0.9342
vn -0.1685 0.3524 0.9206
vn -0.1634 0.4197 0.8928
vn -0.0550 0.4200 0.9059
vn -0.0530 0.4821 0.8745
vn -0.1582 0.4812 0.8622
vn 0.0591 0.2014 0.9777
vn 0.0599 0.0979 0.9934
vn 0.1795 0.0979 0.9789
vn 0.1765 0.2015 0.9635
vn -0.1701 -0.3301 0.9285
vn -0.0571 -0.3301 0.9422
vn -0.0546 -0.4299 0.9012
vn -0.1627 -0.4299 0.8881
vn -0.1550 -0.5100 0.8461
vn -0.0519 -0.5099 0.8586
vn -0.0500 -0.5631 0.8249
vn -0.1489 -0.5631 0.8129
vn -0.3873 -0.3301 0.8608
vn -0.2809 -0.3301 0.9012
vn -0.2687 -0.4299 0.8620
vn -0.3705 -0.4298 0.8234
vn -0.3530 -0.5100 0.7844
vn -0.2560 -0.5100 0.8212
vn -0.2459 -0.5630 0.7890
vn -0.3392 -0.5630 0.7537
vn -0.5822 -0.3300 0.7431
vn -0.4884 -0.3301 0.8078
vn -0.4672 -0.4299 0.7726
vn -0.5568 -0.4299 0.7108
vn -0.5304 -0.5100 0.6772
vn -0.4450 -0.5099 0.7362
vn -0.4276 -0.5631 0.7071
vn -0.5097 -0.5630 0.6506
vn -0.7431 -0.3300 0.5822
vn -0.6675 -0.3301 0.6674
vn -0.6385 -0.4299 0.6384
vn -0.7107 -0.4299 0.5569
vn -0.6771 -0.5100 0.5305
vn -0.6083 -0.5100 0.6082
vn -0.5844 -0.5630 0.5843
vn -0.6506 -0.5630 0.5097
vn -0.8608 -0.3300 0.3874
vn -0.8079 -0.3301 0.4883
vn -0.7727 -0.4298 0.4671
vn -0.8233 -0.4299 0.3706
vn -0.7844 -0.5099 0.3531
vn -0.7361 -0.5100 0.4449
vn -0.7073 -0.5630 0.4275
vn -0.7535 -0.5631 0.3393
vn -0.9285 -0.3300 0.1702
vn -0.9012 -0.3301 0.2808
vn -0.8620 -0.4299 0.2686
vn -0.8881 -0.4298 0.1628
vn -0.8461 -0.5100 0.1551
vn -0.8213 -0.5100 0.2558
vn -0.7890 -0.5631 0.2458
vn -0.8129 -0.5630 0.1490
vn -0.9423 -0.3300 -0.0570
vn -0.9422 -0.3301 0.0569
vn -0.9012 -0.4299 0.0544
vn -0.9013 -0.4299 -0.0544
vn -0.8586 -0.5100 -0.0518
vn -0.8586 -0.5100 0.0518
vn -0.8250 -0.5630 0.0498
vn -0.8250 -0.5630 -0.0498
vn -0.9012 -0.3301 -0.2808
vn -0.9285 -0.3300 -0.1702
vn -0.8881 -0.4299 -0.1628
vn -0.8620 -0.4299 -0.2686
vn -0.8213 -0.5099 -0.2559
vn -0.8461 -0.5100 -0.1551
vn -0.8129 -0.5631 -0.1491
vn -0.7890 -0.5631 -0.2458
vn -0.8079 -0.3301 -0.4883
vn -0.8608 -0.3300 -0.3875
vn -0.8234 -0.4298 -0.3706
vn -0.7727 -0.4299 -0.4671
vn -0.7361 -0.5099 -0.4450
vn -0.7843 -0.5100 -0.3531
vn -0.7536 -0.5630 -0.3392
vn -0.7073 -0.5630 -0.4275
vn -0.6675 -0.3300 -0.6675
vn -0.7430 -0.3301 -0.5822
vn -0.7107 -0.4299 -0.5569
vn -0.6385 -0.4299 -0.6383
vn -0.6083 -0.5100 -0.6082
vn -0.6771 -0.5099 -0.5305
vn -0.6506 -0.5630 -0.5097
vn -0.5844 -0.5629 -0.5844
vn -0.4884 -0.3300 -0.8078
vn -0.5821 -0.3301 -0.7431
vn -0.5568 -0.4299 -0.7108
vn -0.4672 -0.4299 -0.7726
vn -0.4451 -0.5100 -0.7361
vn -0.5305 -0.5099 -0.6772
vn -0.5096 -0.5630 -0.6506
vn -0.4276 -0.5631 -0.7072
vn -0.2810 -0.3301 -0.9012
vn -0.3873 -0.3300 -0.8609
vn -0.3705 -0.4299 -0.8234
vn -0.2687 -0.4299 -0.8620
vn -0.2560 -0.5100 -0.8212
vn -0.3530 -0.5099 -0.7845
vn -0.3391 -0.5631 -0.7536
vn -0.2459 -0.5630 -0.7891
vn -0.0571 -0.3300 -0.9423
vn -0.1701 -0.3300 -0.9285
vn -0.1628 -0.4299 -0.8881
vn -0.0546 -0.4299 -0.9012
vn -0.0520 -0.5100 -0.8586
vn -0.1550 -0.5100 -0.8461
vn -0.1489 -0.5630 -0.8129
vn -0.0500 -0.5631 -0.8249
vn 0.1700 -0.3301 -0.9285
vn 0.0571 -0.3300 -0.9423
vn 0.0546 -0.4299 -0.9012
vn 0.1627 -0.4299 -0.8881
vn 0.1551 -0.5100 -0.8461
vn 0.0520 -0.5100 -0.8586
vn 0.0499 -0.5630 -0.8250
vn 0.1489 -0.5630 -0.8129
vn 0.3874 -0.3300 -0.8608
vn 0.2809 -0.3300 -0.9012
vn 0.2687 -0.4299 -0.8620
vn 0.3704 -0.4299 -0.8234
vn 0.3530 -0.5100 -0.7844
vn 0.2559 -0.5099 -0.8213
vn 0.2460 -0.5631 -0.7889
vn 0.3391 -0.5631 -0.7536
vn 0.5821 -0.3300 -0.7431
vn 0.4884 -0.3301 -0.8078
vn 0.4672 -0.4299 -0.7726
vn 0.5567 -0.4299 -0.7108
vn 0.5304 -0.5100 -0.6772
vn 0.4451 -0.5099 -0.7361
vn 0.4276 -0.5630 -0.7072
vn 0.5097 -0.5629 -0.6506
vn 0.7430 -0.3301 -0.5822
vn 0.6676 -0.3301 -0.6674
vn 0.6385 -0.4299 -0.6384
vn 0.7107 -0.4299 -0.5569
vn 0.6771 -0.5099 -0.5305
vn 0.6083 -0.5099 -0.6083
vn 0.5844 -0.5630 -0.5843
vn 0.6505 -0.5630 -0.5097
vn 0.8608 -0.3301 -0.3875
vn 0.8079 -0.3300 -0.4883
vn 0.7727 -0.4298 -0.4671
vn 0.8233 -0.4299 -0.3706
vn 0.7844 -0.5099 -0.3530
vn 0.7361 -0.5100 -0.4449
vn 0.7073 -0.5630 -0.4275
vn 0.7536 -0.5631 -0.3393
vn 0.9285 -0.3300 -0.1702
vn 0.9012 -0.3300 -0.2808
vn 0.8620 -0.4299 -0.2686
vn 0.8881 -0.4299 -0.1628
vn 0.8461 -0.5100 -0.1551
vn 0.8213 -0.5100 -0.2558
vn 0.7890 -0.5630 -0.2458
vn 0.8129 -0.5630 -0.1490
vn 0.9423 -0.3300 0.0570
vn 0.9422 -0.3301 -0.0569
vn 0.9012 -0.4299 -0.0544
vn 0.9013 -0.4299 0.0544
vn 0.8586 -0.5100 0.0518
vn 0.8586 -0.5100 -0.0518
vn 0.8250 -0.5630 -0.0498
vn 0.8250 -0.5630 0.0498
vn 0.9012 -0.3300 0.2808
vn 0.9285 -0.3301 0.1702
vn 0.8881 -0.4299 0.1628
vn 0.8620 -0.4299 0.2686
vn 0.8213 -0.5099 0.2559
vn 0.8461 -0.5100 0.1551
vn 0.8129 -0.5631 0.1491
vn 0.7890 -0.5631 0.2458
vn 0.8078 -0.3300 0.4883
vn 0.8608 -0.3301 0.3875
vn 0.8233 -0.4298 0.3706
vn 0.7727 -0.4299 0.4670
vn 0.7361 -0.5100 0.4450
vn 0.7843 -0.5100 0.3532
vn 0.7536 -0.5630 0.3392
vn 0.7073 -0.5630 0.4275
vn 0.6675 -0.3300 0.6675
vn 0.7430 -0.3301 0.5822
vn 0.7107 -0.4299 0.5569
vn 0.6385 -0.4299 0.6384
vn 0.6083 -0.5100 0.6082
vn 0.6771 -0.5100 0.5305
vn 0.6505 -0.5630 0.5097
vn 0.5844 -0.5630 0.5844
vn 0.4884 -0.3301 0.8078
vn 0.5821 -0.3301 0.7431
vn 0.5568 -0.4299 0.7108
vn 0.4671 -0.4298 0.7727
vn 0.4451 -0.5100 0.7361
vn 0.5305 -0.5099 0.6772
vn 0.5096 -0.5631 0.6506
vn 0.4276 -0.5630 0.7073
vn 0.2809 -0.3301 0.9012
vn 0.3874 -0.3301 0.8608
vn 0.3705 -0.4299 0.8234
vn 0.2687 -0.4299 0.8620
vn 0.2560 -0.5100 0.8212
vn 0.3530 -0.5100 0.7844
vn 0.3391 -0.5630 0.7537
vn 0.2460 -0.5631 0.7890
vn 0.0571 -0.3301 0.9422
vn 0.1701 -0.3301 0.9285
vn 0.1627 -0.4299 0.8881
vn 0.0546 -0.4299 0.9012
vn 0.0520 -0.5100 0.8586
vn 0.1550 -0.5099 0.8461
vn 0.1489 -0.5631 0.8129
vn 0.0499 -0.5630 0.8250
vn 0.0921 -0.9953 0.0287
vn 0.0948 -0.9953 0.0174
vn -0.0094 -1.0000 -0.0017
vn -0.0091 -1.0000 -0.0028
vn -0.0604 0.0085 0.9981
vn -0.1802 0.0084 0.9836
vn -0.1796 0.0763 0.9808
vn -0.0602 0.0763 0.9953
vn -0.2976 0.0085 0.9547
vn -0.4104 0.0084 0.9119
vn -0.4091 0.0764 0.9093
vn -0.2967 0.0763 0.9519
vn -0.5174 0.0085 0.8557
vn -0.6166 0.0085 0.7872
vn -0.6149 0.0763 0.7849
vn -0.5159 0.0763 0.8533
vn -0.7071 0.0084 0.7070
vn -0.7871 0.0085 0.6168
vn -0.7849 0.0763 0.6150
vn -0.7051 0.0764 0.7050
vn -0.8558 0.0085 0.5172
vn -0.9118 0.0085 0.4105
vn -0.9092 0.0763 0.4093
vn -0.8533 0.0764 0.5157
vn -0.9547 0.0085 0.2974
vn -0.9836 0.0085 0.1803
vn -0.9807 0.0763 0.1798
vn -0.9520 0.0763 0.2965
vn -0.9981 0.0085 0.0603
vn -0.9981 0.0085 -0.0603
vn -0.9953 0.0763 -0.0602
vn -0.9953 0.0763 0.0601
vn -0.9836 0.0085 -0.1803
vn -0.9547 0.0085 -0.2974
vn -0.9520 0.0763 -0.2965
vn -0.9807 0.0763 -0.1798
vn -0.9118 0.0085 -0.4105
vn -0.8558 0.0085 -0.5173
vn -0.8534 0.0763 -0.5157
vn -0.9092 0.0763 -0.4093
vn -0.7871 0.0085 -0.6168
vn -0.7072 0.0084 -0.7070
vn -0.7050 0.0763 -0.7050
vn -0.7849 0.0763 -0.6150
vn -0.6166 0.0085 -0.7872
vn -0.5174 0.0085 -0.8557
vn -0.5159 0.0764 -0.8532
vn -0.6149 0.0764 -0.7849
vn -0.4104 0.0084 -0.9119
vn -0.2975 0.0085 -0.9547
vn -0.2967 0.0763 -0.9519
vn -0.4091 0.0763 -0.9093
vn -0.1802 0.0085 -0.9836
vn -0.0605 0.0085 -0.9981
vn -0.0602 0.0763 -0.9953
vn -0.1796 0.0763 -0.9808
vn 0.0604 0.0085 -0.9981
vn 0.1802 0.0085 -0.9836
vn 0.1796 0.0763 -0.9808
vn 0.0603 0.0764 -0.9953
vn 0.2976 0.0085 -0.9547
vn 0.4103 0.0085 -0.9119
vn 0.4092 0.0763 -0.9093
vn 0.2967 0.0763 -0.9519
vn 0.5174 0.0084 -0.8557
vn 0.6166 0.0085 -0.7872
vn 0.6149 0.0764 -0.7849
vn 0.5159 0.0763 -0.8533
vn 0.7072 0.0085 -0.7070
vn 0.7871 0.0084 -0.6167
vn 0.7849 0.0763 -0.6150
vn 0.7051 0.0764 -0.7050
vn 0.8558 0.0085 -0.5173
vn 0.9118 0.0085 -0.4105
vn 0.9092 0.0763 -0.4093
vn 0.8533 0.0763 -0.5158
vn 0.9547 0.0085 -0.2974
vn 0.9836 0.0085 -0.1803
vn 0.9807 0.0763 -0.1798
vn 0.9520 0.0763 -0.2965
vn 0.9981 0.0085 -0.0603
vn 0.9981 0.0084 0.0603
vn 0.9953 0.0763 0.0602
vn 0.9953 0.0763 -0.0602
vn 0.9836 0.0085 0.1803
vn 0.9547 0.0085 0.2974
vn 0.9520 0.0763 0.2966
vn 0.9807 0.0763 0.1798
vn 0.9118 0.0085 0.4105
vn 0.8558 0.0085 0.5172
vn 0.8533 0.0763 0.5157
vn 0.9092 0.0763 0.4093
vn 0.7871 0.0085 0.6168
vn 0.7071 0.0085 0.7070
vn 0.7051 0.0763 0.7050
vn 0.7848 0.0763 0.6150
vn 0.6166 0.0084 0.7872
vn 0.5174 0.0085 0.8557
vn 0.5159 0.0763 0.8533
vn 0.6148 0.0764 0.7850
vn 0.4103 0.0085 0.9119
vn 0.2976 0.0084 0.9547
vn 0.2968 0.0764 0.9519
vn 0.4092 0.0763 0.9092
vn 0.1801 0.0085 0.9836
vn 0.0604 0.0084 0.9981
vn 0.0602 0.0763 0.9953
vn 0.1796 0.0763 0.9808
vn 0.0580 0.2776 0.9590
vn 0.1731 0.2777 0.9450
vn 0.1777 0.1682 0.9696
vn 0.0596 0.1682 0.9839
vn 0.2973 0.0349 0.9541
vn 0.2984 -0.0132 0.9544
vn 0.4114 -0.0121 0.9114
vn 0.4102 0.0351 0.9113
vn 0.5169 0.0353 0.8553
vn 0.5181 -0.0109 0.8552
vn 0.6172 -0.0100 0.7867
vn 0.6163 0.0354 0.7867
vn 0.7068 0.0355 0.7065
vn 0.7076 -0.0093 0.7066
vn 0.7873 -0.0089 0.6165
vn 0.7866 0.0356 0.6165
vn 0.8553 0.0356 0.5169
vn 0.8558 -0.0088 0.5173
vn 0.9119 -0.0088 0.4103
vn 0.9113 0.0356 0.4102
vn 0.9541 0.0356 0.2973
vn 0.9547 -0.0087 0.2974
vn 0.9835 -0.0087 0.1804
vn 0.9830 0.0356 0.1800
vn 0.9975 0.0356 0.0603
vn 0.9981 -0.0087 0.0603
vn 0.9981 -0.0087 -0.0603
vn 0.9975 0.0356 -0.0603
vn 0.9830 0.0356 -0.1800
vn 0.9831 0.0358 -0.1798
vn 0.9835 -0.0087 -0.1804
vn 0.9547 -0.0087 -0.2974
vn 0.9541 0.0358 -0.2975
vn 0.9541 0.0356 -0.2972
vn 0.9113 0.0356 -0.4102
vn 0.9119 -0.0087 -0.4103
vn 0.8557 -0.0087 -0.5174
vn 0.8552 0.0356 -0.5170
vn 0.7866 0.0356 -0.6165
vn 0.7872 -0.0087 -0.6166
vn 0.7071 -0.0087 -0.7071
vn 0.7068 0.0356 -0.7065
vn 0.6163 0.0356 -0.7867
vn 0.6166 -0.0087 -0.7872
vn 0.5174 -0.0087 -0.8557
vn 0.5171 0.0356 -0.8552
vn 0.4099 0.0356 -0.9114
vn 0.4103 -0.0087 -0.9119
vn 0.2975 -0.0087 -0.9547
vn 0.2976 0.0356 -0.9540
vn 0.1800 0.0356 -0.9830
vn 0.1801 -0.0087 -0.9836
vn 0.0606 -0.0087 -0.9981
vn 0.0603 0.0356 -0.9975
vn -0.0603 0.0356 -0.9975
vn -0.0606 -0.0087 -0.9981
vn -0.1801 -0.0087 -0.9836
vn -0.1800 0.0356 -0.9830
vn -0.2976 0.0356 -0.9540
vn -0.2975 -0.0087 -0.9547
vn -0.4103 -0.0087 -0.9119
vn -0.4099 0.0356 -0.9114
vn -0.5171 0.0356 -0.8552
vn -0.5174 -0.0087 -0.8557
vn -0.6166 -0.0087 -0.7872
vn -0.6163 0.0356 -0.7867
vn -0.7068 0.0356 -0.7065
vn -0.7071 -0.0087 -0.7071
vn -0.7872 -0.0087 -0.6166
vn -0.7866 0.0356 -0.6165
vn -0.8553 0.0356 -0.5169
vn -0.8557 -0.0087 -0.5174
vn -0.9119 -0.0087 -0.4103
vn -0.9113 0.0356 -0.4103
vn -0.9541 0.0356 -0.2972
vn -0.9547 -0.0087 -0.2974
vn -0.9835 -0.0087 -0.1804
vn -0.9830 0.0356 -0.1800
vn -0.9975 0.0356 -0.0603
vn -0.9981 -0.0087 -0.0603
vn -0.9981 -0.0087 0.0603
vn -0.9975 0.0356 0.0603
vn -0.9830 0.0356 0.1800
vn -0.9835 -0.0087 0.1804
vn -0.9547 -0.0087 0.2974
vn -0.9541 0.0356 0.2973
vn -0.9113 0.0356 0.4102
vn -0.9119 -0.0088 0.4103
vn -0.8558 -0.0088 0.5173
vn -0.8553 0.0356 0.5169
vn -0.7866 0.0356 0.6165
vn -0.7873 -0.0089 0.6165
vn -0.7076 -0.0093 0.7066
vn -0.7068 0.0355 0.7065
vn -0.6163 0.0354 0.7867
vn -0.6172 -0.0100 0.7867
vn -0.5181 -0.0109 0.8552
vn -0.5169 0.0353 0.8553
vn -0.4102 0.0351 0.9113
vn -0.4114 -0.0121 0.9114
vn -0.2984 -0.0132 0.9544
vn -0.2973 0.0349 0.9541
vn -0.1800 0.0348 0.9830
vn -0.1807 -0.0142 0.9834
vn -0.0606 -0.0148 0.9981
vn -0.0606 0.0346 0.9976
vn 0.0301 -0.8672 0.4970
vn 0.0897 -0.8672 0.4898
vn 0.0511 -0.9589 0.2791
vn 0.0172 -0.9589 0.2832
vn 0.1482 -0.8673 0.4753
vn 0.2043 -0.8672 0.4541
vn 0.1164 -0.9589 0.2587
vn 0.0844 -0.9589 0.2709
vn 0.2576 -0.8672 0.4261
vn 0.3070 -0.8672 0.3920
vn 0.1750 -0.9589 0.2233
vn 0.1468 -0.9589 0.2428
vn 0.3522 -0.8672 0.3521
vn 0.3920 -0.8672 0.3071
vn 0.2233 -0.9589 0.1750
vn 0.2006 -0.9589 0.2006
vn 0.4261 -0.8672 0.2576
vn 0.4540 -0.8672 0.2044
vn 0.2587 -0.9589 0.1165
vn 0.2428 -0.9589 0.1467
vn 0.4753 -0.8672 0.1481
vn 0.4898 -0.8672 0.0898
vn 0.2790 -0.9589 0.0511
vn 0.2709 -0.9589 0.0844
vn 0.4970 -0.8672 0.0300
vn 0.4970 -0.8672 -0.0300
vn 0.2832 -0.9589 -0.0171
vn 0.2831 -0.9589 0.0171
vn 0.4898 -0.8672 -0.0898
vn 0.4754 -0.8672 -0.1482
vn 0.2708 -0.9589 -0.0844
vn 0.2790 -0.9589 -0.0512
vn 0.4540 -0.8673 -0.2044
vn 0.4261 -0.8672 -0.2575
vn 0.2428 -0.9589 -0.1467
vn 0.2587 -0.9589 -0.1165
vn 0.3919 -0.8672 -0.3071
vn 0.3521 -0.8672 -0.3520
vn 0.2006 -0.9589 -0.2006
vn 0.2233 -0.9589 -0.1750
vn 0.3070 -0.8672 -0.3920
vn 0.2577 -0.8672 -0.4261
vn 0.1468 -0.9589 -0.2428
vn 0.1749 -0.9589 -0.2234
vn 0.2043 -0.8672 -0.4541
vn 0.1482 -0.8672 -0.4754
vn 0.0844 -0.9589 -0.2708
vn 0.1164 -0.9589 -0.2587
vn 0.0897 -0.8672 -0.4898
vn 0.0301 -0.8672 -0.4970
vn 0.0172 -0.9589 -0.2831
vn 0.0511 -0.9589 -0.2790
vn -0.0301 -0.8673 -0.4969
vn -0.0897 -0.8672 -0.4898
vn -0.0511 -0.9589 -0.2790
vn -0.0171 -0.9589 -0.2832
vn -0.1482 -0.8672 -0.4754
vn -0.2043 -0.8672 -0.4541
vn -0.1164 -0.9589 -0.2587
vn -0.0844 -0.9589 -0.2708
vn -0.2577 -0.8672 -0.4261
vn -0.3070 -0.8672 -0.3920
vn -0.1749 -0.9589 -0.2233
vn -0.1468 -0.9589 -0.2427
vn -0.3521 -0.8672 -0.3520
vn -0.3919 -0.8672 -0.3071
vn -0.2233 -0.9589 -0.1750
vn -0.2006 -0.9589 -0.2006
vn -0.4261 -0.8672 -0.2576
vn -0.4540 -0.8672 -0.2044
vn -0.2587 -0.9589 -0.1165
vn -0.2428 -0.9589 -0.1467
vn -0.4753 -0.8672 -0.1481
vn -0.4898 -0.8672 -0.0898
vn -0.2790 -0.9589 -0.0511
vn -0.2708 -0.9589 -0.0844
vn -0.4970 -0.8672 -0.0300
vn -0.4970 -0.8672 0.0300
vn -0.2832 -0.9589 0.0171
vn -0.2831 -0.9589 -0.0171
vn -0.4898 -0.8672 0.0898
vn -0.4754 -0.8672 0.1481
vn -0.2708 -0.9589 0.0844
vn -0.2790 -0.9589 0.0512
vn -0.4540 -0.8672 0.2044
vn -0.4261 -0.8672 0.2575
vn -0.2428 -0.9589 0.1467
vn -0.2587 -0.9589 0.1165
vn -0.3919 -0.8672 0.3071
vn -0.3522 -0.8672 0.3521
vn -0.2006 -0.9589 0.2006
vn -0.2233 -0.9589 0.1750
vn -0.3071 -0.8672 0.3920
vn -0.2576 -0.8672 0.4261
vn -0.1468 -0.9589 0.2428
vn -0.1749 -0.9589 0.2233
vn -0.2043 -0.8672 0.4541
vn -0.1482 -0.8672 0.4754
vn -0.0844 -0.9589 0.2709
vn -0.1164 -0.9589 0.2587
vn -0.0897 -0.8673 0.4897
vn -0.0301 -0.8672 0.4970
vn -0.0172 -0.9589 0.2832
vn -0.0511 -0.9589 0.2791
vn 0.0410 -0.7350 0.6768
vn 0.0476 -0.6182 0.7846
vn 0.1416 -0.6182 0.7732
vn 0.1221 -0.7350 0.6670
vn 0.0594 -0.9953 -0.0759
vn 0.0499 -0.9953 -0.0825
vn -0.0049 -1.0000 0.0081
vn -0.0059 -1.0000 0.0075
vn -0.0499 -0.9953 -0.0825
vn -0.0595 -0.9953 -0.0759
vn 0.0059 -1.0000 0.0075
vn 0.0049 -1.0000 0.0081
vn -0.0948 -0.9953 0.0174
vn -0.0921 -0.9953 0.0287
vn 0.0091 -1.0000 -0.0028
vn 0.0094 -1.0000 -0.0017
vn 0.0682 -0.9953 0.0682
vn 0.0759 -0.9953 0.0595
vn -0.0075 -1.0000 -0.0059
vn -0.0067 -1.0000 -0.0067
vn 0.0879 -0.9953 -0.0396
vn 0.0825 -0.9953 -0.0499
vn -0.0081 -1.0000 0.0049
vn -0.0087 -1.0000 0.0039
vn -0.0058 -0.9953 -0.0963
vn -0.0174 -0.9953 -0.0949
vn 0.0017 -1.0000 0.0094
vn 0.0006 -1.0000 0.0095
vn -0.0921 -0.9953 -0.0287
vn -0.0948 -0.9953 -0.0174
vn 0.0093 -1.0000 0.0017
vn 0.0091 -1.0000 0.0028
vn -0.0595 -0.9953 0.0759
vn -0.0499 -0.9953 0.0825
vn 0.0049 -1.0000 -0.0081
vn 0.0059 -1.0000 -0.0075
vn 0.0287 -0.9953 0.0920
vn 0.0396 -0.9953 0.0879
vn -0.0039 -1.0000 -0.0087
vn -0.0028 -1.0000 -0.0091
vn 0.0963 -0.9953 0.0058
vn 0.0962 -0.9953 -0.0058
vn -0.0095 -1.0000 0.0006
vn -0.0095 -1.0000 -0.0006
vn 0.0396 -0.9953 -0.0879
vn 0.0287 -0.9953 -0.0921
vn -0.0028 -1.0000 0.0091
vn -0.0039 -1.0000 0.0087
vn -0.0682 -0.9953 -0.0682
vn -0.0759 -0.9953 -0.0595
vn 0.0075 -1.0000 0.0059
vn 0.0067 -1.0000 0.0067
vn -0.0879 -0.9953 0.0396
vn -0.0825 -0.9953 0.0499
vn 0.0081 -1.0000 -0.0049
vn 0.0087 -1.0000 -0.0039
vn 0.0825 -0.9953 0.0499
vn 0.0879 -0.9953 0.0396
vn -0.0087 -1.0000 -0.0039
vn -0.0081 -1.0000 -0.0049
vn 0.0759 -0.9953 -0.0595
vn 0.0682 -0.9953 -0.0682
vn -0.0067 -1.0000 0.0067
vn -0.0075 -1.0000 0.0059
vn -0.0287 -0.9953 -0.0921
vn -0.0396 -0.9953 -0.0879
vn 0.0039 -1.0000 0.0087
vn 0.0028 -1.0000 0.0091
vn -0.0963 -0.9953 -0.0058
vn -0.0962 -0.9953 0.0058
vn 0.0095 -1.0000 -0.0006
vn 0.0095 -1.0000 0.0006
vn -0.0396 -0.9953 0.0879
vn -0.0287 -0.9953 0.0920
vn 0.0028 -1.0000 -0.0091
vn 0.0039 -1.0000 -0.0087
vn 0.0499 -0.9953 0.0825
vn 0.0594 -0.9953 0.0759
vn -0.0059 -1.0000 -0.0075
vn -0.0049 -1.0000 -0.0081
vn 0.0948 -0.9953 -0.0174
vn 0.0921 -0.9953 -0.0287
vn -0.0091 -1.0000 0.0028
vn -0.0093 -1.0000 0.0017
vn 0.0174 -0.9953 -0.0949
vn 0.0058 -0.9953 -0.0963
vn -0.0006 -1.0000 0.0095
vn -0.0017 -1.0000 0.0094
vn -0.0825 -0.9953 -0.0499
vn -0.0879 -0.9953 -0.0396
vn 0.0087 -1.0000 0.0039
vn 0.0081 -1.0000 0.0049
vn -0.0759 -0.9953 0.0595
vn -0.0682 -0.9953 0.0682
vn 0.0067 -1.0000 -0.0067
vn 0.0075 -1.0000 -0.0059
vn -0.0174 -0.9953 0.0948
vn -0.0058 -0.9953 0.0963
vn 0.0006 -1.0000 -0.0095
vn 0.0017 -1.0000 -0.0094
vn 0.0058 -0.9953 0.0962
vn 0.0174 -0.9953 0.0948
vn -0.0017 -1.0000 -0.0094
vn -0.0006 -1.0000 -0.0095
vn 0.1832 -0.9814 0.0571
vn 0.1888 -0.9814 0.0346
vn 0.1458 -0.9890 0.0267
vn 0.1415 -0.9890 0.0441
vn -0.0787 -0.9814 0.1750
vn -0.0571 -0.9814 0.1832
vn -0.0441 -0.9889 0.1416
vn -0.0608 -0.9890 0.1352
vn -0.1184 -0.9814 0.1511
vn -0.0993 -0.9814 0.1642
vn -0.0767 -0.9890 0.1268
vn -0.0914 -0.9890 0.1167
vn -0.1357 -0.9814 -0.1357
vn -0.1511 -0.9814 -0.1184
vn -0.1167 -0.9890 -0.0914
vn -0.1048 -0.9890 -0.1048
vn -0.0993 -0.9814 -0.1643
vn -0.0990 -0.9814 -0.1643
vn -0.1183 -0.9814 -0.1511
vn -0.0914 -0.9890 -0.1167
vn -0.0767 -0.9890 -0.1268
vn -0.0768 -0.9889 -0.1271
vn 0.0345 -0.9814 -0.1887
vn 0.0116 -0.9814 -0.1916
vn 0.0090 -0.9889 -0.1480
vn 0.0267 -0.9889 -0.1458
vn 0.0788 -0.9814 -0.1751
vn 0.0571 -0.9814 -0.1832
vn 0.0441 -0.9890 -0.1415
vn 0.0608 -0.9890 -0.1351
vn 0.1643 -0.9814 0.0993
vn 0.1749 -0.9814 0.0788
vn 0.1352 -0.9889 0.0608
vn 0.1268 -0.9890 0.0767
vn 0.1357 -0.9814 0.1357
vn 0.1511 -0.9814 0.1184
vn 0.1167 -0.9890 0.0914
vn 0.1048 -0.9890 0.1048
vn -0.1511 -0.9814 0.1184
vn -0.1357 -0.9814 0.1357
vn -0.1048 -0.9890 0.1048
vn -0.1167 -0.9890 0.0914
vn -0.1750 -0.9814 0.0788
vn -0.1642 -0.9814 0.0992
vn -0.1269 -0.9889 0.0767
vn -0.1351 -0.9890 0.0608
vn -0.0571 -0.9814 -0.1832
vn -0.0787 -0.9814 -0.1750
vn -0.0790 -0.9814 -0.1748
vn -0.0608 -0.9890 -0.1352
vn -0.0441 -0.9889 -0.1416
vn 0.1183 -0.9814 -0.1511
vn 0.0993 -0.9814 -0.1642
vn 0.0767 -0.9890 -0.1268
vn 0.0914 -0.9890 -0.1167
vn 0.1511 -0.9814 -0.1184
vn 0.1357 -0.9814 -0.1357
vn 0.1048 -0.9890 -0.1048
vn 0.1167 -0.9890 -0.0914
vn 0.0993 -0.9814 0.1642
vn 0.1183 -0.9814 0.1511
vn 0.0914 -0.9890 0.1167
vn 0.0767 -0.9890 0.1269
vn 0.0571 -0.9814 0.1832
vn 0.0787 -0.9814 0.1750
vn 0.0608 -0.9889 0.1352
vn 0.0441 -0.9890 0.1415
vn -0.1888 -0.9814 0.0346
vn -0.1832 -0.9814 0.0571
vn -0.1415 -0.9890 0.0441
vn -0.1458 -0.9889 0.0267
vn -0.1916 -0.9814 -0.0116
vn -0.1916 -0.9814 0.0116
vn -0.1479 -0.9890 0.0089
vn -0.1480 -0.9889 -0.0090
vn -0.0116 -0.9814 -0.1915
vn -0.0346 -0.9814 -0.1888
vn -0.0267 -0.9889 -0.1458
vn -0.0090 -0.9889 -0.1480
vn 0.1750 -0.9814 -0.0788
vn 0.1642 -0.9814 -0.0993
vn 0.1269 -0.9890 -0.0767
vn 0.1351 -0.9890 -0.0608
vn 0.1888 -0.9814 -0.0346
vn 0.1832 -0.9814 -0.0571
vn 0.1415 -0.9890 -0.0441
vn 0.1458 -0.9889 -0.0267
vn 0.0116 -0.9814 0.1916
vn 0.0346 -0.9814 0.1888
vn 0.0267 -0.9890 0.1458
vn 0.0090 -0.9890 0.1479
vn -0.0346 -0.9814 0.1888
vn -0.0116 -0.9814 0.1916
vn -0.0090 -0.9890 0.1479
vn -0.0267 -0.9890 0.1458
vn -0.1833 -0.9814 -0.0571
vn -0.1888 -0.9814 -0.0346
vn -0.1458 -0.9890 -0.0267
vn -0.1415 -0.9890 -0.0441
vn -0.1643 -0.9814 -0.0993
vn -0.1750 -0.9814 -0.0788
vn -0.1352 -0.9890 -0.0608
vn -0.1268 -0.9890 -0.0767
vn -0.1972 -0.2628 0.9445
vn -0.1998 -0.3948 0.8968
vn -0.0700 -0.4011 0.9134
vn -0.0676 -0.2627 0.9625
vn -0.4346 -0.2520 0.8647
vn -0.4303 -0.3808 0.8184
vn -0.3215 -0.3871 0.8641
vn -0.3207 -0.2620 0.9102
vn -0.6201 -0.2509 0.7433
vn -0.5870 -0.3862 0.7115
vn -0.5163 -0.3794 0.7678
vn -0.5336 -0.2499 0.8080
vn -0.7629 -0.2641 0.5902
vn -0.6965 -0.4248 0.5782
vn -0.6454 -0.4025 0.6492
vn -0.6960 -0.2559 0.6709
vn -0.8708 -0.2841 0.4013
vn -0.7870 -0.4658 0.4046
vn -0.7435 -0.4475 0.4970
vn -0.8211 -0.2739 0.5007
vn -0.9370 -0.3002 0.1786
vn -0.8530 -0.4873 0.1869
vn -0.8251 -0.4781 0.3010
vn -0.9101 -0.2933 0.2927
vn -0.9508 -0.3041 -0.0596
vn -0.8680 -0.4928 -0.0613
vn -0.8678 -0.4929 0.0635
vn -0.9509 -0.3036 0.0598
vn -0.9091 -0.2962 -0.2929
vn -0.8248 -0.4751 -0.3065
vn -0.8525 -0.4887 -0.1854
vn -0.9365 -0.3023 -0.1779
vn -0.8197 -0.2724 -0.5038
vn -0.7537 -0.4079 -0.5153
vn -0.7887 -0.4476 -0.4214
vn -0.8692 -0.2857 -0.4035
vn -0.6959 -0.2615 -0.6688
vn -0.6856 -0.3558 -0.6352
vn -0.7219 -0.3722 -0.5834
vn -0.7626 -0.2621 -0.5913
vn -0.5304 -0.3206 -0.7848
vn -0.5871 -0.3958 -0.7061
vn -0.6399 -0.3639 -0.6769
vn -0.6186 -0.2722 -0.7371
vn -0.3278 -0.3942 -0.8586
vn -0.4107 -0.5165 -0.7513
vn -0.5231 -0.4472 -0.7256
vn -0.4387 -0.3585 -0.8241
vn -0.0673 -0.4249 -0.9027
vn -0.0848 -0.6314 -0.7708
vn -0.2489 -0.6108 -0.7517
vn -0.1997 -0.4169 -0.8867
vn 0.1997 -0.4169 -0.8867
vn 0.2489 -0.6108 -0.7517
vn 0.0848 -0.6314 -0.7708
vn 0.0673 -0.4249 -0.9027
vn 0.4387 -0.3585 -0.8241
vn 0.5231 -0.4472 -0.7255
vn 0.4107 -0.5165 -0.7513
vn 0.3278 -0.3942 -0.8586
vn 0.6186 -0.2722 -0.7371
vn 0.6399 -0.3639 -0.6769
vn 0.5871 -0.3958 -0.7061
vn 0.5304 -0.3206 -0.7848
vn 0.7626 -0.2621 -0.5913
vn 0.7219 -0.3722 -0.5834
vn 0.6856 -0.3558 -0.6352
vn 0.6959 -0.2615 -0.6688
vn 0.8692 -0.2857 -0.4035
vn 0.7887 -0.4476 -0.4214
vn 0.7537 -0.4079 -0.5153
vn 0.8197 -0.2724 -0.5038
vn 0.9365 -0.3023 -0.1779
vn 0.8525 -0.4887 -0.1854
vn 0.8248 -0.4751 -0.3065
vn 0.9091 -0.2962 -0.2929
vn 0.9509 -0.3036 0.0599
vn 0.8678 -0.4929 0.0635
vn 0.8680 -0.4928 -0.0613
vn 0.9508 -0.3041 -0.0596
vn 0.9101 -0.2933 0.2927
vn 0.8251 -0.4781 0.3010
vn 0.8530 -0.4873 0.1869
vn 0.9370 -0.3002 0.1786
vn 0.8212 -0.2739 0.5007
vn 0.7435 -0.4476 0.4969
vn 0.7869 -0.4658 0.4047
vn 0.8708 -0.2841 0.4013
vn 0.6960 -0.2559 0.6709
vn 0.6454 -0.4025 0.6492
vn 0.6965 -0.4248 0.5782
vn 0.7629 -0.2641 0.5902
vn 0.5336 -0.2499 0.8080
vn 0.5163 -0.3794 0.7678
vn 0.5870 -0.3862 0.7115
vn 0.6201 -0.2509 0.7433
vn 0.3207 -0.2620 0.9102
vn 0.3215 -0.3871 0.8641
vn 0.4303 -0.3808 0.8184
vn 0.4346 -0.2520 0.8647
vn 0.0676 -0.2627 0.9625
vn 0.0700 -0.4011 0.9134
vn 0.1998 -0.3948 0.8968
vn 0.1972 -0.2628 0.9445
vn -0.0769 0.6979 -0.7121
vn -0.0773 0.6978 -0.7121
vn -0.2051 0.6867 -0.6974
vn -0.2049 0.6865 -0.6976
vn -0.0747 0.9614 -0.2648
vn -0.0750 0.9613 -0.2649
vn -0.0753 0.9613 -0.2649
vn -0.0315 0.9620 -0.2711
vn -0.2973 0.6716 -0.6787
vn -0.3556 0.6605 -0.6613
vn -0.0918 0.9612 -0.2601
vn -0.0918 0.9613 -0.2596
vn -0.0918 0.9613 -0.2599
vn -0.3822 0.6570 -0.6498
vn -0.3777 0.6599 -0.6495
vn -0.0331 0.9566 -0.2895
vn -0.0750 0.9604 -0.2682
vn -0.3540 0.6681 -0.6545
vn -0.3576 0.6865 -0.6331
vn 0.0548 0.9435 -0.3269
vn 0.0231 0.9479 -0.3178
vn -0.4017 0.7178 -0.5687
vn -0.4788 0.7542 -0.4495
vn 0.0374 0.9691 -0.2437
vn 0.0587 0.9502 -0.3060
vn -0.5517 0.7768 -0.3037
vn -0.5912 0.7838 -0.1898
vn -0.0007 0.9956 -0.0936
vn 0.0106 0.9876 -0.1567
vn -0.6110 0.7871 -0.0848
vn -0.6140 0.7882 0.0430
vn -0.0132 0.9999 0.0027
vn -0.0073 0.9989 -0.0455
vn -0.5948 0.7788 0.1993
vn -0.5254 0.7360 0.4269
vn -0.5253 0.7359 0.4272
vn -0.0120 0.9761 0.2171
vn -0.0214 0.9966 0.0796
vn -0.4402 0.6687 0.5992
vn -0.4405 0.6686 0.5991
vn -0.4264 0.6195 0.6591
vn -0.0039 0.9218 0.3876
vn 0.0218 0.9349 0.3543
vn 0.0216 0.9348 0.3546
vn -0.4868 0.5856 0.6481
vn -0.5705 0.5471 0.6125
vn -0.1963 0.9221 0.3333
vn -0.0865 0.9246 0.3711
vn -0.6744 0.4927 0.5499
vn -0.7547 0.4465 0.4807
vn -0.4960 0.8511 0.1723
vn -0.3496 0.8994 0.2623
vn -0.7890 0.4420 0.4266
vn -0.7243 0.5374 0.4320
vn -0.5593 0.8276 0.0475
vn -0.5831 0.8078 0.0869
vn -0.5036 0.7158 0.4838
vn -0.1838 0.8405 0.5097
vn -0.1570 0.9854 0.0656
vn -0.4044 0.9129 0.0560
vn 0.2029 0.8462 0.4928
vn 0.5364 0.7217 0.4375
vn 0.4025 0.9150 0.0276
vn 0.1600 0.9857 0.0535
vn 0.7486 0.5482 0.3730
vn 0.8034 0.4618 0.3759
vn 0.5606 0.8268 0.0470
vn 0.5455 0.8380 0.0098
vn 0.7613 0.4679 0.4488
vn 0.6749 0.5032 0.5397
vn 0.3444 0.9033 0.2557
vn 0.3443 0.9033 0.2560
vn 0.4779 0.8662 0.1460
vn 0.4781 0.8661 0.1458
vn 0.5718 0.5386 0.6189
vn 0.4930 0.5605 0.6654
vn 0.1026 0.9151 0.3900
vn 0.2030 0.9178 0.3412
vn 0.4377 0.5807 0.6864
vn 0.4538 0.6289 0.6313
vn 0.0170 0.9276 0.3731
vn 0.0282 0.9087 0.4165
vn 0.5521 0.7222 0.4166
vn 0.6023 0.7743 0.1943
vn 0.0596 0.9951 0.0790
vn 0.0533 0.9725 0.2265
vn 0.6146 0.7877 0.0425
vn 0.6100 0.7879 -0.0837
vn 0.0125 0.9988 -0.0472
vn 0.0325 0.9994 0.0091
vn 0.5914 0.7837 -0.1900
vn 0.5504 0.7785 -0.3017
vn -0.0203 0.9883 -0.1511
vn -0.0014 0.9957 -0.0926
vn 0.4736 0.7645 -0.4373
vn 0.3965 0.7373 -0.5470
vn -0.0731 0.9544 -0.2895
vn -0.0524 0.9715 -0.2310
vn 0.3551 0.7083 -0.6102
vn 0.3541 0.6860 -0.6356
vn -0.0291 0.9511 -0.3075
vn -0.0650 0.9478 -0.3121
vn 0.3791 0.6694 -0.6389
vn 0.3830 0.6597 -0.6465
vn 0.0753 0.9602 -0.2688
vn 0.0310 0.9580 -0.2852
vn 0.3551 0.6595 -0.6625
vn 0.2949 0.6680 -0.6832
vn 0.0917 0.9612 -0.2601
vn 0.0923 0.9608 -0.2616
vn 0.2016 0.6828 -0.7022
vn 0.0751 0.6963 -0.7138
vn 0.0319 0.9627 -0.2687
vn 0.0750 0.9622 -0.2619
vn 0.1252 0.7196 -0.6830
vn 0.0420 0.7198 -0.6929
vn 0.0480 0.6074 -0.7929
vn 0.1431 0.6075 -0.7813
vn 0.3371 -0.5703 -0.7491
vn 0.2445 -0.5703 -0.7842
vn 0.2542 -0.5200 -0.8155
vn 0.3505 -0.5200 -0.7789
vn 0.6467 -0.5702 -0.5066
vn 0.5809 -0.5702 -0.5808
vn 0.6041 -0.5200 -0.6039
vn 0.6723 -0.5200 -0.5269
vn 0.9634 -0.2017 -0.1764
vn 0.9351 -0.2017 -0.2914
vn 0.9500 -0.0989 -0.2960
vn 0.9788 -0.0989 -0.1794
vn 0.8931 -0.2017 -0.4021
vn 0.8382 -0.2017 -0.5067
vn 0.8516 -0.0989 -0.5148
vn 0.9074 -0.0989 -0.4084
vn 0.9351 -0.2018 0.2913
vn 0.9634 -0.2017 0.1766
vn 0.9788 -0.0989 0.1795
vn 0.9500 -0.0989 0.2960
vn 0.8080 -0.5702 -0.1481
vn 0.7843 -0.5702 -0.2444
vn 0.8155 -0.5200 -0.2540
vn 0.8402 -0.5200 -0.1540
vn 0.7843 -0.5702 0.2444
vn 0.8080 -0.5702 0.1481
vn 0.8402 -0.5200 0.1540
vn 0.8155 -0.5200 0.2541
vn 0.8200 -0.5702 0.0496
vn 0.8200 -0.5702 -0.0496
vn 0.8526 -0.5200 -0.0515
vn 0.8526 -0.5200 0.0516
vn 0.7030 -0.5702 0.4250
vn 0.7492 -0.5702 0.3371
vn 0.7789 -0.5200 0.3506
vn 0.7310 -0.5200 0.4419
vn 0.5069 -0.2017 0.8381
vn 0.6039 -0.2017 0.7711
vn 0.6136 -0.0989 0.7834
vn 0.5149 -0.0989 0.8515
vn 0.0496 -0.5702 0.8200
vn 0.1481 -0.5702 0.8080
vn 0.1539 -0.5200 0.8402
vn 0.0516 -0.5200 0.8526
vn -0.4017 -0.2017 0.8933
vn -0.2918 -0.2018 0.9350
vn -0.2962 -0.0989 0.9500
vn -0.4081 -0.0989 0.9076
vn -0.1764 -0.2017 0.9634
vn -0.0592 -0.2018 0.9776
vn -0.0605 -0.0989 0.9933
vn -0.1790 -0.0989 0.9789
vn -0.7710 -0.2017 0.6041
vn -0.6927 -0.2018 0.6924
vn -0.7038 -0.0989 0.7034
vn -0.7832 -0.0989 0.6139
vn -0.3371 -0.5702 0.7492
vn -0.2444 -0.5702 0.7843
vn -0.2542 -0.5200 0.8154
vn -0.3505 -0.5200 0.7789
vn -0.6467 -0.5702 0.5066
vn -0.5809 -0.5702 0.5809
vn -0.6040 -0.5200 0.6040
vn -0.6724 -0.5200 0.5268
vn -0.5065 -0.5703 0.6467
vn -0.4250 -0.5702 0.7030
vn -0.4420 -0.5200 0.7309
vn -0.5268 -0.5200 0.6724
vn -0.7491 -0.5702 0.3372
vn -0.7030 -0.5702 0.4250
vn -0.7310 -0.5200 0.4418
vn -0.7790 -0.5200 0.3505
vn -0.9777 -0.2017 -0.0591
vn -0.9777 -0.2018 0.0589
vn -0.9933 -0.0988 0.0601
vn -0.9933 -0.0989 -0.0598
vn -0.7030 -0.5702 -0.4250
vn -0.7491 -0.5702 -0.3371
vn -0.7789 -0.5200 -0.3506
vn -0.7310 -0.5200 -0.4419
vn -0.5068 -0.2017 -0.8381
vn -0.6041 -0.2017 -0.7710
vn -0.6136 -0.0989 -0.7834
vn -0.5150 -0.0989 -0.8515
vn -0.6926 -0.2017 -0.6926
vn -0.7710 -0.2017 -0.6041
vn -0.7833 -0.0989 -0.6138
vn -0.7036 -0.0989 -0.7036
vn -0.2915 -0.2017 -0.9351
vn -0.4017 -0.2017 -0.8933
vn -0.4081 -0.0989 -0.9076
vn -0.2960 -0.0989 -0.9501
vn -0.4251 -0.5703 -0.7029
vn -0.5066 -0.5702 -0.6467
vn -0.5267 -0.5200 -0.6724
vn -0.4419 -0.5200 -0.7310
vn -0.2444 -0.5702 -0.7843
vn -0.3371 -0.5703 -0.7491
vn -0.3506 -0.5200 -0.7789
vn -0.2543 -0.5200 -0.8154
vn 0.1481 -0.5702 -0.8081
vn 0.0497 -0.5702 -0.8200
vn 0.0515 -0.5200 -0.8526
vn 0.1538 -0.5200 -0.8402
vn -0.5943 0.7196 -0.3592
vn -0.6331 0.7197 -0.2850
vn -0.7243 0.6075 -0.3261
vn -0.6798 0.6075 -0.4109
vn -0.6629 0.7197 -0.2065
vn -0.6828 0.7198 -0.1252
vn -0.7814 0.6074 -0.1432
vn -0.7584 0.6074 -0.2363
vn -0.6931 0.7196 -0.0419
vn -0.6931 0.7197 0.0418
vn -0.7929 0.6075 0.0479
vn -0.7928 0.6075 -0.0478
vn -0.6830 0.7196 0.1252
vn -0.6628 0.7197 0.2065
vn -0.7584 0.6074 0.2363
vn -0.7813 0.6075 0.1433
vn -0.6330 0.7197 0.2850
vn -0.5942 0.7196 0.3592
vn -0.6798 0.6075 0.4109
vn -0.7244 0.6074 0.3261
vn -0.5465 0.7197 0.4282
vn -0.4909 0.7198 0.4908
vn -0.5617 0.6075 0.5617
vn -0.6253 0.6074 0.4899
vn -0.4282 0.7197 0.5465
vn -0.3592 0.7197 0.5942
vn -0.4110 0.6075 0.6797
vn -0.4898 0.6075 0.6253
vn -0.2848 0.7198 0.6330
vn -0.2065 0.7197 0.6628
vn -0.2364 0.6074 0.7584
vn -0.3260 0.6074 0.7244
vn -0.1251 0.7198 0.6828
vn -0.0419 0.7196 0.6931
vn -0.0481 0.6076 0.7928
vn -0.1432 0.6074 0.7814
vn 0.0420 0.7198 0.6929
vn 0.1252 0.7196 0.6830
vn 0.1431 0.6075 0.7813
vn 0.0480 0.6075 0.7929
vn 0.2066 0.7198 0.6628
vn 0.2849 0.7197 0.6331
vn 0.3259 0.6074 0.7244
vn 0.2364 0.6074 0.7584
vn 0.3592 0.7198 0.5940
vn 0.4282 0.7197 0.5466
vn 0.4899 0.6075 0.6253
vn 0.4110 0.6074 0.6798
vn 0.4109 0.6072 0.6801
vn 0.4909 0.7197 0.4910
vn 0.5464 0.7198 0.4282
vn 0.6253 0.6075 0.4899
vn 0.5617 0.6075 0.5616
vn 0.5942 0.7197 0.3591
vn 0.6332 0.7196 0.2850
vn 0.7243 0.6075 0.3261
vn 0.6798 0.6074 0.4109
vn 0.6628 0.7197 0.2065
vn 0.6828 0.7198 0.1252
vn 0.7814 0.6074 0.1432
vn 0.7584 0.6074 0.2363
vn 0.6931 0.7196 0.0419
vn 0.6931 0.7197 -0.0418
vn 0.7929 0.6075 -0.0479
vn 0.7928 0.6075 0.0478
vn 0.6830 0.7196 -0.1252
vn 0.6628 0.7198 -0.2064
vn 0.7584 0.6074 -0.2363
vn 0.7813 0.6075 -0.1433
vn 0.6331 0.7197 -0.2850
vn 0.5942 0.7197 -0.3591
vn 0.6798 0.6075 -0.4109
vn 0.7244 0.6074 -0.3261
vn 0.5466 0.7196 -0.4283
vn 0.4910 0.7197 -0.4909
vn 0.5617 0.6075 -0.5616
vn 0.6253 0.6075 -0.4899
vn 0.4282 0.7197 -0.5466
vn 0.3592 0.7198 -0.5940
vn 0.4110 0.6074 -0.6798
vn 0.4899 0.6074 -0.6253
vn 0.2849 0.7197 -0.6332
vn 0.2066 0.7197 -0.6628
vn 0.2363 0.6075 -0.7583
vn 0.3260 0.6075 -0.7244
vn -0.1467 0.9891 -0.0088
vn -0.1340 0.9909 -0.0087
vn -0.1340 0.9909 0.0087
vn -0.1467 0.9891 0.0088
vn -0.2066 0.7196 -0.6629
vn -0.2848 0.7197 -0.6331
vn -0.3259 0.6075 -0.7243
vn -0.2363 0.6075 -0.7583
vn -0.2889 0.2404 -0.9267
vn -0.3983 0.2404 -0.8852
vn -0.4039 0.1762 -0.8977
vn -0.2929 0.1761 -0.9398
vn 0.1749 0.2404 -0.9548
vn 0.0587 0.2404 -0.9689
vn 0.0594 0.1761 -0.9826
vn 0.1773 0.1761 -0.9683
vn 0.3983 0.2404 -0.8852
vn 0.2889 0.2404 -0.9267
vn 0.2930 0.1762 -0.9398
vn 0.4040 0.1761 -0.8976
vn 0.5986 0.2403 -0.7642
vn 0.5022 0.2403 -0.8307
vn 0.5093 0.1761 -0.8424
vn 0.6070 0.1762 -0.7749
vn 0.7641 0.2403 -0.5987
vn 0.6865 0.2404 -0.6863
vn 0.6961 0.1760 -0.6961
vn 0.7748 0.1761 -0.6072
vn 0.8851 0.2403 -0.3985
vn 0.8308 0.2404 -0.5020
vn 0.8425 0.1761 -0.5092
vn 0.8976 0.1761 -0.4041
vn 0.9548 0.2403 -0.1750
vn 0.9268 0.2404 -0.2887
vn 0.9398 0.1761 -0.2928
vn 0.9682 0.1762 -0.1775
vn 0.9689 0.2403 0.0586
vn 0.9689 0.2403 -0.0585
vn 0.9826 0.1761 -0.0594
vn 0.9826 0.1762 0.0593
vn 0.9268 0.2403 0.2887
vn 0.9548 0.2404 0.1751
vn 0.9682 0.1761 0.1775
vn 0.9398 0.1761 0.2928
vn 0.8308 0.2403 0.5021
vn 0.8851 0.2403 0.3985
vn 0.8976 0.1762 0.4041
vn 0.8425 0.1762 0.5092
vn 0.6864 0.2403 0.6863
vn 0.7640 0.2404 0.5987
vn 0.7749 0.1761 0.6071
vn 0.6961 0.1762 0.6960
vn 0.5023 0.2403 0.8307
vn 0.5986 0.2403 0.7642
vn 0.6070 0.1762 0.7749
vn 0.5093 0.1761 0.8424
vn 0.2888 0.2403 0.9267
vn 0.3983 0.2404 0.8852
vn 0.4039 0.1761 0.8977
vn 0.2929 0.1761 0.9398
vn 0.0587 0.2404 0.9689
vn 0.1749 0.2403 0.9548
vn 0.1774 0.1762 0.9683
vn 0.0595 0.1762 0.9826
vn -0.1749 0.2403 0.9548
vn -0.0586 0.2403 0.9689
vn -0.0595 0.1762 0.9826
vn -0.1774 0.1761 0.9682
vn -0.3983 0.2403 0.8852
vn -0.2889 0.2403 0.9267
vn -0.2929 0.1761 0.9398
vn -0.4039 0.1761 0.8977
vn -0.5986 0.2403 0.7642
vn -0.5022 0.2403 0.8307
vn -0.5093 0.1762 0.8424
vn -0.6070 0.1762 0.7749
vn -0.7641 0.2403 0.5987
vn -0.6865 0.2404 0.6863
vn -0.6961 0.1761 0.6960
vn -0.7748 0.1762 0.6072
vn -0.8851 0.2404 0.3985
vn -0.8308 0.2403 0.5021
vn -0.8425 0.1762 0.5092
vn -0.8976 0.1761 0.4041
vn -0.9548 0.2403 0.1750
vn -0.9268 0.2404 0.2887
vn -0.9398 0.1761 0.2928
vn -0.9682 0.1762 0.1775
vn -0.9689 0.2403 -0.0586
vn -0.9689 0.2403 0.0585
vn -0.9826 0.1761 0.0594
vn -0.9826 0.1762 -0.0593
vn -0.9268 0.2403 -0.2887
vn -0.9547 0.2404 -0.1751
vn -0.9682 0.1761 -0.1774
vn -0.9398 0.1761 -0.2928
vn -0.8308 0.2403 -0.5021
vn -0.8851 0.2404 -0.3985
vn -0.8976 0.1761 -0.4041
vn -0.8425 0.1761 -0.5091
vn -0.6864 0.2403 -0.6864
vn -0.7640 0.2404 -0.5988
vn -0.7749 0.1760 -0.6071
vn -0.6961 0.1762 -0.6960
vn -0.5022 0.2404 -0.8306
vn -0.5986 0.2403 -0.7642
vn -0.6070 0.1761 -0.7749
vn -0.5093 0.1761 -0.8424
vn -0.0586 0.2403 -0.9689
vn -0.1749 0.2404 -0.9548
vn -0.1774 0.1761 -0.9683
vn -0.0595 0.1761 -0.9826
vn -0.3592 0.7197 -0.5941
vn -0.4281 0.7198 -0.5465
vn -0.4899 0.6074 -0.6253
vn -0.4110 0.6075 -0.6797
vn 0.1834 0.0925 -0.9787
vn 0.0616 0.0937 -0.9937
vn 0.0684 0.1878 -0.9798
vn 0.2000 0.1862 -0.9619
vn 0.4152 0.0879 -0.9055
vn 0.3015 0.0904 -0.9492
vn 0.3265 0.1838 -0.9272
vn 0.4234 0.1800 -0.8879
vn 0.6195 0.0830 -0.7806
vn 0.5216 0.0852 -0.8489
vn 0.5281 0.1768 -0.8306
vn 0.6222 0.1747 -0.7631
vn 0.7900 0.0808 -0.6078
vn 0.7147 0.0816 -0.6946
vn 0.7127 0.1745 -0.6795
vn 0.7821 0.1756 -0.5980
vn 0.9091 0.0811 -0.4085
vn 0.8546 0.0808 -0.5130
vn 0.8431 0.1778 -0.5074
vn 0.8955 0.1808 -0.4067
vn 0.9803 0.0818 -0.1799
vn 0.9514 0.0815 -0.2970
vn 0.9371 0.1837 -0.2969
vn 0.9658 0.1861 -0.1808
vn 0.9948 0.0821 0.0600
vn 0.9948 0.0821 -0.0604
vn 0.9804 0.1874 -0.0610
vn 0.9805 0.1874 0.0592
vn 0.9516 0.0814 0.2964
vn 0.9803 0.0819 0.1796
vn 0.9664 0.1860 0.1771
vn 0.9383 0.1833 0.2931
vn 0.8528 0.0805 0.5160
vn 0.9088 0.0809 0.4093
vn 0.8966 0.1795 0.4048
vn 0.8399 0.1764 0.5134
vn 0.7069 0.0809 0.7027
vn 0.7853 0.0804 0.6139
vn 0.7798 0.1761 0.6008
vn 0.7118 0.1796 0.6791
vn 0.5214 0.0837 0.8492
vn 0.6177 0.0820 0.7821
vn 0.6332 0.1864 0.7512
vn 0.5504 0.1969 0.8114
vn 0.3039 0.0881 0.9486
vn 0.4166 0.0860 0.9050
vn 0.4600 0.2106 0.8626
vn 0.3468 0.2242 0.9108
vn 0.0616 0.0903 0.9940
vn 0.1836 0.0896 0.9789
vn 0.2112 0.2337 0.9491
vn 0.0699 0.2373 0.9689
vn -0.1795 0.0890 0.9797
vn -0.0599 0.0901 0.9941
vn -0.0594 0.2354 0.9701
vn -0.1777 0.2278 0.9574
vn -0.4083 0.0848 0.9089
vn -0.2962 0.0871 0.9511
vn -0.2957 0.2151 0.9308
vn -0.4077 0.2006 0.8908
vn -0.6143 0.0814 0.7849
vn -0.5152 0.0827 0.8531
vn -0.5124 0.1887 0.8378
vn -0.6085 0.1802 0.7728
vn -0.7844 0.0802 0.6151
vn -0.7045 0.0805 0.7051
vn -0.6974 0.1752 0.6950
vn -0.7752 0.1744 0.6071
vn -0.9083 0.0810 0.4103
vn -0.8526 0.0805 0.5163
vn -0.8418 0.1772 0.5099
vn -0.8929 0.1810 0.4124
vn -0.9803 0.0819 0.1800
vn -0.9512 0.0816 0.2975
vn -0.9362 0.1845 0.2993
vn -0.9657 0.1867 0.1807
vn -0.9948 0.0820 -0.0600
vn -0.9948 0.0821 0.0601
vn -0.9804 0.1876 0.0601
vn -0.9805 0.1871 -0.0595
vn -0.9516 0.0814 -0.2963
vn -0.9803 0.0818 -0.1799
vn -0.9666 0.1854 -0.1771
vn -0.9386 0.1829 -0.2927
vn -0.8536 0.0811 -0.5147
vn -0.9089 0.0812 -0.4091
vn -0.8974 0.1801 -0.4029
vn -0.8439 0.1776 -0.5063
vn -0.7079 0.0830 -0.7014
vn -0.7862 0.0817 -0.6125
vn -0.7803 0.1761 -0.6002
vn -0.7059 0.1762 -0.6861
vn -0.5347 0.0874 -0.8405
vn -0.6298 0.0849 -0.7721
vn -0.6337 0.1779 -0.7528
vn -0.5448 0.1809 -0.8188
vn -0.3139 0.0922 -0.9450
vn -0.4289 0.0899 -0.8989
vn -0.4433 0.1845 -0.8772
vn -0.3096 0.1871 -0.9323
vn -0.0648 0.0942 -0.9934
vn -0.1912 0.0936 -0.9771
vn -0.1886 0.1884 -0.9638
vn -0.0640 0.1886 -0.9800
vn -0.4910 0.7197 -0.4909
vn -0.5465 0.7197 -0.4283
vn -0.6252 0.6075 -0.4899
vn -0.5617 0.6075 -0.5617
vn 0.1398 -0.6311 -0.7630
vn 0.0468 -0.6311 -0.7743
vn 0.0478 -0.6134 -0.7884
vn 0.1424 -0.6133 -0.7769
vn 0.3183 -0.6311 -0.7074
vn 0.2308 -0.6311 -0.7405
vn 0.2350 -0.6133 -0.7541
vn 0.3241 -0.6133 -0.7203
vn 0.4784 -0.6311 -0.6106
vn 0.4014 -0.6312 -0.6637
vn 0.4087 -0.6133 -0.6758
vn 0.4870 -0.6133 -0.6218
vn 0.6106 -0.6311 -0.4785
vn 0.5485 -0.6310 -0.5485
vn 0.5585 -0.6133 -0.5584
vn 0.6218 -0.6133 -0.4871
vn 0.7073 -0.6311 -0.3184
vn 0.6639 -0.6311 -0.4013
vn 0.6759 -0.6133 -0.4086
vn 0.7202 -0.6133 -0.3243
vn 0.7630 -0.6311 -0.1399
vn 0.7406 -0.6311 -0.2307
vn 0.7541 -0.6133 -0.2349
vn 0.7769 -0.6133 -0.1424
vn 0.7743 -0.6311 0.0468
vn 0.7743 -0.6311 -0.0468
vn 0.7884 -0.6133 -0.0476
vn 0.7884 -0.6133 0.0477
vn 0.7406 -0.6311 0.2307
vn 0.7630 -0.6310 0.1398
vn 0.7769 -0.6133 0.1424
vn 0.7541 -0.6134 0.2349
vn 0.6639 -0.6311 0.4012
vn 0.7073 -0.6311 0.3185
vn 0.7202 -0.6133 0.3242
vn 0.6760 -0.6133 0.4086
vn 0.5486 -0.6310 0.5485
vn 0.6107 -0.6310 0.4784
vn 0.6218 -0.6133 0.4871
vn 0.5586 -0.6133 0.5585
vn 0.4013 -0.6311 0.6638
vn 0.4782 -0.6312 0.6107
vn 0.4870 -0.6133 0.6219
vn 0.4087 -0.6133 0.6759
vn 0.2309 -0.6311 0.7405
vn 0.3184 -0.6311 0.7074
vn 0.3241 -0.6133 0.7203
vn 0.2350 -0.6133 0.7541
vn 0.0469 -0.6311 0.7743
vn 0.1398 -0.6311 0.7630
vn 0.1424 -0.6133 0.7769
vn 0.0478 -0.6133 0.7884
vn -0.1397 -0.6311 0.7630
vn -0.0469 -0.6311 0.7743
vn -0.0477 -0.6133 0.7884
vn -0.1423 -0.6133 0.7769
vn -0.3183 -0.6311 0.7074
vn -0.2308 -0.6311 0.7406
vn -0.2351 -0.6133 0.7540
vn -0.3242 -0.6133 0.7203
vn -0.4784 -0.6310 0.6106
vn -0.4014 -0.6312 0.6637
vn -0.4087 -0.6133 0.6759
vn -0.4870 -0.6133 0.6219
vn -0.6105 -0.6311 0.4785
vn -0.5486 -0.6310 0.5485
vn -0.5586 -0.6133 0.5584
vn -0.6218 -0.6133 0.4871
vn -0.7074 -0.6311 0.3185
vn -0.6639 -0.6311 0.4013
vn -0.6759 -0.6133 0.4086
vn -0.7202 -0.6134 0.3243
vn -0.7630 -0.6311 0.1399
vn -0.7406 -0.6311 0.2307
vn -0.7541 -0.6133 0.2350
vn -0.7769 -0.6133 0.1424
vn -0.7743 -0.6311 -0.0468
vn -0.7743 -0.6311 0.0468
vn -0.7884 -0.6133 0.0477
vn -0.7884 -0.6133 -0.0476
vn -0.7406 -0.6311 -0.2307
vn -0.7630 -0.6310 -0.1399
vn -0.7769 -0.6133 -0.1424
vn -0.7541 -0.6133 -0.2349
vn -0.6639 -0.6311 -0.4012
vn -0.7073 -0.6311 -0.3185
vn -0.7202 -0.6133 -0.3242
vn -0.6760 -0.6133 -0.4086
vn -0.5486 -0.6311 -0.5485
vn -0.6107 -0.6310 -0.4784
vn -0.6217 -0.6133 -0.4871
vn -0.5585 -0.6133 -0.5585
vn -0.4013 -0.6311 -0.6638
vn -0.4783 -0.6312 -0.6106
vn -0.4870 -0.6133 -0.6218
vn -0.4087 -0.6133 -0.6759
vn 0.1800 0.0478 -0.9825
vn 0.1790 0.1133 -0.9773
vn 0.0601 0.1133 -0.9917
vn 0.0604 0.0478 -0.9970
vn -0.0604 0.0478 -0.9970
vn -0.0601 0.1133 -0.9917
vn -0.1790 0.1133 -0.9773
vn -0.1800 0.0478 -0.9825
vn 0.4098 0.0478 -0.9109
vn 0.4077 0.1133 -0.9061
vn 0.2957 0.1133 -0.9485
vn 0.2973 0.0478 -0.9536
vn -0.0604 -0.0352 -0.9976
vn -0.1803 -0.0353 -0.9830
vn -0.1842 0.0137 -0.9828
vn -0.0618 0.0139 -0.9980
vn 0.6159 0.0478 -0.7864
vn 0.6127 0.1133 -0.7822
vn 0.5141 0.1133 -0.8502
vn 0.5168 0.0478 -0.8547
vn 0.3942 -0.2773 -0.8762
vn 0.4046 -0.1669 -0.8991
vn 0.2934 -0.1669 -0.9413
vn 0.2859 -0.2773 -0.9173
vn 0.7862 0.0478 -0.6161
vn 0.7821 0.1133 -0.6128
vn 0.7026 0.1133 -0.7025
vn 0.7063 0.0478 -0.7063
vn 0.5924 -0.2773 -0.7564
vn 0.6080 -0.1670 -0.7762
vn 0.5102 -0.1670 -0.8437
vn 0.4972 -0.2773 -0.8221
vn 0.9108 0.0477 -0.4100
vn 0.9060 0.1134 -0.4079
vn 0.8503 0.1133 -0.5139
vn 0.8548 0.0478 -0.5167
vn 0.7563 -0.2773 -0.5926
vn 0.7761 -0.1669 -0.6081
vn 0.6972 -0.1669 -0.6971
vn 0.6795 -0.2773 -0.6793
vn 0.9825 0.0478 -0.1802
vn 0.9773 0.1133 -0.1791
vn 0.9486 0.1134 -0.2955
vn 0.9537 0.0477 -0.2971
vn 0.8761 -0.2772 -0.3943
vn 0.8991 -0.1670 -0.4047
vn 0.8438 -0.1670 -0.5100
vn 0.8223 -0.2772 -0.4970
vn 0.9970 0.0478 0.0602
vn 0.9918 0.1133 0.0599
vn 0.9918 0.1133 -0.0599
vn 0.9970 0.0478 -0.0602
vn 0.9450 -0.2773 -0.1733
vn 0.9698 -0.1669 -0.1778
vn 0.9413 -0.1669 -0.2933
vn 0.9173 -0.2773 -0.2858
vn 0.9537 0.0477 0.2971
vn 0.9486 0.1133 0.2955
vn 0.9773 0.1133 0.1791
vn 0.9825 0.0478 0.1802
vn 0.9590 -0.2773 0.0579
vn 0.9842 -0.1669 0.0595
vn 0.9842 -0.1669 -0.0595
vn 0.9590 -0.2773 -0.0579
vn 0.8548 0.0478 0.5167
vn 0.8503 0.1133 0.5139
vn 0.9060 0.1133 0.4079
vn 0.9108 0.0477 0.4100
vn 0.9173 -0.2773 0.2858
vn 0.9413 -0.1669 0.2933
vn 0.9698 -0.1669 0.1778
vn 0.9450 -0.2773 0.1733
vn 0.7063 0.0478 0.7063
vn 0.7026 0.1133 0.7025
vn 0.7821 0.1133 0.6128
vn 0.7862 0.0478 0.6161
vn 0.8223 -0.2772 0.4970
vn 0.8438 -0.1669 0.5100
vn 0.8991 -0.1669 0.4047
vn 0.8761 -0.2772 0.3943
vn 0.5168 0.0477 0.8548
vn 0.5141 0.1133 0.8502
vn 0.6127 0.1132 0.7822
vn 0.6160 0.0478 0.7863
vn 0.6794 -0.2772 0.6793
vn 0.6972 -0.1669 0.6971
vn 0.7761 -0.1669 0.6082
vn 0.7563 -0.2772 0.5926
vn 0.2973 0.0478 0.9536
vn 0.2956 0.1133 0.9486
vn 0.4077 0.1133 0.9061
vn 0.4099 0.0477 0.9109
vn 0.4971 -0.2773 0.8222
vn 0.5102 -0.1669 0.8437
vn 0.6080 -0.1669 0.7762
vn 0.5925 -0.2773 0.7564
vn 0.0604 0.0477 0.9970
vn 0.0601 0.1133 0.9917
vn 0.1791 0.1133 0.9773
vn 0.1799 0.0478 0.9825
vn 0.2859 -0.2773 0.9173
vn 0.2934 -0.1669 0.9413
vn 0.4045 -0.1669 0.8992
vn 0.3942 -0.2773 0.8762
vn -0.1799 0.0478 0.9825
vn -0.1791 0.1133 0.9773
vn -0.0601 0.1133 0.9917
vn -0.0604 0.0477 0.9970
vn 0.0580 -0.2773 0.9590
vn 0.0596 -0.1669 0.9842
vn 0.1777 -0.1669 0.9698
vn 0.1732 -0.2773 0.9451
vn -0.4099 0.0477 0.9109
vn -0.4077 0.1133 0.9061
vn -0.2956 0.1133 0.9486
vn -0.2973 0.0478 0.9536
vn -0.1732 -0.2773 0.9451
vn -0.1777 -0.1669 0.9698
vn -0.0596 -0.1669 0.9842
vn -0.0580 -0.2773 0.9590
vn -0.6160 0.0478 0.7863
vn -0.6127 0.1132 0.7822
vn -0.5141 0.1133 0.8502
vn -0.5168 0.0477 0.8548
vn -0.3942 -0.2773 0.8762
vn -0.4045 -0.1669 0.8992
vn -0.2934 -0.1669 0.9413
vn -0.2859 -0.2773 0.9173
vn -0.7862 0.0478 0.6161
vn -0.7821 0.1133 0.6128
vn -0.7026 0.1133 0.7025
vn -0.7063 0.0478 0.7063
vn -0.5925 -0.2773 0.7564
vn -0.6080 -0.1669 0.7762
vn -0.5102 -0.1669 0.8437
vn -0.4971 -0.2773 0.8222
vn -0.9108 0.0477 0.4100
vn -0.9060 0.1133 0.4079
vn -0.8503 0.1133 0.5139
vn -0.8548 0.0478 0.5167
vn -0.7563 -0.2772 0.5926
vn -0.7761 -0.1669 0.6082
vn -0.6972 -0.1669 0.6971
vn -0.6794 -0.2772 0.6793
vn -0.9825 0.0478 0.1802
vn -0.9773 0.1133 0.1791
vn -0.9486 0.1133 0.2955
vn -0.9537 0.0477 0.2971
vn -0.8761 -0.2772 0.3943
vn -0.8991 -0.1669 0.4047
vn -0.8438 -0.1669 0.5100
vn -0.8223 -0.2772 0.4970
vn -0.9970 0.0478 -0.0602
vn -0.9918 0.1133 -0.0599
vn -0.9918 0.1133 0.0599
vn -0.9970 0.0478 0.0602
vn -0.9450 -0.2773 0.1733
vn -0.9698 -0.1669 0.1778
vn -0.9413 -0.1669 0.2933
vn -0.9173 -0.2773 0.2858
vn -0.9537 0.0477 -0.2971
vn -0.9486 0.1134 -0.2955
vn -0.9773 0.1133 -0.1791
vn -0.9825 0.0478 -0.1802
vn -0.9590 -0.2773 -0.0579
vn -0.9842 -0.1669 -0.0595
vn -0.9842 -0.1669 0.0595
vn -0.9590 -0.2773 0.0579
vn -0.8548 0.0478 -0.5167
vn -0.8503 0.1133 -0.5139
vn -0.9060 0.1134 -0.4079
vn -0.9108 0.0477 -0.4100
vn -0.9173 -0.2773 -0.2858
vn -0.9413 -0.1669 -0.2933
vn -0.9698 -0.1669 -0.1778
vn -0.9450 -0.2773 -0.1733
vn -0.7064 0.0478 -0.7062
vn -0.7026 0.1133 -0.7025
vn -0.7821 0.1133 -0.6128
vn -0.7862 0.0478 -0.6161
vn -0.8223 -0.2772 -0.4970
vn -0.8438 -0.1670 -0.5100
vn -0.8991 -0.1670 -0.4047
vn -0.8761 -0.2772 -0.3943
vn -0.5168 0.0478 -0.8547
vn -0.5141 0.1133 -0.8502
vn -0.6127 0.1133 -0.7822
vn -0.6159 0.0478 -0.7864
vn -0.6795 -0.2773 -0.6793
vn -0.6972 -0.1669 -0.6971
vn -0.7761 -0.1669 -0.6081
vn -0.7562 -0.2773 -0.5926
vn -0.2973 0.0478 -0.9536
vn -0.2957 0.1133 -0.9485
vn -0.4077 0.1133 -0.9061
vn -0.4098 0.0478 -0.9109
vn -0.4972 -0.2773 -0.8221
vn -0.5102 -0.1670 -0.8437
vn -0.6080 -0.1670 -0.7762
vn -0.5924 -0.2773 -0.7564
vn 0.1731 -0.2773 -0.9451
vn 0.1776 -0.1670 -0.9698
vn 0.0596 -0.1670 -0.9842
vn 0.0581 -0.2773 -0.9590
vn -0.2859 -0.2773 -0.9173
vn -0.2934 -0.1669 -0.9413
vn -0.4046 -0.1669 -0.8991
vn -0.3942 -0.2773 -0.8762
vn -0.0557 -0.3881 -0.9199
vn -0.1661 -0.3881 -0.9065
vn -0.1579 -0.4816 -0.8621
vn -0.0530 -0.4816 -0.8748
vn -0.0468 -0.6311 -0.7743
vn -0.1399 -0.6311 -0.7630
vn -0.1423 -0.6134 -0.7769
vn -0.0476 -0.6133 -0.7884
vn 0.1764 -0.2017 -0.9634
vn 0.0592 -0.2017 -0.9777
vn 0.0602 -0.0988 -0.9933
vn 0.1794 -0.0989 -0.9788
vn 0.5065 -0.5702 -0.6467
vn 0.4250 -0.5702 -0.7030
vn 0.4419 -0.5200 -0.7310
vn 0.5267 -0.5200 -0.6724
vn -0.8382 -0.2017 -0.5067
vn -0.8932 -0.2017 -0.4020
vn -0.9073 -0.0989 -0.4087
vn -0.8517 -0.0989 -0.5147
vn -0.5809 -0.5702 -0.5808
vn -0.6466 -0.5703 -0.5067
vn -0.6724 -0.5200 -0.5268
vn -0.6041 -0.5200 -0.6039
vn -0.9351 -0.2018 -0.2913
vn -0.9634 -0.2017 -0.1766
vn -0.9788 -0.0989 -0.1795
vn -0.9501 -0.0989 -0.2959
vn -0.9634 -0.2017 0.1764
vn -0.9351 -0.2017 0.2914
vn -0.9501 -0.0989 0.2959
vn -0.9788 -0.0989 0.1794
vn -0.8200 -0.5702 -0.0496
vn -0.8200 -0.5702 0.0496
vn -0.8526 -0.5200 0.0515
vn -0.8526 -0.5200 -0.0516
vn -0.7843 -0.5702 -0.2444
vn -0.8080 -0.5702 -0.1481
vn -0.8401 -0.5200 -0.1541
vn -0.8155 -0.5200 -0.2541
vn -0.8080 -0.5702 0.1481
vn -0.7843 -0.5703 0.2444
vn -0.8155 -0.5200 0.2540
vn -0.8402 -0.5200 0.1540
vn -0.6041 -0.2017 0.7710
vn -0.5068 -0.2017 0.8381
vn -0.5147 -0.0989 0.8517
vn -0.6135 -0.0989 0.7835
vn -0.8931 -0.2017 0.4021
vn -0.8383 -0.2017 0.5065
vn -0.8517 -0.0989 0.5147
vn -0.9074 -0.0989 0.4084
vn 0.0591 -0.2018 0.9776
vn 0.1762 -0.2018 0.9634
vn 0.1792 -0.0989 0.9788
vn 0.0602 -0.0988 0.9933
vn -0.1481 -0.5702 0.8080
vn -0.0496 -0.5702 0.8200
vn -0.0517 -0.5200 0.8526
vn -0.1539 -0.5200 0.8402
vn 0.2917 -0.2017 0.9350
vn 0.4017 -0.2018 0.8933
vn 0.4084 -0.0989 0.9075
vn 0.2965 -0.0989 0.9499
vn 0.6924 -0.2017 0.6927
vn 0.7708 -0.2018 0.6042
vn 0.7832 -0.0989 0.6138
vn 0.7038 -0.0989 0.7035
vn 0.4250 -0.5702 0.7030
vn 0.5067 -0.5702 0.6467
vn 0.5267 -0.5200 0.6724
vn 0.4419 -0.5200 0.7310
vn 0.2445 -0.5702 0.7843
vn 0.3371 -0.5702 0.7492
vn 0.3504 -0.5200 0.7790
vn 0.2541 -0.5200 0.8155
vn 0.5809 -0.5703 0.5808
vn 0.6466 -0.5702 0.5066
vn 0.6724 -0.5200 0.5268
vn 0.6040 -0.5200 0.6040
vn 0.9777 -0.2017 0.0591
vn 0.9777 -0.2018 -0.0589
vn 0.9933 -0.0988 -0.0601
vn 0.9933 -0.0989 0.0598
vn 0.8383 -0.2017 0.5065
vn 0.8932 -0.2017 0.4020
vn 0.9074 -0.0989 0.4085
vn 0.8517 -0.0989 0.5146
vn 0.7710 -0.2017 -0.6041
vn 0.6926 -0.2017 -0.6926
vn 0.7036 -0.0989 -0.7036
vn 0.7833 -0.0989 -0.6137
vn 0.7491 -0.5702 -0.3372
vn 0.7030 -0.5702 -0.4250
vn 0.7310 -0.5200 -0.4419
vn 0.7789 -0.5200 -0.3506
vn 0.6041 -0.2017 -0.7710
vn 0.5067 -0.2017 -0.8382
vn 0.5149 -0.0989 -0.8515
vn 0.6137 -0.0989 -0.7833
vn 0.4020 -0.2016 -0.8932
vn 0.2914 -0.2017 -0.9351
vn 0.2961 -0.0988 -0.9500
vn 0.4081 -0.0989 -0.9076
vn -0.0497 -0.5702 -0.8200
vn -0.1479 -0.5702 -0.8081
vn -0.1539 -0.5200 -0.8402
vn -0.0517 -0.5200 -0.8526
vn -0.0475 -0.6172 -0.7854
vn -0.0500 -0.5645 -0.8239
vn -0.1487 -0.5645 -0.8119
vn -0.1418 -0.6172 -0.7739
vn -0.2742 -0.3881 -0.8799
vn -0.3782 -0.3881 -0.8405
vn -0.3597 -0.4816 -0.7992
vn -0.2608 -0.4815 -0.8367
vn -0.2341 -0.6172 -0.7512
vn -0.2457 -0.5645 -0.7881
vn -0.3387 -0.5645 -0.7527
vn -0.3229 -0.6172 -0.7175
vn -0.4769 -0.3881 -0.7886
vn -0.5683 -0.3881 -0.7256
vn -0.5404 -0.4816 -0.6899
vn -0.4535 -0.4816 -0.7500
vn -0.4070 -0.6172 -0.6734
vn -0.4271 -0.5644 -0.7064
vn -0.5090 -0.5644 -0.6498
vn -0.4853 -0.6172 -0.6194
vn -0.6518 -0.3881 -0.6516
vn -0.7254 -0.3881 -0.5684
vn -0.6898 -0.4816 -0.5405
vn -0.6198 -0.4816 -0.6196
vn -0.5564 -0.6172 -0.5563
vn -0.5837 -0.5644 -0.5837
vn -0.6498 -0.5644 -0.5091
vn -0.6193 -0.6172 -0.4853
vn -0.7887 -0.3881 -0.4767
vn -0.8404 -0.3881 -0.3783
vn -0.7992 -0.4815 -0.3597
vn -0.7500 -0.4816 -0.4534
vn -0.6734 -0.6172 -0.4070
vn -0.7064 -0.5645 -0.4270
vn -0.7526 -0.5645 -0.3389
vn -0.7175 -0.6172 -0.3230
vn -0.8799 -0.3881 -0.2742
vn -0.9065 -0.3881 -0.1662
vn -0.8621 -0.4816 -0.1580
vn -0.8367 -0.4816 -0.2607
vn -0.7512 -0.6172 -0.2340
vn -0.7881 -0.5645 -0.2455
vn -0.8119 -0.5645 -0.1488
vn -0.7739 -0.6172 -0.1419
vn -0.9199 -0.3881 -0.0556
vn -0.9199 -0.3881 0.0556
vn -0.8748 -0.4816 0.0528
vn -0.8748 -0.4816 -0.0528
vn -0.7854 -0.6172 -0.0475
vn -0.8240 -0.5644 -0.0498
vn -0.8240 -0.5644 0.0498
vn -0.7854 -0.6172 0.0475
vn -0.9065 -0.3881 0.1662
vn -0.8799 -0.3881 0.2741
vn -0.8367 -0.4816 0.2607
vn -0.8620 -0.4816 0.1581
vn -0.7739 -0.6172 0.1419
vn -0.8119 -0.5645 0.1488
vn -0.7881 -0.5645 0.2456
vn -0.7512 -0.6172 0.2340
vn -0.8404 -0.3881 0.3783
vn -0.7887 -0.3881 0.4768
vn -0.7500 -0.4816 0.4534
vn -0.7992 -0.4816 0.3597
vn -0.7174 -0.6172 0.3230
vn -0.7527 -0.5645 0.3388
vn -0.7065 -0.5645 0.4269
vn -0.6734 -0.6172 0.4069
vn -0.7254 -0.3881 0.5684
vn -0.6517 -0.3881 0.6516
vn -0.6198 -0.4816 0.6197
vn -0.6899 -0.4816 0.5405
vn -0.6192 -0.6172 0.4853
vn -0.6497 -0.5645 0.5092
vn -0.5837 -0.5645 0.5836
vn -0.5564 -0.6172 0.5563
vn -0.5683 -0.3881 0.7255
vn -0.4769 -0.3881 0.7886
vn -0.4535 -0.4815 0.7500
vn -0.5404 -0.4816 0.6900
vn -0.4852 -0.6172 0.6193
vn -0.5091 -0.5644 0.6498
vn -0.4271 -0.5645 0.7064
vn -0.4070 -0.6172 0.6733
vn -0.3782 -0.3881 0.8405
vn -0.2743 -0.3881 0.8799
vn -0.2608 -0.4816 0.8367
vn -0.3596 -0.4815 0.7992
vn -0.3229 -0.6172 0.7175
vn -0.3387 -0.5645 0.7528
vn -0.2457 -0.5645 0.7881
vn -0.2342 -0.6172 0.7511
vn -0.1661 -0.3880 0.9065
vn -0.0557 -0.3881 0.9199
vn -0.0530 -0.4816 0.8748
vn -0.1579 -0.4816 0.8620
vn -0.1417 -0.6172 0.7739
vn -0.1487 -0.5645 0.8119
vn -0.0499 -0.5645 0.8239
vn -0.0476 -0.6172 0.7854
vn 0.0557 -0.3881 0.9199
vn 0.1661 -0.3881 0.9065
vn 0.1579 -0.4816 0.8621
vn 0.0529 -0.4815 0.8748
vn 0.0476 -0.6172 0.7854
vn 0.0499 -0.5645 0.8239
vn 0.1487 -0.5645 0.8119
vn 0.1417 -0.6172 0.7739
vn 0.2742 -0.3880 0.8799
vn 0.3782 -0.3881 0.8405
vn 0.3596 -0.4816 0.7992
vn 0.2608 -0.4816 0.8367
vn 0.2342 -0.6172 0.7511
vn 0.2457 -0.5645 0.7881
vn 0.3387 -0.5645 0.7528
vn 0.3229 -0.6172 0.7175
vn 0.4768 -0.3881 0.7887
vn 0.5683 -0.3881 0.7255
vn 0.5405 -0.4815 0.6899
vn 0.4535 -0.4815 0.7500
vn 0.4070 -0.6172 0.6733
vn 0.4271 -0.5645 0.7064
vn 0.5091 -0.5644 0.6498
vn 0.4852 -0.6172 0.6193
vn 0.6517 -0.3881 0.6516
vn 0.7255 -0.3881 0.5684
vn 0.6898 -0.4816 0.5405
vn 0.6198 -0.4816 0.6197
vn 0.5564 -0.6172 0.5563
vn 0.5837 -0.5645 0.5836
vn 0.6498 -0.5645 0.5091
vn 0.6192 -0.6172 0.4853
vn 0.7887 -0.3881 0.4767
vn 0.8404 -0.3881 0.3783
vn 0.7992 -0.4816 0.3597
vn 0.7500 -0.4816 0.4534
vn 0.6734 -0.6172 0.4069
vn 0.7064 -0.5645 0.4270
vn 0.7527 -0.5645 0.3388
vn 0.7174 -0.6172 0.3230
vn 0.8799 -0.3881 0.2741
vn 0.9065 -0.3881 0.1662
vn 0.8621 -0.4816 0.1580
vn 0.8367 -0.4816 0.2607
vn 0.7512 -0.6172 0.2340
vn 0.7881 -0.5645 0.2456
vn 0.8119 -0.5645 0.1488
vn 0.7739 -0.6172 0.1419
vn 0.9199 -0.3881 0.0556
vn 0.9199 -0.3881 -0.0556
vn 0.8748 -0.4816 -0.0528
vn 0.8748 -0.4816 0.0528
vn 0.7854 -0.6172 0.0475
vn 0.8240 -0.5644 0.0498
vn 0.8240 -0.5644 -0.0498
vn 0.7854 -0.6172 -0.0475
vn 0.9065 -0.3881 -0.1662
vn 0.8799 -0.3881 -0.2741
vn 0.8367 -0.4815 -0.2607
vn 0.8620 -0.4816 -0.1581
vn 0.7739 -0.6172 -0.1419
vn 0.8119 -0.5645 -0.1488
vn 0.7881 -0.5645 -0.2455
vn 0.7512 -0.6172 -0.2340
vn 0.8404 -0.3881 -0.3783
vn 0.7887 -0.3881 -0.4768
vn 0.7500 -0.4815 -0.4534
vn 0.7992 -0.4816 -0.3597
vn 0.7175 -0.6172 -0.3230
vn 0.7526 -0.5645 -0.3389
vn 0.7064 -0.5645 -0.4270
vn 0.6734 -0.6172 -0.4070
vn 0.7254 -0.3881 -0.5685
vn 0.6518 -0.3881 -0.6516
vn 0.6198 -0.4816 -0.6197
vn 0.6898 -0.4816 -0.5406
vn 0.6193 -0.6172 -0.4853
vn 0.6498 -0.5644 -0.5091
vn 0.5837 -0.5644 -0.5837
vn 0.5564 -0.6172 -0.5563
vn 0.5683 -0.3881 -0.7256
vn 0.4769 -0.3881 -0.7887
vn 0.4535 -0.4816 -0.7500
vn 0.5404 -0.4816 -0.6899
vn 0.4853 -0.6172 -0.6194
vn 0.5090 -0.5644 -0.6498
vn 0.4271 -0.5644 -0.7064
vn 0.4070 -0.6172 -0.6734
vn 0.3782 -0.3881 -0.8405
vn 0.2742 -0.3881 -0.8799
vn 0.2608 -0.4816 -0.8367
vn 0.3596 -0.4816 -0.7992
vn 0.3229 -0.6172 -0.7175
vn 0.3387 -0.5645 -0.7527
vn 0.2457 -0.5645 -0.7881
vn 0.2341 -0.6172 -0.7512
vn 0.1660 -0.3881 -0.9065
vn 0.0557 -0.3881 -0.9199
vn 0.0530 -0.4816 -0.8748
vn 0.1579 -0.4815 -0.8621
vn 0.1418 -0.6172 -0.7739
vn 0.1487 -0.5645 -0.8119
vn 0.0500 -0.5645 -0.8239
vn 0.0475 -0.6172 -0.7854
vn -0.2308 -0.6311 -0.7406
vn -0.3183 -0.6311 -0.7074
vn -0.3241 -0.6133 -0.7203
vn -0.2350 -0.6133 -0.7541
vn -0.0582 -0.2813 -0.9579
vn -0.0565 -0.3521 -0.9343
vn -0.1687 -0.3521 -0.9206
vn -0.1728 -0.2813 -0.9439
vn -0.0549 -0.4178 -0.9069
vn -0.0534 -0.4699 -0.8811
vn -0.1590 -0.4699 -0.8683
vn -0.1636 -0.4178 -0.8937
vn -0.2855 -0.2813 -0.9162
vn -0.2784 -0.3521 -0.8936
vn -0.3840 -0.3521 -0.8535
vn -0.3939 -0.2813 -0.8751
vn -0.2703 -0.4177 -0.8674
vn -0.2626 -0.4699 -0.8427
vn -0.3623 -0.4699 -0.8050
vn -0.3728 -0.4177 -0.8286
vn -0.4964 -0.2812 -0.8213
vn -0.4845 -0.3522 -0.8008
vn -0.5771 -0.3522 -0.7368
vn -0.5918 -0.2812 -0.7554
vn -0.4701 -0.4177 -0.7775
vn -0.4566 -0.4699 -0.7554
vn -0.5444 -0.4699 -0.6949
vn -0.5603 -0.4177 -0.7152
vn -0.6786 -0.2813 -0.6786
vn -0.6618 -0.3521 -0.6618
vn -0.7367 -0.3521 -0.5773
vn -0.7554 -0.2812 -0.5918
vn -0.6426 -0.4177 -0.6423
vn -0.6243 -0.4699 -0.6241
vn -0.6948 -0.4699 -0.5445
vn -0.7151 -0.4177 -0.5604
vn -0.8213 -0.2813 -0.4964
vn -0.8010 -0.3521 -0.4842
vn -0.8534 -0.3521 -0.3843
vn -0.8750 -0.2813 -0.3940
vn -0.7776 -0.4178 -0.4699
vn -0.7554 -0.4699 -0.4566
vn -0.8049 -0.4699 -0.3623
vn -0.8284 -0.4178 -0.3730
vn -0.9162 -0.2813 -0.2855
vn -0.8936 -0.3521 -0.2784
vn -0.9207 -0.3520 -0.1687
vn -0.9440 -0.2813 -0.1728
vn -0.8675 -0.4177 -0.2701
vn -0.8428 -0.4699 -0.2624
vn -0.8682 -0.4699 -0.1592
vn -0.8937 -0.4177 -0.1638
vn -0.9579 -0.2813 -0.0579
vn -0.9343 -0.3521 -0.0565
vn -0.9342 -0.3521 0.0565
vn -0.9579 -0.2813 0.0579
vn -0.9069 -0.4177 -0.0549
vn -0.8811 -0.4699 -0.0532
vn -0.8811 -0.4699 0.0532
vn -0.9069 -0.4177 0.0549
vn -0.9439 -0.2813 0.1728
vn -0.9206 -0.3520 0.1687
vn -0.8936 -0.3521 0.2784
vn -0.9162 -0.2813 0.2855
vn -0.8937 -0.4177 0.1638
vn -0.8682 -0.4699 0.1592
vn -0.8428 -0.4699 0.2624
vn -0.8675 -0.4177 0.2701
vn -0.8750 -0.2813 0.3940
vn -0.8534 -0.3521 0.3843
vn -0.8010 -0.3521 0.4841
vn -0.8213 -0.2813 0.4963
vn -0.8285 -0.4177 0.3729
vn -0.8049 -0.4699 0.3623
vn -0.7555 -0.4699 0.4565
vn -0.7776 -0.4177 0.4699
vn -0.7554 -0.2812 0.5918
vn -0.7367 -0.3521 0.5773
vn -0.6619 -0.3522 0.6617
vn -0.6784 -0.2812 0.6787
vn -0.7151 -0.4177 0.5604
vn -0.6948 -0.4699 0.5445
vn -0.6242 -0.4699 0.6242
vn -0.6425 -0.4177 0.6425
vn -0.5918 -0.2812 0.7554
vn -0.5770 -0.3522 0.7369
vn -0.4845 -0.3522 0.8008
vn -0.4966 -0.2812 0.8211
vn -0.5603 -0.4177 0.7152
vn -0.5444 -0.4699 0.6949
vn -0.4568 -0.4699 0.7554
vn -0.4701 -0.4177 0.7775
vn -0.3936 -0.2813 0.8752
vn -0.3840 -0.3521 0.8535
vn -0.2786 -0.3521 0.8936
vn -0.2858 -0.2813 0.9161
vn -0.3728 -0.4177 0.8286
vn -0.3621 -0.4699 0.8050
vn -0.2626 -0.4699 0.8427
vn -0.2703 -0.4177 0.8674
vn -0.1728 -0.2812 0.9440
vn -0.1684 -0.3522 0.9207
vn -0.0568 -0.3522 0.9342
vn -0.0579 -0.2812 0.9579
vn -0.1638 -0.4177 0.8937
vn -0.1590 -0.4699 0.8683
vn -0.0534 -0.4699 0.8811
vn -0.0549 -0.4177 0.9069
vn 0.0579 -0.2812 0.9579
vn 0.0568 -0.3522 0.9342
vn 0.1684 -0.3522 0.9207
vn 0.1728 -0.2812 0.9440
vn 0.0549 -0.4177 0.9069
vn 0.0534 -0.4699 0.8811
vn 0.1590 -0.4699 0.8683
vn 0.1638 -0.4177 0.8937
vn 0.2858 -0.2813 0.9161
vn 0.2786 -0.3521 0.8936
vn 0.3840 -0.3521 0.8535
vn 0.3936 -0.2813 0.8752
vn 0.2703 -0.4177 0.8674
vn 0.2626 -0.4699 0.8427
vn 0.3621 -0.4699 0.8050
vn 0.3728 -0.4177 0.8286
vn 0.4966 -0.2812 0.8211
vn 0.4845 -0.3522 0.8008
vn 0.5770 -0.3522 0.7369
vn 0.5918 -0.2812 0.7554
vn 0.4701 -0.4177 0.7775
vn 0.4568 -0.4699 0.7554
vn 0.5444 -0.4699 0.6949
vn 0.5603 -0.4177 0.7152
vn 0.6784 -0.2812 0.6787
vn 0.6619 -0.3522 0.6617
vn 0.7367 -0.3521 0.5773
vn 0.7554 -0.2812 0.5918
vn 0.6425 -0.4177 0.6425
vn 0.6242 -0.4699 0.6242
vn 0.6948 -0.4699 0.5445
vn 0.7151 -0.4177 0.5604
vn 0.8213 -0.2813 0.4963
vn 0.8010 -0.3521 0.4841
vn 0.8534 -0.3521 0.3843
vn 0.8750 -0.2813 0.3940
vn 0.7776 -0.4177 0.4699
vn 0.7555 -0.4699 0.4565
vn 0.8049 -0.4699 0.3623
vn 0.8285 -0.4177 0.3729
vn 0.9162 -0.2813 0.2855
vn 0.8936 -0.3521 0.2784
vn 0.9206 -0.3520 0.1687
vn 0.9439 -0.2813 0.1728
vn 0.8675 -0.4177 0.2701
vn 0.8428 -0.4699 0.2624
vn 0.8682 -0.4699 0.1592
vn 0.8937 -0.4177 0.1638
vn 0.9579 -0.2813 0.0579
vn 0.9342 -0.3521 0.0565
vn 0.9342 -0.3521 -0.0565
vn 0.9579 -0.2813 -0.0579
vn 0.9069 -0.4177 0.0549
vn 0.8811 -0.4699 0.0532
vn 0.8811 -0.4699 -0.0532
vn 0.9069 -0.4177 -0.0549
vn 0.9440 -0.2813 -0.1728
vn 0.9207 -0.3520 -0.1687
vn 0.8936 -0.3521 -0.2784
vn 0.9162 -0.2813 -0.2855
vn 0.8937 -0.4177 -0.1638
vn 0.8682 -0.4699 -0.1592
vn 0.8428 -0.4699 -0.2624
vn 0.8675 -0.4177 -0.2701
vn 0.8750 -0.2813 -0.3940
vn 0.8534 -0.3521 -0.3843
vn 0.8010 -0.3521 -0.4842
vn 0.8213 -0.2813 -0.4964
vn 0.8284 -0.4178 -0.3730
vn 0.8049 -0.4699 -0.3623
vn 0.7554 -0.4699 -0.4566
vn 0.7776 -0.4178 -0.4699
vn 0.7554 -0.2812 -0.5918
vn 0.7367 -0.3521 -0.5773
vn 0.6618 -0.3521 -0.6618
vn 0.6786 -0.2813 -0.6786
vn 0.7151 -0.4177 -0.5604
vn 0.6948 -0.4699 -0.5445
vn 0.6243 -0.4699 -0.6241
vn 0.6426 -0.4177 -0.6423
vn 0.5918 -0.2812 -0.7554
vn 0.5771 -0.3522 -0.7368
vn 0.4845 -0.3522 -0.8008
vn 0.4964 -0.2812 -0.8213
vn 0.5603 -0.4177 -0.7152
vn 0.5444 -0.4699 -0.6949
vn 0.4566 -0.4699 -0.7554
vn 0.4701 -0.4177 -0.7775
vn 0.3939 -0.2813 -0.8751
vn 0.3840 -0.3521 -0.8535
vn 0.2784 -0.3521 -0.8936
vn 0.2855 -0.2813 -0.9162
vn 0.3728 -0.4177 -0.8286
vn 0.3623 -0.4699 -0.8050
vn 0.2626 -0.4699 -0.8427
vn 0.2703 -0.4177 -0.8674
vn 0.1728 -0.2813 -0.9439
vn 0.1687 -0.3521 -0.9206
vn 0.0565 -0.3521 -0.9343
vn 0.0582 -0.2813 -0.9579
vn 0.1636 -0.4177 -0.8937
vn 0.1590 -0.4699 -0.8683
vn 0.0534 -0.4699 -0.8811
vn 0.0549 -0.4178 -0.9069
vn -0.0594 -0.2017 -0.9776
vn -0.1766 -0.2017 -0.9634
vn -0.1795 -0.0988 -0.9788
vn -0.0601 -0.0988 -0.9933
vn 0.1702 0.3291 -0.9288
vn 0.1627 0.4304 -0.8878
vn 0.0546 0.4305 -0.9010
vn 0.0571 0.3291 -0.9426
vn 0.1550 0.5103 -0.8459
vn 0.1493 0.5600 -0.8149
vn 0.0501 0.5600 -0.8270
vn 0.0520 0.5104 -0.8584
vn 0.3875 0.3290 -0.8612
vn 0.3703 0.4305 -0.8231
vn 0.2686 0.4304 -0.8617
vn 0.2810 0.3291 -0.9015
vn 0.3529 0.5104 -0.7842
vn 0.3400 0.5599 -0.7556
vn 0.2465 0.5600 -0.7910
vn 0.2558 0.5103 -0.8210
vn 0.5823 0.3291 -0.7434
vn 0.5566 0.4304 -0.7106
vn 0.4670 0.4305 -0.7724
vn 0.4886 0.3290 -0.8081
vn 0.5303 0.5104 -0.6770
vn 0.5109 0.5600 -0.6522
vn 0.4286 0.5599 -0.7091
vn 0.4449 0.5104 -0.7359
vn 0.7432 0.3291 -0.5825
vn 0.7105 0.4305 -0.5567
vn 0.6383 0.4304 -0.6383
vn 0.6678 0.3291 -0.6676
vn 0.6769 0.5104 -0.5304
vn 0.6521 0.5600 -0.5110
vn 0.5859 0.5600 -0.5858
vn 0.6081 0.5104 -0.6080
vn 0.8611 0.3291 -0.3877
vn 0.8231 0.4304 -0.3705
vn 0.7725 0.4305 -0.4669
vn 0.8082 0.3291 -0.4884
vn 0.7841 0.5104 -0.3530
vn 0.7555 0.5600 -0.3401
vn 0.7090 0.5600 -0.4286
vn 0.7360 0.5104 -0.4448
vn 0.9288 0.3291 -0.1703
vn 0.8878 0.4304 -0.1628
vn 0.8618 0.4304 -0.2684
vn 0.9016 0.3291 -0.2808
vn 0.8458 0.5104 -0.1551
vn 0.8150 0.5599 -0.1494
vn 0.7910 0.5600 -0.2464
vn 0.8210 0.5104 -0.2557
vn 0.9426 0.3291 0.0569
vn 0.9010 0.4304 0.0545
vn 0.9010 0.4304 -0.0545
vn 0.9426 0.3291 -0.0569
vn 0.8584 0.5104 0.0519
vn 0.8270 0.5599 0.0500
vn 0.8270 0.5599 -0.0500
vn 0.8584 0.5104 -0.0519
vn 0.9016 0.3290 0.2808
vn 0.8618 0.4305 0.2684
vn 0.8879 0.4304 0.1628
vn 0.9288 0.3291 0.1703
vn 0.8210 0.5104 0.2558
vn 0.7910 0.5600 0.2465
vn 0.8150 0.5599 0.1494
vn 0.8458 0.5104 0.1551
vn 0.8082 0.3291 0.4884
vn 0.7724 0.4306 0.4669
vn 0.8230 0.4305 0.3705
vn 0.8611 0.3290 0.3876
vn 0.7360 0.5103 0.4449
vn 0.7090 0.5600 0.4286
vn 0.7555 0.5599 0.3400
vn 0.7842 0.5104 0.3530
vn 0.6678 0.3291 0.6676
vn 0.6383 0.4304 0.6382
vn 0.7104 0.4306 0.5567
vn 0.7433 0.3291 0.5825
vn 0.6081 0.5104 0.6080
vn 0.5859 0.5599 0.5858
vn 0.6521 0.5600 0.5110
vn 0.6769 0.5103 0.5304
vn 0.4886 0.3291 0.8081
vn 0.4670 0.4305 0.7724
vn 0.5566 0.4304 0.7106
vn 0.5823 0.3291 0.7434
vn 0.4449 0.5104 0.7359
vn 0.4285 0.5602 0.7089
vn 0.4287 0.5600 0.7090
vn 0.5110 0.5599 0.6522
vn 0.5303 0.5104 0.6770
vn 0.2810 0.3291 0.9015
vn 0.2686 0.4305 0.8617
vn 0.3704 0.4305 0.8231
vn 0.3875 0.3291 0.8611
vn 0.2559 0.5104 0.8210
vn 0.2465 0.5600 0.7910
vn 0.3399 0.5600 0.7555
vn 0.3400 0.5602 0.7553
vn 0.3528 0.5104 0.7842
vn 0.0570 0.3291 0.9426
vn 0.0546 0.4305 0.9009
vn 0.1626 0.4305 0.8878
vn 0.1702 0.3291 0.9288
vn 0.0520 0.5103 0.8584
vn 0.0501 0.5599 0.8270
vn 0.1493 0.5600 0.8149
vn 0.1549 0.5104 0.8459
vn -0.1702 0.3291 0.9288
vn -0.1626 0.4305 0.8878
vn -0.0546 0.4305 0.9009
vn -0.0570 0.3291 0.9426
vn -0.1549 0.5104 0.8459
vn -0.1493 0.5600 0.8149
vn -0.0501 0.5599 0.8270
vn -0.0520 0.5103 0.8584
vn -0.3875 0.3291 0.8611
vn -0.3704 0.4305 0.8231
vn -0.2686 0.4305 0.8617
vn -0.2810 0.3291 0.9015
vn -0.3528 0.5104 0.7842
vn -0.3399 0.5600 0.7555
vn -0.2465 0.5600 0.7910
vn -0.2559 0.5104 0.8210
vn -0.5823 0.3291 0.7434
vn -0.5566 0.4304 0.7106
vn -0.4670 0.4305 0.7724
vn -0.4886 0.3291 0.8081
vn -0.5303 0.5104 0.6770
vn -0.5110 0.5599 0.6522
vn -0.4287 0.5600 0.7090
vn -0.4449 0.5104 0.7359
vn -0.7433 0.3291 0.5825
vn -0.7104 0.4306 0.5567
vn -0.6383 0.4304 0.6382
vn -0.6678 0.3291 0.6676
vn -0.6769 0.5103 0.5304
vn -0.6521 0.5600 0.5110
vn -0.5859 0.5599 0.5858
vn -0.6081 0.5104 0.6080
vn -0.8611 0.3290 0.3876
vn -0.8231 0.4305 0.3705
vn -0.7724 0.4306 0.4669
vn -0.8082 0.3291 0.4884
vn -0.7841 0.5104 0.3530
vn -0.7555 0.5599 0.3400
vn -0.7090 0.5600 0.4286
vn -0.7360 0.5103 0.4449
vn -0.9288 0.3291 0.1703
vn -0.8879 0.4304 0.1628
vn -0.8618 0.4305 0.2684
vn -0.9016 0.3290 0.2808
vn -0.8458 0.5104 0.1551
vn -0.8150 0.5599 0.1494
vn -0.7910 0.5600 0.2465
vn -0.8210 0.5104 0.2557
vn -0.9426 0.3291 -0.0569
vn -0.9010 0.4304 -0.0545
vn -0.9010 0.4304 0.0545
vn -0.9426 0.3291 0.0569
vn -0.8584 0.5104 -0.0519
vn -0.8270 0.5599 -0.0500
vn -0.8270 0.5599 0.0500
vn -0.8584 0.5104 0.0519
vn -0.9016 0.3291 -0.2808
vn -0.8618 0.4304 -0.2684
vn -0.8878 0.4304 -0.1628
vn -0.9288 0.3291 -0.1703
vn -0.8210 0.5104 -0.2557
vn -0.7910 0.5600 -0.2464
vn -0.8150 0.5599 -0.1494
vn -0.8458 0.5104 -0.1551
vn -0.8082 0.3291 -0.4884
vn -0.7725 0.4305 -0.4669
vn -0.8231 0.4304 -0.3705
vn -0.8611 0.3291 -0.3877
vn -0.7360 0.5104 -0.4448
vn -0.7090 0.5600 -0.4286
vn -0.7555 0.5600 -0.3401
vn -0.7841 0.5104 -0.3530
vn -0.6678 0.3291 -0.6676
vn -0.6383 0.4304 -0.6383
vn -0.7105 0.4305 -0.5567
vn -0.7432 0.3291 -0.5825
vn -0.6081 0.5104 -0.6080
vn -0.5859 0.5600 -0.5858
vn -0.6521 0.5600 -0.5110
vn -0.6769 0.5104 -0.5304
vn -0.4886 0.3290 -0.8081
vn -0.4670 0.4305 -0.7724
vn -0.5566 0.4304 -0.7106
vn -0.5823 0.3291 -0.7434
vn -0.4449 0.5104 -0.7359
vn -0.4286 0.5599 -0.7091
vn -0.5109 0.5600 -0.6522
vn -0.5303 0.5104 -0.6770
vn -0.2810 0.3291 -0.9015
vn -0.2686 0.4304 -0.8617
vn -0.3703 0.4305 -0.8231
vn -0.3875 0.3290 -0.8612
vn -0.2558 0.5103 -0.8210
vn -0.2465 0.5600 -0.7910
vn -0.3400 0.5599 -0.7556
vn -0.3529 0.5104 -0.7842
vn -0.0571 0.3291 -0.9426
vn -0.0546 0.4305 -0.9010
vn -0.1627 0.4304 -0.8878
vn -0.1702 0.3291 -0.9288
vn -0.0520 0.5104 -0.8584
vn -0.0501 0.5600 -0.8270
vn -0.1493 0.5600 -0.8149
vn -0.1550 0.5103 -0.8459
vn -0.0589 0.9981 -0.0183
vn 0.0668 0.9975 0.0208
vn 0.0688 0.9975 0.0126
vn -0.0606 0.9981 -0.0111
vn 0.0605 -0.0079 -0.9981
vn 0.0603 -0.0750 -0.9954
vn 0.1797 -0.0750 -0.9809
vn 0.1802 -0.0079 -0.9836
vn 0.2976 -0.0079 -0.9547
vn 0.2967 -0.0750 -0.9520
vn 0.4092 -0.0750 -0.9094
vn 0.4103 -0.0078 -0.9119
vn 0.5174 -0.0078 -0.8557
vn 0.5159 -0.0750 -0.8533
vn 0.6149 -0.0750 -0.7850
vn 0.6166 -0.0079 -0.7872
vn 0.7071 -0.0079 -0.7070
vn 0.7052 -0.0750 -0.7051
vn 0.7849 -0.0750 -0.6151
vn 0.7871 -0.0079 -0.6167
vn 0.8558 -0.0078 -0.5173
vn 0.8534 -0.0750 -0.5158
vn 0.9093 -0.0750 -0.4093
vn 0.9118 -0.0079 -0.4105
vn 0.9547 -0.0079 -0.2974
vn 0.9520 -0.0750 -0.2966
vn 0.9808 -0.0751 -0.1799
vn 0.9809 -0.0747 -0.1798
vn 0.9836 -0.0079 -0.1804
vn 0.9981 -0.0082 -0.0603
vn 0.9981 -0.0079 -0.0603
vn 0.9954 -0.0751 -0.0601
vn 0.9954 -0.0750 -0.0604
vn 0.9954 -0.0751 0.0601
vn 0.9954 -0.0748 0.0603
vn 0.9981 -0.0079 0.0603
vn 0.9981 -0.0081 0.0605
vn 0.9836 -0.0082 0.1803
vn 0.9836 -0.0079 0.1804
vn 0.9808 -0.0751 0.1799
vn 0.9809 -0.0749 0.1796
vn 0.9520 -0.0750 0.2966
vn 0.9547 -0.0079 0.2974
vn 0.9119 -0.0079 0.4104
vn 0.9093 -0.0750 0.4093
vn 0.8534 -0.0750 0.5158
vn 0.8558 -0.0078 0.5173
vn 0.7871 -0.0078 0.6168
vn 0.7849 -0.0750 0.6150
vn 0.7051 -0.0750 0.7051
vn 0.7071 -0.0079 0.7070
vn 0.6167 -0.0079 0.7872
vn 0.6150 -0.0750 0.7850
vn 0.5159 -0.0749 0.8534
vn 0.5174 -0.0078 0.8557
vn 0.4104 -0.0078 0.9119
vn 0.4092 -0.0749 0.9094
vn 0.2968 -0.0751 0.9520
vn 0.2976 -0.0079 0.9547
vn 0.1801 -0.0079 0.9836
vn 0.1797 -0.0751 0.9809
vn 0.0603 -0.0750 0.9954
vn 0.0605 -0.0078 0.9981
vn -0.0605 -0.0078 0.9981
vn -0.0603 -0.0750 0.9954
vn -0.1797 -0.0751 0.9809
vn -0.1801 -0.0079 0.9836
vn -0.2976 -0.0079 0.9547
vn -0.2968 -0.0751 0.9520
vn -0.4092 -0.0749 0.9094
vn -0.4104 -0.0078 0.9119
vn -0.5174 -0.0078 0.8557
vn -0.5159 -0.0749 0.8534
vn -0.6150 -0.0750 0.7850
vn -0.6167 -0.0078 0.7872
vn -0.7071 -0.0079 0.7070
vn -0.7051 -0.0750 0.7051
vn -0.7849 -0.0750 0.6150
vn -0.7871 -0.0078 0.6168
vn -0.8558 -0.0078 0.5173
vn -0.8534 -0.0750 0.5158
vn -0.9093 -0.0750 0.4093
vn -0.9119 -0.0078 0.4104
vn -0.9547 -0.0079 0.2974
vn -0.9520 -0.0750 0.2966
vn -0.9808 -0.0751 0.1799
vn -0.9836 -0.0079 0.1804
vn -0.9981 -0.0079 0.0603
vn -0.9954 -0.0751 0.0601
vn -0.9954 -0.0751 -0.0601
vn -0.9981 -0.0079 -0.0603
vn -0.9836 -0.0079 -0.1804
vn -0.9808 -0.0751 -0.1799
vn -0.9520 -0.0750 -0.2966
vn -0.9547 -0.0079 -0.2974
vn -0.9118 -0.0079 -0.4105
vn -0.9093 -0.0750 -0.4093
vn -0.8534 -0.0750 -0.5158
vn -0.8558 -0.0078 -0.5173
vn -0.7871 -0.0078 -0.6168
vn -0.7849 -0.0750 -0.6151
vn -0.7052 -0.0750 -0.7051
vn -0.7072 -0.0079 -0.7070
vn -0.6166 -0.0079 -0.7872
vn -0.6149 -0.0750 -0.7850
vn -0.5159 -0.0750 -0.8533
vn -0.5174 -0.0078 -0.8557
vn -0.4103 -0.0078 -0.9119
vn -0.4092 -0.0750 -0.9094
vn -0.2967 -0.0750 -0.9520
vn -0.2976 -0.0079 -0.9547
vn -0.1802 -0.0079 -0.9836
vn -0.1797 -0.0750 -0.9809
vn -0.0603 -0.0750 -0.9954
vn -0.0605 -0.0079 -0.9981
vn -0.0581 -0.2773 -0.9590
vn -0.0596 -0.1670 -0.9842
vn -0.1776 -0.1670 -0.9698
vn -0.1731 -0.2773 -0.9451
vn -0.2981 -0.0353 -0.9539
vn -0.4108 -0.0354 -0.9110
vn -0.4169 0.0124 -0.9089
vn -0.3028 0.0131 -0.9530
vn -0.5178 -0.0356 -0.8548
vn -0.6166 -0.0357 -0.7864
vn -0.6216 0.0107 -0.7832
vn -0.5235 0.0115 -0.8520
vn -0.7071 -0.0358 -0.7062
vn -0.7866 -0.0359 -0.6164
vn -0.7871 0.0095 -0.6168
vn -0.7103 0.0100 -0.7039
vn -0.8553 -0.0359 -0.5169
vn -0.9112 -0.0359 -0.4104
vn -0.9118 0.0092 -0.4105
vn -0.8558 0.0092 -0.5171
vn -0.9542 -0.0359 -0.2972
vn -0.9830 -0.0359 -0.1803
vn -0.9835 0.0093 -0.1807
vn -0.9547 0.0092 -0.2973
vn -0.9975 -0.0359 -0.0604
vn -0.9975 -0.0359 0.0603
vn -0.9981 0.0093 0.0602
vn -0.9981 0.0093 -0.0604
vn -0.9830 -0.0359 0.1802
vn -0.9540 -0.0359 0.2975
vn -0.9546 0.0092 0.2976
vn -0.9836 0.0093 0.1804
vn -0.9113 -0.0360 0.4101
vn -0.8552 -0.0359 0.5170
vn -0.8555 0.0091 0.5177
vn -0.9117 0.0092 0.4108
vn -0.7866 -0.0360 0.6164
vn -0.7068 -0.0360 0.7065
vn -0.7071 0.0091 0.7071
vn -0.7870 0.0090 0.6169
vn -0.6162 -0.0360 0.7868
vn -0.5169 -0.0359 0.8553
vn -0.5176 0.0094 0.8556
vn -0.6167 0.0092 0.7871
vn -0.4101 -0.0358 0.9113
vn -0.2975 -0.0358 0.9540
vn -0.2978 0.0100 0.9546
vn -0.4102 0.0097 0.9119
vn -0.1799 -0.0357 0.9830
vn -0.0608 -0.0357 0.9975
vn -0.0604 0.0105 0.9981
vn -0.1800 0.0103 0.9836
vn 0.0604 -0.0358 0.9975
vn 0.1799 -0.0357 0.9830
vn 0.1806 0.0103 0.9835
vn 0.0604 0.0105 0.9981
vn 0.2977 -0.0358 0.9540
vn 0.4100 -0.0358 0.9114
vn 0.4104 0.0097 0.9118
vn 0.2980 0.0100 0.9545
vn 0.5173 -0.0359 0.8550
vn 0.6164 -0.0360 0.7866
vn 0.6166 0.0091 0.7872
vn 0.5174 0.0094 0.8557
vn 0.7067 -0.0360 0.7066
vn 0.7865 -0.0360 0.6166
vn 0.7869 0.0090 0.6171
vn 0.7069 0.0090 0.7073
vn 0.8553 -0.0360 0.5169
vn 0.9113 -0.0359 0.4102
vn 0.9119 0.0091 0.4104
vn 0.8557 0.0090 0.5173
vn 0.9542 -0.0359 0.2972
vn 0.9830 -0.0359 0.1803
vn 0.9836 0.0093 0.1803
vn 0.9546 0.0092 0.2977
vn 0.9975 -0.0359 0.0604
vn 0.9975 -0.0359 -0.0603
vn 0.9981 0.0093 -0.0602
vn 0.9981 0.0093 0.0604
vn 0.9829 -0.0359 -0.1806
vn 0.9542 -0.0359 -0.2971
vn 0.9547 0.0093 -0.2975
vn 0.9835 0.0093 -0.1806
vn 0.9112 -0.0359 -0.4103
vn 0.8553 -0.0359 -0.5168
vn 0.8562 0.0091 -0.5165
vn 0.9118 0.0092 -0.4106
vn 0.7866 -0.0359 -0.6164
vn 0.7067 -0.0359 -0.7067
vn 0.7075 0.0095 -0.7067
vn 0.7888 0.0092 -0.6146
vn 0.6162 -0.0358 -0.7868
vn 0.5171 -0.0357 -0.8552
vn 0.5181 0.0109 -0.8553
vn 0.6170 0.0101 -0.7869
vn 0.4098 -0.0356 -0.9115
vn 0.2973 -0.0354 -0.9541
vn 0.2983 0.0126 -0.9544
vn 0.4110 0.0118 -0.9116
vn 0.1803 -0.0352 -0.9830
vn 0.0604 -0.0352 -0.9976
vn 0.0604 0.0138 -0.9981
vn 0.1803 0.0133 -0.9835
vn -0.0305 0.8641 -0.5025
vn -0.0158 0.9651 -0.2614
vn -0.0472 0.9651 -0.2576
vn -0.0907 0.8641 -0.4952
vn -0.1498 0.8641 -0.4806
vn -0.0779 0.9651 -0.2501
vn -0.1075 0.9651 -0.2389
vn -0.2065 0.8641 -0.4590
vn -0.2604 0.8641 -0.4307
vn -0.1355 0.9651 -0.2242
vn -0.1616 0.9651 -0.2062
vn -0.3104 0.8641 -0.3963
vn -0.3560 0.8641 -0.3559
vn -0.1852 0.9651 -0.1852
vn -0.2062 0.9651 -0.1615
vn -0.3962 0.8641 -0.3105
vn -0.4308 0.8641 -0.2603
vn -0.2242 0.9651 -0.1355
vn -0.2389 0.9651 -0.1075
vn -0.4589 0.8641 -0.2066
vn -0.4805 0.8641 -0.1497
vn -0.2501 0.9651 -0.0779
vn -0.2576 0.9651 -0.0472
vn -0.4951 0.8641 -0.0908
vn -0.5024 0.8641 -0.0303
vn -0.2614 0.9651 -0.0158
vn -0.2614 0.9651 0.0158
vn -0.5024 0.8641 0.0303
vn -0.4951 0.8641 0.0908
vn -0.2576 0.9651 0.0472
vn -0.2501 0.9651 0.0779
vn -0.4806 0.8641 0.1497
vn -0.4590 0.8641 0.2066
vn -0.2389 0.9651 0.1075
vn -0.2241 0.9651 0.1355
vn -0.4308 0.8641 0.2604
vn -0.3962 0.8641 0.3105
vn -0.2062 0.9651 0.1615
vn -0.1852 0.9651 0.1852
vn -0.3560 0.8640 0.3560
vn -0.3105 0.8640 0.3963
vn -0.1615 0.9651 0.2062
vn -0.1355 0.9651 0.2242
vn -0.2605 0.8640 0.4308
vn -0.2066 0.8640 0.4591
vn -0.1075 0.9651 0.2389
vn -0.0780 0.9651 0.2501
vn -0.1498 0.8641 0.4806
vn -0.0907 0.8641 0.4951
vn -0.0472 0.9651 0.2577
vn -0.0158 0.9651 0.2615
vn -0.0157 0.9650 0.2618
vn -0.0304 0.8641 0.5025
vn -0.0301 0.8642 0.5023
vn 0.0303 0.8642 0.5022
vn 0.0304 0.8641 0.5025
vn 0.0158 0.9651 0.2615
vn 0.0155 0.9650 0.2617
vn 0.0472 0.9651 0.2577
vn 0.0907 0.8641 0.4951
vn 0.1498 0.8641 0.4806
vn 0.0780 0.9651 0.2501
vn 0.1075 0.9651 0.2389
vn 0.2066 0.8640 0.4591
vn 0.2605 0.8640 0.4308
vn 0.1355 0.9651 0.2242
vn 0.1615 0.9651 0.2062
vn 0.3105 0.8640 0.3963
vn 0.3560 0.8640 0.3560
vn 0.1852 0.9651 0.1852
vn 0.2062 0.9651 0.1615
vn 0.3962 0.8641 0.3105
vn 0.4308 0.8641 0.2604
vn 0.2241 0.9651 0.1355
vn 0.2389 0.9651 0.1075
vn 0.4590 0.8641 0.2066
vn 0.4806 0.8641 0.1497
vn 0.2501 0.9651 0.0779
vn 0.2576 0.9651 0.0472
vn 0.4951 0.8641 0.0908
vn 0.5024 0.8641 0.0303
vn 0.2614 0.9651 0.0158
vn 0.2614 0.9651 -0.0158
vn 0.2618 0.9650 -0.0160
vn 0.5024 0.8641 -0.0303
vn 0.5022 0.8642 -0.0306
vn 0.4948 0.8643 -0.0907
vn 0.4951 0.8641 -0.0908
vn 0.2576 0.9651 -0.0472
vn 0.2578 0.9651 -0.0469
vn 0.2501 0.9651 -0.0779
vn 0.4805 0.8641 -0.1497
vn 0.4589 0.8641 -0.2066
vn 0.2389 0.9651 -0.1075
vn 0.2242 0.9651 -0.1355
vn 0.4308 0.8641 -0.2603
vn 0.3962 0.8641 -0.3105
vn 0.2062 0.9651 -0.1615
vn 0.1852 0.9651 -0.1852
vn 0.3560 0.8641 -0.3559
vn 0.3104 0.8641 -0.3963
vn 0.1616 0.9651 -0.2062
vn 0.1355 0.9651 -0.2242
vn 0.2604 0.8641 -0.4307
vn 0.2065 0.8641 -0.4590
vn 0.1075 0.9651 -0.2389
vn 0.0779 0.9651 -0.2501
vn 0.1498 0.8641 -0.4806
vn 0.0907 0.8641 -0.4952
vn 0.0472 0.9651 -0.2576
vn 0.0158 0.9651 -0.2614
vn 0.0305 0.8641 -0.5025
vn -0.0419 0.7197 -0.6931
vn -0.1251 0.7198 -0.6828
vn -0.1432 0.6074 -0.7814
vn -0.0480 0.6075 -0.7929
vn -0.0380 0.9981 0.0485
vn 0.0432 0.9975 -0.0551
vn 0.0362 0.9975 -0.0599
vn -0.0319 0.9981 0.0527
vn 0.0319 0.9981 0.0527
vn -0.0362 0.9975 -0.0599
vn -0.0432 0.9975 -0.0551
vn 0.0380 0.9981 0.0485
vn 0.0606 0.9981 -0.0111
vn -0.0688 0.9975 0.0126
vn -0.0668 0.9975 0.0208
vn 0.0589 0.9981 -0.0183
vn -0.0436 0.9981 -0.0436
vn 0.0495 0.9975 0.0495
vn 0.0551 0.9975 0.0432
vn -0.0485 0.9981 -0.0380
vn -0.0562 0.9981 0.0253
vn 0.0638 0.9975 -0.0287
vn 0.0599 0.9975 -0.0362
vn -0.0528 0.9981 0.0319
vn 0.0037 0.9981 0.0615
vn -0.0042 0.9975 -0.0699
vn -0.0126 0.9975 -0.0688
vn 0.0111 0.9981 0.0606
vn 0.0589 0.9981 0.0183
vn -0.0668 0.9975 -0.0208
vn -0.0688 0.9975 -0.0126
vn 0.0606 0.9981 0.0111
vn 0.0380 0.9981 -0.0485
vn -0.0432 0.9975 0.0551
vn -0.0362 0.9975 0.0599
vn 0.0319 0.9981 -0.0528
vn -0.0183 0.9981 -0.0589
vn 0.0208 0.9975 0.0668
vn 0.0287 0.9975 0.0638
vn -0.0253 0.9981 -0.0562
vn -0.0615 0.9981 -0.0037
vn 0.0699 0.9975 0.0042
vn 0.0699 0.9975 -0.0042
vn -0.0615 0.9981 0.0037
vn -0.0253 0.9981 0.0562
vn 0.0287 0.9975 -0.0638
vn 0.0208 0.9975 -0.0668
vn -0.0183 0.9981 0.0588
vn 0.0436 0.9981 0.0436
vn -0.0495 0.9975 -0.0495
vn -0.0551 0.9975 -0.0432
vn 0.0485 0.9981 0.0380
vn 0.0562 0.9981 -0.0253
vn -0.0638 0.9975 0.0287
vn -0.0599 0.9975 0.0362
vn 0.0528 0.9981 -0.0319
vn -0.0528 0.9981 -0.0319
vn 0.0599 0.9975 0.0362
vn 0.0638 0.9975 0.0287
vn -0.0562 0.9981 -0.0253
vn -0.0485 0.9981 0.0380
vn 0.0551 0.9975 -0.0432
vn 0.0495 0.9975 -0.0495
vn -0.0436 0.9981 0.0436
vn 0.0183 0.9981 0.0588
vn -0.0208 0.9975 -0.0668
vn -0.0287 0.9975 -0.0638
vn 0.0253 0.9981 0.0562
vn 0.0615 0.9981 0.0037
vn -0.0699 0.9975 -0.0042
vn -0.0699 0.9975 0.0042
vn 0.0615 0.9981 -0.0037
vn 0.0253 0.9981 -0.0562
vn -0.0287 0.9975 0.0638
vn -0.0208 0.9975 0.0668
vn 0.0183 0.9981 -0.0589
vn -0.0319 0.9981 -0.0528
vn 0.0362 0.9975 0.0599
vn 0.0432 0.9975 0.0551
vn -0.0380 0.9981 -0.0485
vn -0.0606 0.9981 0.0111
vn 0.0688 0.9975 -0.0126
vn 0.0668 0.9975 -0.0208
vn -0.0589 0.9981 0.0183
vn -0.0111 0.9981 0.0606
vn 0.0126 0.9975 -0.0688
vn 0.0042 0.9975 -0.0699
vn -0.0037 0.9981 0.0615
vn 0.0528 0.9981 0.0319
vn -0.0599 0.9975 -0.0362
vn -0.0638 0.9975 -0.0287
vn 0.0562 0.9981 0.0253
vn 0.0485 0.9981 -0.0380
vn -0.0551 0.9975 0.0432
vn -0.0495 0.9975 0.0495
vn 0.0436 0.9981 -0.0436
vn 0.0111 0.9981 -0.0606
vn -0.0126 0.9975 0.0688
vn -0.0042 0.9975 0.0699
vn 0.0037 0.9981 -0.0615
vn -0.0037 0.9981 -0.0615
vn 0.0042 0.9975 0.0699
vn 0.0126 0.9975 0.0688
vn -0.0111 0.9981 -0.0606
vn -0.1403 0.9891 -0.0437
vn -0.1281 0.9909 -0.0405
vn -0.1322 0.9909 -0.0236
vn -0.1445 0.9891 -0.0265
vn 0.0603 0.9891 -0.1340
vn 0.0557 0.9909 -0.1222
vn 0.0394 0.9909 -0.1284
vn 0.0437 0.9891 -0.1403
vn 0.0906 0.9891 -0.1157
vn 0.0833 0.9909 -0.1054
vn 0.0690 0.9909 -0.1153
vn 0.0760 0.9891 -0.1257
vn 0.1039 0.9891 0.1039
vn 0.0946 0.9909 0.0954
vn 0.1061 0.9909 0.0824
vn 0.1157 0.9891 0.0906
vn 0.0760 0.9891 0.1257
vn 0.0690 0.9909 0.1153
vn 0.0833 0.9909 0.1054
vn 0.0906 0.9891 0.1157
vn -0.0265 0.9891 0.1445
vn -0.0248 0.9909 0.1320
vn -0.0075 0.9909 0.1341
vn -0.0089 0.9891 0.1467
vn -0.0603 0.9891 0.1340
vn -0.0557 0.9909 0.1222
vn -0.0394 0.9909 0.1284
vn -0.0437 0.9891 0.1403
vn -0.1257 0.9891 -0.0760
vn -0.1146 0.9909 -0.0700
vn -0.1227 0.9909 -0.0546
vn -0.1340 0.9891 -0.0603
vn -0.1039 0.9891 -0.1039
vn -0.0945 0.9909 -0.0954
vn -0.1061 0.9909 -0.0824
vn -0.1157 0.9891 -0.0906
vn 0.1157 0.9891 -0.0906
vn 0.1061 0.9909 -0.0824
vn 0.0945 0.9909 -0.0954
vn 0.1039 0.9891 -0.1039
vn 0.1340 0.9891 -0.0603
vn 0.1227 0.9909 -0.0546
vn 0.1146 0.9909 -0.0700
vn 0.1257 0.9891 -0.0760
vn 0.0437 0.9891 0.1403
vn 0.0394 0.9909 0.1284
vn 0.0557 0.9909 0.1222
vn 0.0603 0.9891 0.1340
vn -0.0906 0.9891 0.1157
vn -0.0833 0.9909 0.1054
vn -0.0690 0.9909 0.1153
vn -0.0760 0.9891 0.1257
vn -0.1157 0.9891 0.0906
vn -0.1061 0.9909 0.0824
vn -0.0946 0.9909 0.0954
vn -0.1039 0.9891 0.1039
vn -0.0760 0.9891 -0.1257
vn -0.0690 0.9909 -0.1153
vn -0.0833 0.9909 -0.1054
vn -0.0906 0.9891 -0.1157
vn -0.0437 0.9891 -0.1403
vn -0.0394 0.9909 -0.1284
vn -0.0557 0.9909 -0.1222
vn -0.0603 0.9891 -0.1340
vn 0.1445 0.9891 -0.0265
vn 0.1322 0.9909 -0.0236
vn 0.1281 0.9909 -0.0405
vn 0.1403 0.9891 -0.0437
vn 0.1467 0.9891 0.0088
vn 0.1340 0.9909 0.0087
vn 0.1340 0.9909 -0.0087
vn 0.1467 0.9891 -0.0088
vn 0.0089 0.9891 0.1467
vn 0.0075 0.9909 0.1341
vn 0.0248 0.9909 0.1320
vn 0.0265 0.9891 0.1445
vn -0.1340 0.9891 0.0603
vn -0.1227 0.9909 0.0546
vn -0.1147 0.9909 0.0700
vn -0.1257 0.9891 0.0760
vn -0.1445 0.9891 0.0265
vn -0.1322 0.9909 0.0236
vn -0.1281 0.9909 0.0405
vn -0.1403 0.9891 0.0437
vn -0.0089 0.9891 -0.1467
vn -0.0075 0.9909 -0.1341
vn -0.0248 0.9909 -0.1320
vn -0.0265 0.9891 -0.1445
vn 0.0265 0.9891 -0.1445
vn 0.0248 0.9909 -0.1320
vn 0.0075 0.9909 -0.1341
vn 0.0089 0.9891 -0.1467
vn 0.1403 0.9891 0.0437
vn 0.1281 0.9909 0.0405
vn 0.1322 0.9909 0.0236
vn 0.1445 0.9891 0.0265
vn 0.1257 0.9891 0.0760
vn 0.1147 0.9909 0.0700
vn 0.1227 0.9909 0.0546
vn 0.1340 0.9891 0.0603
vn 0.2091 0.2631 -0.9418
vn 0.0730 0.2642 -0.9617
vn 0.0770 0.4021 -0.9124
vn 0.1990 0.3962 -0.8963
vn 0.4348 0.2583 -0.8627
vn 0.3388 0.2615 -0.9038
vn 0.3212 0.3895 -0.8632
vn 0.4308 0.3843 -0.8166
vn 0.6204 0.2588 -0.7404
vn 0.5339 0.2570 -0.8055
vn 0.5176 0.3838 -0.7647
vn 0.5877 0.3906 -0.7086
vn 0.7626 0.2725 -0.5866
vn 0.6963 0.2641 -0.6673
vn 0.6467 0.4065 -0.6454
vn 0.6978 0.4277 -0.5745
vn 0.8693 0.2930 -0.3981
vn 0.8203 0.2826 -0.4972
vn 0.7445 0.4493 -0.4938
vn 0.7874 0.4671 -0.4024
vn 0.9341 0.3098 -0.1771
vn 0.9077 0.3025 -0.2908
vn 0.8244 0.4797 -0.3003
vn 0.8516 0.4894 -0.1876
vn 0.9477 0.3131 0.0619
vn 0.9477 0.3136 -0.0598
vn 0.8661 0.4956 -0.0651
vn 0.8672 0.4945 0.0589
vn 0.9006 0.2965 0.3177
vn 0.9324 0.3078 0.1893
vn 0.8511 0.4832 0.2053
vn 0.8128 0.4540 0.3649
vn 0.8048 0.2675 0.5298
vn 0.8544 0.2807 0.4373
vn 0.7557 0.4087 0.5118
vn 0.7138 0.3717 0.5936
vn 0.7132 0.2700 0.6469
vn 0.7595 0.2635 0.5948
vn 0.6962 0.3546 0.6241
vn 0.6865 0.3559 0.6340
vn 0.6099 0.3130 0.7280
vn 0.6615 0.2867 0.6929
vn 0.6794 0.3743 0.6312
vn 0.6698 0.4067 0.6212
vn 0.4401 0.3868 0.8104
vn 0.5495 0.3478 0.7596
vn 0.6440 0.4528 0.6167
vn 0.5444 0.5209 0.6574
vn 0.0903 0.4316 0.8975
vn 0.2720 0.4181 0.8667
vn 0.3463 0.5924 0.7274
vn 0.1168 0.6283 0.7692
vn -0.1992 0.4046 0.8925
vn -0.0651 0.4263 0.9022
vn -0.0829 0.6220 0.7786
vn -0.2542 0.5831 0.7716
vn -0.4456 0.3273 0.8332
vn -0.3321 0.3679 0.8685
vn -0.4205 0.5155 0.7466
vn -0.5325 0.4452 0.7199
vn -0.6187 0.2726 0.7369
vn -0.5366 0.2946 0.7908
vn -0.5937 0.3940 0.7016
vn -0.6422 0.3626 0.6753
vn -0.7606 0.2641 0.5931
vn -0.6951 0.2621 0.6695
vn -0.6851 0.3551 0.6360
vn -0.7191 0.3721 0.5868
vn -0.8669 0.2919 0.4041
vn -0.8175 0.2764 0.5053
vn -0.7508 0.4078 0.5196
vn -0.7868 0.4481 0.4246
vn -0.9338 0.3115 0.1761
vn -0.9067 0.3042 0.2923
vn -0.8240 0.4766 0.3064
vn -0.8241 0.4763 0.3064
vn -0.8520 0.4909 0.1819
vn -0.9478 0.3121 -0.0656
vn -0.9476 0.3140 0.0585
vn -0.8665 0.4953 0.0620
vn -0.8672 0.4921 -0.0767
vn -0.9037 0.2972 -0.3084
vn -0.9327 0.3059 -0.1910
vn -0.8508 0.4833 -0.2063
vn -0.8198 0.4707 -0.3262
vn -0.8119 0.2768 -0.5140
vn -0.8624 0.2870 -0.4169
vn -0.7747 0.4524 -0.4418
vn -0.7220 0.4300 -0.5421
vn -0.6931 0.2626 -0.6713
vn -0.7550 0.2682 -0.5984
vn -0.6696 0.4081 -0.6205
vn -0.6217 0.3921 -0.6781
vn -0.5476 0.2618 -0.7947
vn -0.6248 0.2605 -0.7360
vn -0.5756 0.3848 -0.7215
vn -0.5190 0.3843 -0.7635
vn -0.3197 0.2659 -0.9095
vn -0.4544 0.2644 -0.8506
vn -0.4439 0.3888 -0.8073
vn -0.3398 0.3954 -0.8533
vn -0.0673 0.2657 -0.9617
vn -0.1963 0.2661 -0.9438
vn -0.2151 0.4012 -0.8904
vn -0.0697 0.4043 -0.9120
vn 0.2216 0.6266 0.7471
vn 0.2217 0.6263 0.7474
vn 0.0774 0.6240 0.7776
vn 0.0541 0.8332 0.5504
vn 0.1609 0.8317 0.5315
vn 0.1608 0.8315 0.5317
vn 0.4346 0.6213 0.6520
vn 0.3444 0.6253 0.7003
vn 0.2588 0.8279 0.4976
vn 0.2591 0.8279 0.4975
vn 0.3346 0.8226 0.4599
vn 0.5679 0.5987 0.5648
vn 0.5032 0.6128 0.6094
vn 0.3967 0.8145 0.4233
vn 0.4623 0.7999 0.3828
vn 0.6920 0.5552 0.4613
vn 0.6286 0.5795 0.5187
vn 0.5303 0.7786 0.3355
vn 0.5932 0.7522 0.2870
vn 0.8221 0.4921 0.2864
vn 0.7615 0.5243 0.3811
vn 0.6531 0.7217 0.2294
vn 0.6991 0.6943 0.1708
vn 0.8827 0.4510 0.1318
vn 0.8610 0.4662 0.2034
vn 0.7250 0.6769 0.1272
vn 0.7401 0.6672 0.0842
vn 0.8863 0.4608 -0.0463
vn 0.8927 0.4476 0.0528
vn 0.7444 0.6671 0.0310
vn 0.7307 0.6817 -0.0374
vn 0.7782 0.5699 -0.2640
vn 0.8534 0.4983 -0.1530
vn 0.6901 0.7162 -0.1046
vn 0.6199 0.7683 -0.1593
vn 0.6281 0.7114 -0.3152
vn 0.6963 0.6456 -0.3137
vn 0.5596 0.8143 -0.1541
vn 0.4956 0.8572 -0.1401
vn 0.5032 0.8015 -0.3230
vn 0.5642 0.7657 -0.3090
vn 0.4194 0.8970 -0.1399
vn 0.3472 0.9245 -0.1573
vn 0.4078 0.7683 -0.4935
vn 0.4469 0.8081 -0.3838
vn 0.2604 0.9363 -0.2355
vn 0.1926 0.9134 -0.3587
vn 0.3486 0.5646 -0.7481
vn 0.3918 0.6825 -0.6171
vn 0.1582 0.8558 -0.4925
vn 0.1235 0.7805 -0.6128
vn 0.0597 0.3947 -0.9169
vn 0.0597 0.3950 -0.9168
vn 0.2125 0.4457 -0.8696
vn 0.0469 0.7123 -0.7003
vn -0.0043 0.6897 -0.7241
vn -0.1996 0.5101 -0.8366
vn -0.0633 0.4156 -0.9074
vn 0.0006 0.7035 -0.7107
vn -0.0346 0.7534 -0.6566
vn -0.3439 0.7422 -0.5752
vn -0.3042 0.6430 -0.7028
vn -0.0789 0.8287 -0.5540
vn -0.1089 0.8907 -0.4413
vn -0.4560 0.8013 -0.3874
vn -0.3858 0.7940 -0.4698
vn -0.1695 0.9277 -0.3325
vn -0.1695 0.9276 -0.3328
vn -0.2662 0.9327 -0.2432
vn -0.2664 0.9327 -0.2430
vn -0.6044 0.7186 -0.3440
vn -0.5359 0.7707 -0.3447
vn -0.3691 0.9093 -0.1923
vn -0.4635 0.8686 -0.1753
vn -0.7320 0.5895 -0.3415
vn -0.6664 0.6567 -0.3529
vn -0.5406 0.8221 -0.1785
vn -0.6048 0.7747 -0.1846
vn -0.8650 0.4728 -0.1681
vn -0.8093 0.5207 -0.2719
vn -0.6647 0.7273 -0.1706
vn -0.7139 0.6887 -0.1268
vn -0.8938 0.4455 0.0523
vn -0.8919 0.4492 -0.0512
vn -0.8921 0.4490 -0.0512
vn -0.7435 0.6672 -0.0451
vn -0.7480 0.6630 0.0298
vn -0.8581 0.4735 0.1987
vn -0.8809 0.4552 0.1296
vn -0.7380 0.6697 0.0825
vn -0.7204 0.6828 0.1221
vn -0.7560 0.5346 0.3778
vn -0.8172 0.5010 0.2850
vn -0.6898 0.7042 0.1680
vn -0.6427 0.7327 0.2238
vn -0.6240 0.5878 0.5149
vn -0.6868 0.5650 0.4572
vn -0.5844 0.7614 0.2806
vn -0.5248 0.7842 0.3310
vn -0.5031 0.6130 0.6091
vn -0.5651 0.6033 0.5628
vn -0.4615 0.8019 0.3794
vn -0.3972 0.8130 0.4258
vn -0.3441 0.6186 0.7063
vn -0.4348 0.6168 0.6561
vn -0.3355 0.8188 0.4659
vn -0.2591 0.8237 0.5044
vn -0.0764 0.6211 0.7800
vn -0.2206 0.6196 0.7533
vn -0.1605 0.8289 0.5358
vn -0.0537 0.8324 0.5516
vn -0.1928 -0.5647 0.8024
vn -0.1924 -0.6507 0.7345
vn -0.0696 -0.6645 0.7440
vn -0.0689 -0.5766 0.8141
vn -0.3963 -0.5385 0.7436
vn -0.3696 -0.6221 0.6902
vn -0.2949 -0.6335 0.7154
vn -0.3043 -0.5496 0.7780
vn -0.5013 -0.5475 0.6700
vn -0.4247 -0.6322 0.6480
vn -0.4110 -0.6209 0.6675
vn -0.4595 -0.5368 0.7076
vn -0.5525 -0.6043 0.5740
vn -0.4245 -0.6859 0.5911
vn -0.4174 -0.6561 0.6287
vn -0.5268 -0.5724 0.6284
vn -0.6342 -0.6526 0.4146
vn -0.5259 -0.7353 0.4275
vn -0.4605 -0.7152 0.5257
vn -0.5874 -0.6337 0.5033
vn -0.7220 -0.6634 0.1965
vn -0.6407 -0.7427 0.1946
vn -0.5965 -0.7412 0.3078
vn -0.6849 -0.6594 0.3099
vn -0.7425 -0.6669 -0.0623
vn -0.6629 -0.7465 -0.0582
vn -0.6612 -0.7464 0.0758
vn -0.7407 -0.6681 0.0708
vn -0.6851 -0.6433 -0.3419
vn -0.5884 -0.7129 -0.3816
vn -0.6427 -0.7384 -0.2041
vn -0.7233 -0.6616 -0.1978
vn -0.6199 -0.5423 -0.5671
vn -0.4974 -0.6000 -0.6266
vn -0.5146 -0.6581 -0.5496
vn -0.6387 -0.6017 -0.4796
vn -0.6465 -0.4479 -0.6175
vn -0.6035 -0.5046 -0.6174
vn -0.5409 -0.5497 -0.6366
vn -0.6303 -0.4862 -0.6053
vn -0.6522 -0.4547 -0.6066
vn -0.7156 -0.4504 -0.5339
vn -0.6732 -0.4636 -0.5761
vn -0.6578 -0.4346 -0.6152
vn -0.5099 -0.6030 -0.6135
vn -0.6139 -0.5943 -0.5195
vn -0.7149 -0.4835 -0.5052
vn -0.6207 -0.5071 -0.5980
vn -0.1089 -0.7665 -0.6329
vn -0.1400 -0.8232 -0.5502
vn -0.3967 -0.7368 -0.5475
vn -0.3171 -0.7060 -0.6332
vn 0.3173 -0.7060 -0.6332
vn 0.3967 -0.7368 -0.5475
vn 0.1400 -0.8232 -0.5502
vn 0.1088 -0.7665 -0.6330
vn 0.6207 -0.5071 -0.5980
vn 0.7149 -0.4835 -0.5052
vn 0.6139 -0.5943 -0.5195
vn 0.5099 -0.6030 -0.6135
vn 0.6578 -0.4346 -0.6152
vn 0.6732 -0.4636 -0.5761
vn 0.7156 -0.4504 -0.5339
vn 0.6523 -0.4546 -0.6065
vn 0.6303 -0.4862 -0.6053
vn 0.5409 -0.5497 -0.6366
vn 0.6035 -0.5046 -0.6174
vn 0.6465 -0.4479 -0.6175
vn 0.6387 -0.6017 -0.4796
vn 0.5146 -0.6581 -0.5496
vn 0.4974 -0.6000 -0.6266
vn 0.6199 -0.5423 -0.5671
vn 0.7233 -0.6616 -0.1978
vn 0.6427 -0.7384 -0.2041
vn 0.5884 -0.7129 -0.3816
vn 0.6851 -0.6433 -0.3419
vn 0.7407 -0.6681 0.0708
vn 0.6612 -0.7464 0.0758
vn 0.6629 -0.7465 -0.0582
vn 0.7425 -0.6669 -0.0623
vn 0.6849 -0.6594 0.3099
vn 0.5965 -0.7412 0.3078
vn 0.6407 -0.7427 0.1946
vn 0.7220 -0.6634 0.1966
vn 0.5874 -0.6337 0.5033
vn 0.4605 -0.7152 0.5257
vn 0.5259 -0.7353 0.4275
vn 0.6342 -0.6526 0.4146
vn 0.5268 -0.5724 0.6284
vn 0.4174 -0.6561 0.6287
vn 0.4245 -0.6859 0.5911
vn 0.5525 -0.6043 0.5740
vn 0.4595 -0.5368 0.7076
vn 0.4110 -0.6209 0.6675
vn 0.4247 -0.6322 0.6480
vn 0.5013 -0.5475 0.6700
vn 0.3043 -0.5496 0.7780
vn 0.2949 -0.6335 0.7154
vn 0.3696 -0.6221 0.6902
vn 0.3963 -0.5385 0.7436
vn 0.0689 -0.5766 0.8141
vn 0.0696 -0.6645 0.7440
vn 0.1924 -0.6507 0.7345
vn 0.1928 -0.5647 0.8024
vn 0.1944 0.5599 -0.8054
vn 0.0699 0.5718 -0.8174
vn 0.0724 0.6585 -0.7491
vn 0.1973 0.6442 -0.7390
vn 0.3981 0.5356 -0.7447
vn 0.3059 0.5457 -0.7802
vn 0.2983 0.6276 -0.7191
vn 0.3718 0.6172 -0.6934
vn 0.5041 0.5451 -0.6699
vn 0.4617 0.5345 -0.7079
vn 0.4134 0.6165 -0.6700
vn 0.4275 0.6276 -0.6506
vn 0.5578 0.5991 -0.5744
vn 0.5307 0.5688 -0.6284
vn 0.4217 0.6502 -0.6321
vn 0.4305 0.6786 -0.5952
vn 0.6400 0.6462 -0.4157
vn 0.5937 0.6272 -0.5041
vn 0.4683 0.7072 -0.5297
vn 0.5329 0.7283 -0.4308
vn 0.7244 0.6596 -0.2003
vn 0.6888 0.6544 -0.3121
vn 0.6014 0.7363 -0.3103
vn 0.6435 0.7393 -0.1984
vn 0.7443 0.6654 0.0567
vn 0.7428 0.6652 -0.0758
vn 0.6632 0.7438 -0.0824
vn 0.6654 0.7449 0.0492
vn 0.6794 0.6090 0.4092
vn 0.7315 0.6541 0.1925
vn 0.6501 0.7340 0.1962
vn 0.6098 0.6888 0.3921
vn 0.5779 0.4810 0.6593
vn 0.6056 0.5343 0.5897
vn 0.5050 0.5953 0.6250
vn 0.4854 0.5427 0.6855
vn 0.6362 0.4410 0.6331
vn 0.5995 0.4540 0.6592
vn 0.5317 0.5177 0.6703
vn 0.5984 0.4960 0.6292
vn 0.7188 0.4502 0.5297
vn 0.6829 0.4388 0.5840
vn 0.6837 0.4702 0.5581
vn 0.7532 0.4515 0.4785
vn 0.6436 0.5724 0.5080
vn 0.7260 0.4836 0.4890
vn 0.7839 0.4613 0.4156
vn 0.7196 0.5538 0.4189
vn 0.1507 0.7689 0.6214
vn 0.4292 0.6964 0.5752
vn 0.5035 0.7165 0.4829
vn 0.1854 0.8249 0.5340
vn -0.3271 0.7020 0.6326
vn -0.1083 0.7641 0.6360
vn -0.1461 0.8211 0.5517
vn -0.4220 0.7267 0.5421
vn -0.6328 0.4993 0.5918
vn -0.5276 0.5939 0.6074
vn -0.6430 0.5746 0.5063
vn -0.7294 0.4707 0.4963
vn -0.6598 0.4332 0.6141
vn -0.6583 0.4506 0.6030
vn -0.7199 0.4467 0.5313
vn -0.6734 0.4637 0.5758
vn -0.6284 0.4841 0.6090
vn -0.6462 0.4472 0.6184
vn -0.6039 0.5045 0.6170
vn -0.5422 0.5471 0.6378
vn -0.6385 0.5953 0.4878
vn -0.6184 0.5373 0.5734
vn -0.4984 0.5933 0.6322
vn -0.5140 0.6489 0.5610
vn -0.7242 0.6576 0.2078
vn -0.6878 0.6392 0.3440
vn -0.6879 0.6393 0.3437
vn -0.5757 0.6991 0.4240
vn -0.6458 0.7361 0.2026
vn -0.7442 0.6626 -0.0844
vn -0.7452 0.6646 0.0538
vn -0.6670 0.7437 0.0459
vn -0.6644 0.7425 -0.0858
vn -0.6874 0.6501 -0.3238
vn -0.7246 0.6578 -0.2055
vn -0.6429 0.7404 -0.1959
vn -0.6015 0.7357 -0.3113
vn -0.5658 0.5999 -0.5656
vn -0.6287 0.6307 -0.4548
vn -0.5298 0.7165 -0.4537
vn -0.4551 0.6824 -0.5721
vn -0.4940 0.5449 -0.6775
vn -0.5189 0.5680 -0.6389
vn -0.4097 0.6489 -0.6412
vn -0.4007 0.6267 -0.6683
vn -0.4556 0.5320 -0.7138
vn -0.4823 0.5339 -0.6946
vn -0.4143 0.6165 -0.6695
vn -0.4091 0.6138 -0.6752
vn -0.3230 0.5507 -0.7697
vn -0.4050 0.5379 -0.7394
vn -0.3749 0.6187 -0.6904
vn -0.3087 0.6320 -0.7108
vn -0.0781 0.5743 -0.8149
vn -0.2129 0.5653 -0.7969
vn -0.2100 0.6491 -0.7311
vn -0.0783 0.6608 -0.7464
vn -0.1726 -0.9795 -0.1043
vn -0.1838 -0.9795 -0.0828
vn -0.1835 -0.9795 -0.0826
vn -0.1722 -0.9796 -0.1040
vn -0.1925 -0.9795 -0.0600
vn -0.1983 -0.9795 -0.0364
vn -0.1979 -0.9796 -0.0363
vn -0.1921 -0.9796 -0.0598
vn -0.0363 -0.9795 0.1983
vn -0.0122 -0.9795 0.2013
vn -0.0121 -0.9795 0.2008
vn -0.0363 -0.9796 0.1979
vn 0.0122 -0.9795 0.2012
vn 0.0363 -0.9795 0.1983
vn 0.0363 -0.9795 0.1979
vn 0.0122 -0.9796 0.2008
vn 0.1983 -0.9795 -0.0364
vn 0.1985 -0.9794 -0.0361
vn 0.1925 -0.9795 -0.0600
vn 0.1921 -0.9796 -0.0599
vn 0.1978 -0.9796 -0.0363
vn 0.1838 -0.9795 -0.0827
vn 0.1841 -0.9794 -0.0825
vn 0.1725 -0.9795 -0.1042
vn 0.1722 -0.9795 -0.1041
vn 0.1834 -0.9796 -0.0826
vn -0.0125 -0.9795 -0.2013
vn -0.0122 -0.9795 -0.2012
vn -0.0362 -0.9794 -0.1986
vn -0.0363 -0.9795 -0.1983
vn -0.0366 -0.9795 -0.1981
vn -0.0362 -0.9795 -0.1979
vn -0.0122 -0.9795 -0.2008
vn -0.2013 -0.9795 -0.0121
vn -0.2014 -0.9794 -0.0125
vn -0.2013 -0.9795 0.0122
vn -0.2008 -0.9796 0.0121
vn -0.2008 -0.9796 -0.0121
vn -0.1983 -0.9795 0.0364
vn -0.1925 -0.9795 0.0600
vn -0.1921 -0.9796 0.0598
vn -0.1978 -0.9796 0.0363
vn 0.0600 -0.9795 0.1925
vn 0.0827 -0.9795 0.1838
vn 0.0825 -0.9796 0.1835
vn 0.0599 -0.9796 0.1921
vn 0.1043 -0.9795 0.1725
vn 0.1243 -0.9795 0.1587
vn 0.1241 -0.9795 0.1584
vn 0.1041 -0.9796 0.1721
vn 0.1587 -0.9795 -0.1244
vn 0.1426 -0.9795 -0.1425
vn 0.1423 -0.9795 -0.1423
vn 0.1583 -0.9796 -0.1241
vn 0.1243 -0.9795 -0.1587
vn 0.1043 -0.9795 -0.1725
vn 0.1041 -0.9795 -0.1722
vn 0.1241 -0.9795 -0.1584
vn -0.0600 -0.9795 -0.1925
vn -0.0597 -0.9795 -0.1923
vn -0.0827 -0.9795 -0.1839
vn -0.0826 -0.9796 -0.1835
vn -0.0599 -0.9796 -0.1921
vn -0.0598 -0.9795 -0.1924
vn -0.1838 -0.9795 0.0828
vn -0.1725 -0.9795 0.1043
vn -0.1722 -0.9795 0.1041
vn -0.1835 -0.9796 0.0826
vn -0.1587 -0.9795 0.1244
vn -0.1426 -0.9795 0.1426
vn -0.1423 -0.9795 0.1423
vn -0.1583 -0.9796 0.1241
vn 0.1426 -0.9795 0.1425
vn 0.1587 -0.9795 0.1244
vn 0.1584 -0.9795 0.1241
vn 0.1423 -0.9795 0.1423
vn 0.1725 -0.9795 0.1043
vn 0.1838 -0.9795 0.0828
vn 0.1835 -0.9795 0.0826
vn 0.1722 -0.9796 0.1041
vn 0.0827 -0.9795 -0.1839
vn 0.0600 -0.9795 -0.1925
vn 0.0597 -0.9795 -0.1925
vn 0.0599 -0.9796 -0.1921
vn 0.0825 -0.9796 -0.1834
vn 0.0360 -0.9795 -0.1984
vn 0.0363 -0.9795 -0.1983
vn 0.0365 -0.9795 -0.1980
vn 0.0123 -0.9794 -0.2015
vn 0.0122 -0.9795 -0.2012
vn 0.0122 -0.9795 -0.2008
vn 0.0362 -0.9796 -0.1979
vn 0.0364 -0.9795 -0.1982
vn -0.1043 -0.9795 -0.1725
vn -0.1243 -0.9795 -0.1587
vn -0.1241 -0.9795 -0.1584
vn -0.1041 -0.9796 -0.1721
vn -0.1426 -0.9795 -0.1425
vn -0.1587 -0.9795 -0.1244
vn -0.1584 -0.9795 -0.1241
vn -0.1423 -0.9795 -0.1423
vn -0.1243 -0.9795 0.1587
vn -0.1043 -0.9795 0.1725
vn -0.1041 -0.9795 0.1722
vn -0.1241 -0.9795 0.1584
vn -0.0827 -0.9795 0.1839
vn -0.0600 -0.9795 0.1925
vn -0.0599 -0.9796 0.1921
vn -0.0825 -0.9796 0.1835
vn 0.1925 -0.9795 0.0599
vn 0.1983 -0.9795 0.0364
vn 0.1979 -0.9796 0.0363
vn 0.1921 -0.9796 0.0598
vn 0.2013 -0.9795 0.0121
vn 0.2013 -0.9795 -0.0122
vn 0.2008 -0.9796 -0.0121
vn 0.2008 -0.9796 0.0121
vn 0.0935 -0.9956 0.0057
vn 0.0935 -0.9956 -0.0057
vn 0.1821 -0.9832 -0.0110
vn 0.1820 -0.9832 -0.0113
vn 0.1821 -0.9832 0.0110
vn 0.0895 -0.9956 0.0279
vn 0.0922 -0.9956 0.0169
vn 0.1794 -0.9832 0.0329
vn 0.1742 -0.9832 0.0543
vn -0.0384 -0.9956 0.0854
vn -0.0279 -0.9956 0.0895
vn -0.0543 -0.9832 0.1741
vn -0.0749 -0.9832 0.1664
vn -0.0578 -0.9956 0.0738
vn -0.0485 -0.9956 0.0802
vn -0.0944 -0.9832 0.1561
vn -0.1125 -0.9832 0.1436
vn -0.0663 -0.9956 -0.0662
vn -0.0738 -0.9956 -0.0578
vn -0.1436 -0.9832 -0.1125
vn -0.1290 -0.9832 -0.1290
vn -0.0485 -0.9956 -0.0802
vn -0.0578 -0.9956 -0.0738
vn -0.1125 -0.9832 -0.1436
vn -0.0944 -0.9832 -0.1561
vn 0.0169 -0.9956 -0.0922
vn 0.0057 -0.9956 -0.0935
vn 0.0110 -0.9832 -0.1821
vn 0.0113 -0.9832 -0.1819
vn 0.0328 -0.9832 -0.1794
vn 0.0384 -0.9956 -0.0854
vn 0.0279 -0.9956 -0.0895
vn 0.0543 -0.9832 -0.1741
vn 0.0749 -0.9832 -0.1664
vn 0.0802 -0.9956 0.0485
vn 0.0854 -0.9956 0.0385
vn 0.1663 -0.9832 0.0749
vn 0.1561 -0.9832 0.0943
vn 0.0663 -0.9956 0.0663
vn 0.0738 -0.9956 0.0578
vn 0.1435 -0.9832 0.1125
vn 0.1290 -0.9832 0.1290
vn -0.0738 -0.9956 0.0578
vn -0.0663 -0.9956 0.0662
vn -0.1290 -0.9832 0.1289
vn -0.1436 -0.9832 0.1125
vn -0.0855 -0.9956 0.0385
vn -0.0802 -0.9956 0.0485
vn -0.1561 -0.9832 0.0944
vn -0.1664 -0.9832 0.0749
vn -0.0279 -0.9956 -0.0895
vn -0.0385 -0.9956 -0.0855
vn -0.0748 -0.9832 -0.1663
vn -0.0543 -0.9832 -0.1741
vn 0.0578 -0.9956 -0.0738
vn 0.0485 -0.9956 -0.0802
vn 0.0944 -0.9832 -0.1561
vn 0.1125 -0.9832 -0.1436
vn 0.0737 -0.9956 -0.0578
vn 0.0663 -0.9956 -0.0663
vn 0.1290 -0.9832 -0.1289
vn 0.1435 -0.9832 -0.1125
vn 0.0485 -0.9956 0.0802
vn 0.0578 -0.9956 0.0738
vn 0.1125 -0.9832 0.1436
vn 0.0944 -0.9832 0.1561
vn 0.0279 -0.9956 0.0895
vn 0.0385 -0.9956 0.0855
vn 0.0748 -0.9832 0.1663
vn 0.0543 -0.9832 0.1741
vn -0.0922 -0.9956 0.0169
vn -0.0895 -0.9956 0.0279
vn -0.1742 -0.9832 0.0542
vn -0.1795 -0.9832 0.0329
vn -0.0935 -0.9956 -0.0057
vn -0.0935 -0.9956 0.0057
vn -0.1821 -0.9832 0.0110
vn -0.1821 -0.9832 -0.0110
vn -0.1818 -0.9833 -0.0111
vn -0.0057 -0.9956 -0.0935
vn -0.0169 -0.9956 -0.0922
vn -0.0329 -0.9832 -0.1795
vn -0.0326 -0.9833 -0.1793
vn -0.0110 -0.9832 -0.1821
vn 0.0854 -0.9956 -0.0385
vn 0.0802 -0.9956 -0.0485
vn 0.1561 -0.9832 -0.0944
vn 0.1664 -0.9832 -0.0749
vn 0.1661 -0.9833 -0.0747
vn 0.0922 -0.9956 -0.0169
vn 0.0895 -0.9956 -0.0279
vn 0.1741 -0.9832 -0.0542
vn 0.1740 -0.9832 -0.0546
vn 0.1795 -0.9832 -0.0329
vn 0.1792 -0.9833 -0.0328
vn 0.0057 -0.9956 0.0935
vn 0.0169 -0.9956 0.0922
vn 0.0329 -0.9832 0.1794
vn 0.0110 -0.9832 0.1821
vn -0.0169 -0.9956 0.0922
vn -0.0057 -0.9956 0.0936
vn -0.0110 -0.9832 0.1820
vn -0.0329 -0.9832 0.1794
vn -0.0895 -0.9956 -0.0279
vn -0.0922 -0.9956 -0.0169
vn -0.1794 -0.9832 -0.0329
vn -0.1794 -0.9832 -0.0326
vn -0.1742 -0.9832 -0.0543
vn -0.0802 -0.9956 -0.0485
vn -0.0854 -0.9956 -0.0385
vn -0.1664 -0.9832 -0.0749
vn -0.1561 -0.9832 -0.0943
vn -0.0510 0.9961 -0.0721
vn -0.0256 0.9957 -0.0890
vn -0.0197 0.9985 -0.0520
vn -0.0493 0.9961 0.0732
vn -0.0741 0.9957 0.0555
vn -0.0416 0.9985 0.0368
vn 0.0855 0.9961 -0.0221
vn 0.0923 0.9957 0.0076
vn 0.0556 0.9985 -0.0000
vn -0.0855 0.9961 0.0221
vn -0.0923 0.9957 -0.0076
vn -0.0556 0.9985 -0.0000
vn -0.0322 0.9961 -0.0822
vn -0.0035 0.9957 -0.0925
vn -0.0067 0.9985 -0.0552
vn -0.0654 0.9961 0.0593
vn -0.0852 0.9957 0.0361
vn -0.0492 0.9985 0.0258
vn 0.0883 0.9961 -0.0010
vn 0.0878 0.9957 0.0295
vn 0.0539 0.9985 0.0133
vn -0.0116 0.9961 -0.0875
vn 0.0187 0.9957 -0.0907
vn 0.0067 0.9985 -0.0552
vn -0.0777 0.9961 0.0419
vn -0.0914 0.9957 0.0147
vn -0.0539 0.9985 0.0133
vn 0.0859 0.9961 0.0202
vn 0.0782 0.9957 0.0496
vn 0.0492 0.9985 0.0258
vn 0.0096 0.9961 -0.0877
vn 0.0399 0.9957 -0.0836
vn 0.0197 0.9985 -0.0520
vn -0.0883 0.9961 0.0010
vn -0.0878 0.9957 -0.0295
vn -0.0539 0.9985 -0.0133
vn 0.0786 0.9961 0.0401
vn 0.0640 0.9957 0.0669
vn 0.0416 0.9985 0.0368
vn 0.0304 0.9961 -0.0829
vn 0.0587 0.9957 -0.0716
vn 0.0316 0.9985 -0.0457
vn -0.0859 0.9961 -0.0202
vn -0.0782 0.9957 -0.0496
vn -0.0492 0.9985 -0.0258
vn 0.0667 0.9961 0.0578
vn 0.0461 0.9957 0.0803
vn 0.0316 0.9985 0.0457
vn 0.0117 0.9961 0.0875
vn -0.0187 0.9957 0.0907
vn -0.0067 0.9985 0.0552
vn 0.0493 0.9961 -0.0732
vn 0.0741 0.9957 -0.0555
vn 0.0416 0.9985 -0.0368
vn -0.0786 0.9961 -0.0401
vn -0.0640 0.9957 -0.0669
vn -0.0416 0.9985 -0.0368
vn 0.0510 0.9961 0.0721
vn 0.0256 0.9957 0.0890
vn 0.0197 0.9985 0.0519
vn -0.0096 0.9961 0.0878
vn -0.0399 0.9957 0.0836
vn -0.0197 0.9985 0.0519
vn 0.0654 0.9961 -0.0593
vn 0.0852 0.9957 -0.0361
vn 0.0492 0.9985 -0.0258
vn -0.0667 0.9961 -0.0578
vn -0.0461 0.9957 -0.0803
vn -0.0316 0.9985 -0.0457
vn 0.0322 0.9961 0.0822
vn 0.0036 0.9957 0.0925
vn 0.0067 0.9985 0.0552
vn -0.0303 0.9961 0.0829
vn -0.0587 0.9957 0.0716
vn -0.0316 0.9985 0.0457
vn 0.0777 0.9961 -0.0419
vn 0.0914 0.9957 -0.0147
vn 0.0539 0.9985 -0.0133
vn 0.0578 -0.9936 0.0970
vn 0.0701 -0.9935 0.0895
vn 0.0474 -0.9971 0.0598
vn 0.0350 -0.9972 0.0656
vn -0.1033 -0.9936 0.0457
vn -0.0972 -0.9935 0.0588
vn -0.0651 -0.9971 0.0398
vn -0.0694 -0.9972 0.0268
vn 0.0470 -0.9936 -0.1027
vn 0.0338 -0.9935 -0.1085
vn 0.0223 -0.9971 -0.0730
vn 0.0342 -0.9972 -0.0660
vn -0.0329 -0.9936 -0.1080
vn -0.0466 -0.9935 -0.1036
vn -0.0317 -0.9971 -0.0694
vn -0.0182 -0.9972 -0.0721
vn 0.0794 -0.9936 0.0803
vn 0.0895 -0.9935 0.0701
vn 0.0603 -0.9971 0.0468
vn 0.0496 -0.9972 0.0554
vn 0.1127 -0.9936 0.0075
vn 0.1135 -0.9935 -0.0068
vn 0.0761 -0.9971 -0.0050
vn 0.0739 -0.9972 0.0085
vn -0.0893 -0.9936 0.0691
vn -0.0803 -0.9935 0.0803
vn -0.0537 -0.9971 0.0542
vn -0.0609 -0.9972 0.0426
vn 0.0210 -0.9936 -0.1110
vn 0.0069 -0.9935 -0.1134
vn 0.0042 -0.9971 -0.0762
vn 0.0174 -0.9972 -0.0723
vn -0.0579 -0.9936 -0.0970
vn -0.0701 -0.9935 -0.0895
vn -0.0474 -0.9971 -0.0598
vn -0.0349 -0.9972 -0.0656
vn 0.0963 -0.9936 0.0590
vn 0.1036 -0.9935 0.0466
vn 0.0697 -0.9971 0.0309
vn 0.0614 -0.9972 0.0419
vn -0.0702 -0.9936 0.0885
vn -0.0588 -0.9935 0.0973
vn -0.0391 -0.9971 0.0655
vn -0.0490 -0.9972 0.0559
vn -0.0794 -0.9936 -0.0803
vn -0.0895 -0.9935 -0.0701
vn -0.0603 -0.9971 -0.0467
vn -0.0496 -0.9972 -0.0554
vn 0.1076 -0.9936 0.0343
vn 0.1118 -0.9935 0.0205
vn 0.0751 -0.9971 0.0134
vn 0.0697 -0.9972 0.0260
vn -0.0470 -0.9936 0.1027
vn -0.0338 -0.9935 0.1085
vn -0.0223 -0.9971 0.0730
vn -0.0342 -0.9972 0.0660
vn -0.0963 -0.9936 -0.0590
vn -0.1036 -0.9935 -0.0466
vn -0.0697 -0.9971 -0.0309
vn -0.0614 -0.9972 -0.0419
vn 0.1112 -0.9936 -0.0197
vn 0.1085 -0.9935 -0.0338
vn 0.0727 -0.9971 -0.0231
vn 0.0738 -0.9972 -0.0094
vn -0.0210 -0.9936 0.1110
vn -0.0069 -0.9935 0.1134
vn -0.0042 -0.9971 0.0762
vn -0.0174 -0.9972 0.0723
vn -0.1076 -0.9936 -0.0343
vn -0.1118 -0.9935 -0.0205
vn -0.0751 -0.9971 -0.0134
vn -0.0697 -0.9972 -0.0260
vn 0.1033 -0.9936 -0.0457
vn 0.0973 -0.9935 -0.0588
vn 0.0651 -0.9971 -0.0398
vn 0.0694 -0.9972 -0.0268
vn 0.0061 -0.9936 0.1128
vn 0.0205 -0.9935 0.1118
vn 0.0141 -0.9971 0.0750
vn 0.0004 -0.9972 0.0744
vn -0.1127 -0.9936 -0.0075
vn -0.1135 -0.9935 0.0068
vn -0.0761 -0.9971 0.0050
vn -0.0739 -0.9972 -0.0085
vn 0.0893 -0.9936 -0.0691
vn 0.0803 -0.9935 -0.0803
vn 0.0537 -0.9971 -0.0542
vn 0.0610 -0.9972 -0.0426
vn 0.0329 -0.9936 0.1080
vn 0.0466 -0.9935 0.1036
vn 0.0317 -0.9971 0.0694
vn 0.0182 -0.9972 0.0721
vn -0.1112 -0.9936 0.0197
vn -0.1085 -0.9935 0.0338
vn -0.0727 -0.9971 0.0231
vn -0.0738 -0.9972 0.0094
vn 0.0702 -0.9936 -0.0885
vn 0.0588 -0.9935 -0.0973
vn 0.0391 -0.9971 -0.0655
vn 0.0490 -0.9972 -0.0559
vn -0.0061 -0.9936 -0.1128
vn -0.0205 -0.9935 -0.1118
vn -0.0141 -0.9971 -0.0750
vn -0.0004 -0.9972 -0.0744
vn 0.0344 -0.9991 -0.0251
vn 0.0218 -0.9990 -0.0392
vn 0.0130 -0.9997 -0.0188
vn -0.0012 -0.9991 -0.0426
vn -0.0199 -0.9990 -0.0403
vn -0.0081 -0.9997 -0.0213
vn 0.0113 -0.9991 0.0410
vn 0.0289 -0.9990 0.0343
vn 0.0130 -0.9997 0.0188
vn -0.0421 -0.9991 0.0063
vn -0.0376 -0.9990 0.0246
vn -0.0202 -0.9997 0.0106
vn 0.0273 -0.9991 -0.0326
vn 0.0118 -0.9990 -0.0433
vn 0.0081 -0.9997 -0.0213
vn -0.0113 -0.9991 -0.0410
vn -0.0289 -0.9990 -0.0343
vn -0.0130 -0.9997 -0.0188
vn 0.0208 -0.9991 0.0371
vn 0.0363 -0.9990 0.0264
vn 0.0171 -0.9997 0.0151
vn -0.0394 -0.9991 0.0162
vn -0.0306 -0.9990 0.0329
vn -0.0171 -0.9997 0.0151
vn 0.0187 -0.9991 -0.0382
vn 0.0011 -0.9990 -0.0449
vn 0.0028 -0.9997 -0.0226
vn -0.0208 -0.9991 -0.0371
vn -0.0363 -0.9990 -0.0264
vn -0.0171 -0.9997 -0.0151
vn 0.0291 -0.9991 0.0311
vn 0.0416 -0.9990 0.0169
vn 0.0202 -0.9997 0.0106
vn -0.0344 -0.9991 0.0251
vn -0.0218 -0.9990 0.0392
vn -0.0130 -0.9997 0.0188
vn 0.0357 -0.9991 0.0232
vn 0.0444 -0.9990 0.0065
vn 0.0221 -0.9997 0.0055
vn -0.0273 -0.9991 0.0326
vn -0.0118 -0.9990 0.0433
vn -0.0081 -0.9997 0.0213
vn -0.0291 -0.9991 -0.0311
vn -0.0416 -0.9990 -0.0169
vn -0.0202 -0.9997 -0.0106
vn 0.0424 -0.9991 0.0040
vn 0.0424 -0.9990 -0.0149
vn 0.0221 -0.9997 -0.0055
vn -0.0187 -0.9991 0.0382
vn -0.0011 -0.9990 0.0449
vn -0.0028 -0.9997 0.0226
vn -0.0357 -0.9991 -0.0232
vn -0.0444 -0.9990 -0.0065
vn -0.0221 -0.9997 -0.0055
vn 0.0421 -0.9991 -0.0063
vn 0.0376 -0.9990 -0.0246
vn 0.0202 -0.9997 -0.0106
vn 0.0402 -0.9991 0.0140
vn 0.0447 -0.9990 -0.0043
vn 0.0228 -0.9997 -0.0000
vn -0.0090 -0.9991 0.0416
vn 0.0097 -0.9990 0.0439
vn 0.0028 -0.9997 0.0226
vn -0.0402 -0.9991 -0.0140
vn -0.0447 -0.9990 0.0043
vn -0.0228 -0.9997 -0.0000
vn 0.0394 -0.9991 -0.0162
vn 0.0306 -0.9990 -0.0329
vn 0.0171 -0.9997 -0.0151
vn 0.0090 -0.9991 -0.0416
vn -0.0097 -0.9990 -0.0439
vn -0.0028 -0.9997 -0.0226
vn 0.0012 -0.9991 0.0426
vn 0.0199 -0.9990 0.0403
vn 0.0081 -0.9997 0.0213
vn -0.0424 -0.9991 -0.0040
vn -0.0424 -0.9990 0.0149
vn -0.0221 -0.9997 0.0055
vn 0.0762 -0.6648 0.7431
vn 0.0988 -0.1795 0.9788
vn 0.2740 -0.1666 0.9472
vn 0.2736 -0.1666 0.9473
vn 0.2074 -0.6533 0.7282
vn 0.3088 -0.6360 0.7072
vn 0.3085 -0.6361 0.7073
vn 0.4121 -0.1447 0.8996
vn 0.4122 -0.1451 0.8995
vn 0.5056 -0.1290 0.8531
vn 0.5054 -0.1293 0.8532
vn 0.3741 -0.6226 0.6874
vn 0.3743 -0.6227 0.6871
vn 0.4052 -0.6180 0.6737
vn 0.5631 -0.1246 0.8169
vn 0.5974 -0.1299 0.7913
vn 0.4048 -0.6213 0.6709
vn 0.3843 -0.6315 0.6734
vn 0.6191 -0.1419 0.7724
vn 0.6657 -0.1619 0.7284
vn 0.3909 -0.6525 0.6491
vn 0.4381 -0.6854 0.5816
vn 0.7464 -0.1918 0.6372
vn 0.8401 -0.2259 0.4931
vn 0.5191 -0.7208 0.4594
vn 0.5945 -0.7414 0.3112
vn 0.5943 -0.7415 0.3115
vn 0.9071 -0.2554 0.3346
vn 0.9388 -0.2735 0.2094
vn 0.9387 -0.2739 0.2094
vn 0.6362 -0.7470 0.1929
vn 0.6362 -0.7471 0.1925
vn 0.6569 -0.7497 0.0805
vn 0.9543 -0.2861 0.0869
vn 0.9553 -0.2883 -0.0652
vn 0.6587 -0.7504 -0.0555
vn 0.6366 -0.7404 -0.2157
vn 0.9319 -0.2684 -0.2439
vn 0.8721 -0.1602 -0.4623
vn 0.5891 -0.6800 -0.4365
vn 0.5007 -0.5900 -0.6334
vn 0.7703 -0.0437 -0.6362
vn 0.7233 0.0381 -0.6895
vn 0.4768 -0.5342 -0.6980
vn 0.5262 -0.5069 -0.6827
vn 0.7281 0.0967 -0.6786
vn 0.7438 0.1350 -0.6546
vn 0.6011 -0.4809 -0.6382
vn 0.6983 -0.4465 -0.5595
vn 0.7671 0.1432 -0.6254
vn 0.7873 0.1111 -0.6065
vn 0.7741 -0.4211 -0.4727
vn 0.7993 -0.4373 -0.4122
vn 0.7931 0.0289 -0.6084
vn 0.7257 -0.1333 -0.6750
vn 0.7213 -0.5478 -0.4239
vn 0.4979 -0.7180 -0.4863
vn 0.5038 -0.3425 -0.7930
vn 0.1816 -0.4628 -0.8676
vn 0.1819 -0.4629 -0.8675
vn 0.1851 -0.8254 -0.5333
vn -0.1851 -0.8254 -0.5333
vn -0.1817 -0.4629 -0.8676
vn -0.1818 -0.4631 -0.8675
vn -0.5037 -0.3423 -0.7932
vn -0.4979 -0.7180 -0.4863
vn -0.7213 -0.5478 -0.4239
vn -0.7257 -0.1333 -0.6750
vn -0.7931 0.0289 -0.6084
vn -0.7993 -0.4373 -0.4122
vn -0.7741 -0.4211 -0.4727
vn -0.7739 -0.4213 -0.4729
vn -0.7873 0.1110 -0.6065
vn -0.7671 0.1435 -0.6253
vn -0.7671 0.1432 -0.6254
vn -0.6983 -0.4465 -0.5595
vn -0.6984 -0.4466 -0.5592
vn -0.6011 -0.4809 -0.6382
vn -0.7439 0.1350 -0.6546
vn -0.7281 0.0967 -0.6786
vn -0.5262 -0.5069 -0.6828
vn -0.4768 -0.5344 -0.6979
vn -0.7233 0.0381 -0.6895
vn -0.7703 -0.0437 -0.6362
vn -0.5007 -0.5900 -0.6334
vn -0.5891 -0.6800 -0.4365
vn -0.5888 -0.6801 -0.4368
vn -0.8721 -0.1602 -0.4623
vn -0.9319 -0.2684 -0.2439
vn -0.6367 -0.7405 -0.2153
vn -0.6366 -0.7404 -0.2157
vn -0.6585 -0.7505 -0.0556
vn -0.9554 -0.2881 -0.0652
vn -0.9553 -0.2882 -0.0655
vn -0.9542 -0.2861 0.0872
vn -0.9543 -0.2861 0.0869
vn -0.6569 -0.7497 0.0806
vn -0.6362 -0.7470 0.1929
vn -0.9387 -0.2739 0.2094
vn -0.9071 -0.2554 0.3346
vn -0.5945 -0.7414 0.3112
vn -0.5191 -0.7208 0.4594
vn -0.8402 -0.2259 0.4931
vn -0.7464 -0.1918 0.6372
vn -0.4381 -0.6854 0.5816
vn -0.3909 -0.6525 0.6491
vn -0.6657 -0.1619 0.7284
vn -0.6191 -0.1419 0.7724
vn -0.3843 -0.6315 0.6734
vn -0.4048 -0.6213 0.6709
vn -0.5974 -0.1299 0.7913
vn -0.5631 -0.1246 0.8169
vn -0.4052 -0.6180 0.6737
vn -0.3741 -0.6226 0.6874
vn -0.5054 -0.1293 0.8532
vn -0.4121 -0.1447 0.8996
vn -0.3088 -0.6360 0.7072
vn -0.2074 -0.6533 0.7282
vn -0.2078 -0.6534 0.7279
vn -0.2740 -0.1666 0.9472
vn -0.2741 -0.1662 0.9472
vn -0.0988 -0.1795 0.9788
vn -0.0758 -0.6649 0.7430
vn -0.0762 -0.6648 0.7431
vn -0.1222 -0.7350 0.6670
vn -0.0475 -0.6182 0.7846
vn -0.3307 0.5933 0.7339
vn -0.3452 0.5412 0.7668
vn -0.2506 0.5432 0.8013
vn -0.2409 0.5954 0.7665
vn -0.6374 0.5868 0.4995
vn -0.9789 0.0979 0.1793
vn -0.9501 0.0979 0.2961
vn -0.9351 0.2014 0.2916
vn -0.8932 0.2014 0.4020
vn -0.9075 0.0979 0.4085
vn -0.8517 0.0979 0.5147
vn -0.8384 0.2014 0.5065
vn -0.9351 0.2014 -0.2915
vn -0.9502 0.0979 -0.2960
vn -0.9789 0.0979 -0.1793
vn -0.7989 0.5833 0.1464
vn -0.7752 0.5838 -0.2415
vn -0.8082 0.5323 -0.2519
vn -0.7989 0.5833 -0.1464
vn -0.8110 0.5830 -0.0490
vn -0.8455 0.5315 -0.0512
vn -0.8455 0.5315 0.0512
vn -0.8110 0.5830 0.0490
vn -0.6938 0.5855 -0.4194
vn -0.7398 0.5846 -0.3331
vn -0.5069 0.2015 -0.8382
vn -0.6137 0.0979 -0.7835
vn -0.6040 0.2015 -0.7711
vn -0.0497 0.5999 -0.7986
vn -0.0511 0.5474 -0.8353
vn -0.1522 0.5455 -0.8242
vn -0.1475 0.5978 -0.7880
vn 0.4020 0.2014 -0.8932
vn 0.4082 0.0980 -0.9076
vn 0.2963 0.0980 -0.9500
vn 0.2915 0.2014 -0.9351
vn 0.1764 0.2014 -0.9635
vn 0.1765 0.2017 -0.9634
vn 0.1793 0.0979 -0.9789
vn 0.0601 0.0979 -0.9934
vn 0.0592 0.2017 -0.9776
vn 0.7709 0.2015 -0.6043
vn 0.7833 0.0979 -0.6139
vn 0.6927 0.2015 -0.6925
vn 0.3307 0.5934 -0.7338
vn 0.3452 0.5412 -0.7668
vn 0.2507 0.5432 -0.8013
vn 0.2411 0.5954 -0.7664
vn 0.6374 0.5868 -0.4995
vn 0.6650 0.5351 -0.5210
vn 0.5968 0.5363 -0.5968
vn 0.4980 0.5898 -0.6358
vn 0.5199 0.5379 -0.6636
vn 0.4356 0.5394 -0.7206
vn 0.7398 0.5846 -0.3331
vn 0.6938 0.5855 -0.4194
vn 0.9777 0.2014 0.0590
vn 0.9934 0.0979 0.0601
vn 0.9934 0.0979 -0.0601
vn 0.9777 0.2014 -0.0590
vn 0.6938 0.5856 0.4193
vn 0.7237 0.5339 0.4373
vn 0.7715 0.5330 0.3474
vn 0.5069 0.2014 0.8382
vn 0.5147 0.0979 0.8517
vn 0.6137 0.0979 0.7835
vn 0.6040 0.2014 0.7711
vn 0.6927 0.2015 0.6925
vn 0.7833 0.0979 0.6139
vn 0.7709 0.2015 0.6043
vn 0.2915 0.2015 0.9351
vn 0.4085 0.0979 0.9075
vn 0.4018 0.2015 0.8933
vn 0.5198 0.5379 0.6637
vn 0.4980 0.5898 0.6358
vn 0.2409 0.5954 0.7665
vn 0.2506 0.5432 0.8013
vn 0.3452 0.5412 0.7668
vn 0.3307 0.5933 0.7339
vn -0.1475 0.5979 0.7879
vn -0.1522 0.5455 0.8242
vn -0.0511 0.5474 0.8353
vn -0.0498 0.5999 0.7985
vn 0.5802 -0.7351 0.3507
vn 0.6727 -0.6181 0.4066
vn 0.6183 -0.7350 0.2783
vn 0.6474 -0.7350 0.2016
vn 0.6669 -0.7350 0.1223
vn 0.6768 -0.7350 0.0409
vn 0.6768 -0.7350 -0.0409
vn 0.6669 -0.7350 -0.1223
vn 0.6183 -0.7350 -0.2783
vn 0.7168 -0.6182 -0.3227
vn 0.5336 -0.7351 -0.4182
vn 0.6188 -0.6181 -0.4848
vn 0.4181 -0.7350 -0.5338
vn 0.4847 -0.6182 -0.6188
vn 0.3508 -0.7350 -0.5803
vn 0.3226 -0.6181 -0.7169
vn 0.2340 -0.6182 -0.7504
vn 0.2018 -0.7351 -0.6473
vn 0.1221 -0.7351 -0.6669
vn 0.0409 -0.7349 -0.6769
vn -0.0409 -0.7349 -0.6769
vn -0.1221 -0.7351 -0.6669
vn -0.2018 -0.7351 -0.6473
vn -0.2340 -0.6182 -0.7504
vn -0.3226 -0.6181 -0.7169
vn -0.3508 -0.7350 -0.5803
vn -0.4847 -0.6182 -0.6188
vn -0.4181 -0.7350 -0.5338
vn -0.6188 -0.6181 -0.4848
vn -0.5336 -0.7351 -0.4182
vn -0.7168 -0.6182 -0.3227
vn -0.6183 -0.7350 -0.2783
vn -0.6669 -0.7350 -0.1223
vn -0.6768 -0.7350 -0.0409
vn -0.6768 -0.7350 0.0409
vn -0.6669 -0.7350 0.1223
vn -0.6474 -0.7350 0.2016
vn -0.6183 -0.7350 0.2783
vn -0.6727 -0.6181 0.4066
vn -0.5802 -0.7351 0.3507
vn -0.6187 -0.6181 0.4848
vn -0.4794 -0.7351 0.4794
vn -0.4180 -0.7351 0.5337
vn -0.4067 -0.6182 0.6726
vn -0.3508 -0.7350 0.5803
vn -0.2783 -0.7350 0.6183
vn -0.3225 -0.6182 0.7168
vn -0.2339 -0.6182 0.7504
vn -0.2017 -0.7350 0.6474
vn 0.1480 -0.9889 -0.0090
vn 0.1479 -0.9890 0.0089
vn 0.2017 -0.7350 0.6474
vn 0.2339 -0.6182 0.7504
vn 0.3225 -0.6182 0.7168
vn 0.2783 -0.7350 0.6183
vn 0.2887 -0.2415 0.9264
vn 0.2929 -0.1769 0.9396
vn -0.1774 -0.1769 0.9681
vn -0.0595 -0.1769 0.9824
vn -0.2929 -0.1769 0.9396
vn -0.2887 -0.2415 0.9264
vn -0.5984 -0.2416 0.7639
vn -0.6069 -0.1769 0.7748
vn -0.7638 -0.2415 0.5985
vn -0.6862 -0.2416 0.6861
vn -0.8849 -0.2416 0.3983
vn -0.8975 -0.1769 0.4041
vn -0.8424 -0.1769 0.5091
vn -0.9265 -0.2416 0.2886
vn -0.9824 -0.1769 -0.0593
vn -0.9824 -0.1769 0.0593
vn -0.9265 -0.2416 -0.2886
vn -0.9397 -0.1768 -0.2927
vn -0.8305 -0.2415 -0.5020
vn -0.8423 -0.1769 -0.5091
vn -0.7747 -0.1769 -0.6071
vn -0.7639 -0.2415 -0.5985
vn -0.5093 -0.1769 -0.8422
vn -0.6069 -0.1769 -0.7749
vn -0.2887 -0.2415 -0.9264
vn -0.2929 -0.1769 -0.9396
vn -0.4039 -0.1769 -0.8975
vn -0.3983 -0.2415 -0.8849
vn -0.0595 -0.1769 -0.9824
vn -0.1773 -0.1769 -0.9681
vn 0.1773 -0.1769 -0.9681
vn 0.0595 -0.1769 -0.9824
vn 0.4039 -0.1769 -0.8975
vn 0.6069 -0.1769 -0.7749
vn 0.5093 -0.1769 -0.8422
vn 0.7639 -0.2415 -0.5985
vn 0.7747 -0.1769 -0.6071
vn 0.8423 -0.1769 -0.5091
vn 0.8305 -0.2415 -0.5020
vn 0.9397 -0.1768 -0.2927
vn 0.9265 -0.2416 -0.2886
vn 0.9824 -0.1769 0.0593
vn 0.9824 -0.1769 -0.0593
vn 0.9265 -0.2416 0.2886
vn 0.8424 -0.1769 0.5091
vn 0.8975 -0.1769 0.4041
vn 0.8849 -0.2416 0.3983
vn 0.6862 -0.2416 0.6861
vn 0.7638 -0.2415 0.5985
vn 0.6069 -0.1769 0.7748
vn 0.5984 -0.2416 0.7639
vn 0.0595 -0.1769 0.9824
vn 0.1774 -0.1769 0.9681
vn 0.3508 -0.7350 0.5803
vn 0.4067 -0.6182 0.6726
vn 0.4180 -0.7351 0.5337
vn -0.1921 -0.0960 0.9767
vn -0.2012 -0.1865 0.9616
vn -0.0689 -0.1888 0.9796
vn -0.0651 -0.0968 0.9932
vn -0.4294 -0.0912 0.8985
vn -0.4427 -0.1837 0.8776
vn -0.3273 -0.1872 0.9262
vn -0.3151 -0.0940 0.9444
vn -0.6295 -0.0848 0.7724
vn -0.6327 -0.1751 0.7543
vn -0.5439 -0.1791 0.8198
vn -0.5348 -0.0879 0.8404
vn -0.7893 -0.0805 0.6087
vn -0.7814 -0.1717 0.5999
vn -0.7113 -0.1725 0.6814
vn -0.7143 -0.0822 0.6950
vn -0.8960 -0.1746 0.4083
vn -0.8431 -0.1726 0.5093
vn -0.8545 -0.0797 0.5133
vn -0.9804 -0.0799 0.1798
vn -0.9669 -0.1793 0.1814
vn -0.9381 -0.1771 0.2976
vn -0.9517 -0.0797 0.2966
vn -0.9950 -0.0800 -0.0603
vn -0.9816 -0.1812 -0.0606
vn -0.9816 -0.1810 0.0608
vn -0.9950 -0.0799 0.0603
vn -0.9516 -0.0798 -0.2967
vn -0.9378 -0.1784 -0.2979
vn -0.9668 -0.1802 -0.1809
vn -0.9804 -0.0799 -0.1799
vn -0.8534 -0.0796 -0.5152
vn -0.8417 -0.1743 -0.5110
vn -0.8950 -0.1760 -0.4100
vn -0.9087 -0.0797 -0.4097
vn -0.7076 -0.0804 -0.7020
vn -0.7118 -0.1796 -0.6790
vn -0.7813 -0.1754 -0.5990
vn -0.7860 -0.0799 -0.6130
vn -0.5209 -0.0813 -0.8498
vn -0.5467 -0.1870 -0.8162
vn -0.6319 -0.1865 -0.7523
vn -0.6183 -0.0813 -0.7818
vn -0.3024 -0.0836 -0.9495
vn -0.3395 -0.2093 -0.9170
vn -0.4535 -0.1969 -0.8692
vn -0.4155 -0.0824 -0.9059
vn -0.0616 -0.0853 -0.9944
vn -0.0695 -0.2270 -0.9714
vn -0.2068 -0.2203 -0.9532
vn -0.1833 -0.0847 -0.9794
vn 0.1833 -0.0847 -0.9794
vn 0.2068 -0.2203 -0.9532
vn 0.0695 -0.2270 -0.9714
vn 0.0616 -0.0853 -0.9944
vn 0.4155 -0.0824 -0.9059
vn 0.4535 -0.1969 -0.8692
vn 0.3395 -0.2093 -0.9170
vn 0.3024 -0.0836 -0.9495
vn 0.6183 -0.0813 -0.7818
vn 0.6319 -0.1865 -0.7523
vn 0.5467 -0.1870 -0.8162
vn 0.5209 -0.0813 -0.8498
vn 0.7860 -0.0799 -0.6130
vn 0.7813 -0.1754 -0.5990
vn 0.7118 -0.1796 -0.6790
vn 0.7076 -0.0804 -0.7020
vn 0.9087 -0.0797 -0.4097
vn 0.8950 -0.1760 -0.4100
vn 0.8417 -0.1743 -0.5110
vn 0.8534 -0.0796 -0.5152
vn 0.9804 -0.0799 -0.1799
vn 0.9668 -0.1802 -0.1809
vn 0.9378 -0.1784 -0.2979
vn 0.9516 -0.0798 -0.2967
vn 0.9950 -0.0799 0.0603
vn 0.9816 -0.1810 0.0608
vn 0.9816 -0.1812 -0.0606
vn 0.9950 -0.0800 -0.0603
vn 0.9517 -0.0797 0.2966
vn 0.9381 -0.1771 0.2976
vn 0.9669 -0.1793 0.1814
vn 0.9804 -0.0799 0.1798
vn 0.8545 -0.0797 0.5133
vn 0.8431 -0.1726 0.5093
vn 0.8960 -0.1746 0.4083
vn 0.7143 -0.0822 0.6950
vn 0.7113 -0.1725 0.6814
vn 0.7814 -0.1717 0.5999
vn 0.7893 -0.0805 0.6087
vn 0.5348 -0.0879 0.8404
vn 0.5439 -0.1791 0.8198
vn 0.6327 -0.1751 0.7543
vn 0.6295 -0.0848 0.7724
vn 0.3151 -0.0940 0.9444
vn 0.3273 -0.1872 0.9262
vn 0.4427 -0.1837 0.8776
vn 0.4294 -0.0912 0.8985
vn 0.0651 -0.0968 0.9932
vn 0.0689 -0.1888 0.9796
vn 0.2012 -0.1865 0.9616
vn 0.1921 -0.0960 0.9767
vn 0.4794 -0.7351 0.4794
vn 0.6187 -0.6181 0.4848
vn -0.1457 0.6263 0.7659
vn -0.1448 0.6287 0.7641
vn -0.0491 0.6297 0.7752
vn -0.0496 0.6258 0.7784
vn -0.3204 0.6268 0.7103
vn -0.3205 0.6262 0.7108
vn -0.2347 0.6273 0.7426
vn -0.2353 0.6263 0.7432
vn -0.4802 0.6275 0.6129
vn -0.4818 0.6241 0.6151
vn -0.4039 0.6251 0.6679
vn -0.6125 0.6280 0.4800
vn -0.5530 0.6233 0.5529
vn -0.7094 0.6284 0.3193
vn -0.7145 0.6213 0.3217
vn -0.6702 0.6219 0.4050
vn -0.6658 0.6283 0.4025
vn -0.7650 0.6286 0.1402
vn -0.7712 0.6206 0.1414
vn -0.7484 0.6209 0.2331
vn -0.7426 0.6286 0.2313
vn -0.7762 0.6287 -0.0468
vn -0.7828 0.6205 -0.0473
vn -0.7828 0.6205 0.0473
vn -0.7762 0.6287 0.0468
vn -0.7425 0.6286 -0.2314
vn -0.7484 0.6210 -0.2331
vn -0.7712 0.6206 -0.1414
vn -0.7650 0.6286 -0.1402
vn -0.6658 0.6283 -0.4025
vn -0.6702 0.6219 -0.4050
vn -0.7145 0.6213 -0.3217
vn -0.7094 0.6284 -0.3193
vn -0.5505 0.6278 -0.5504
vn -0.4031 0.6272 -0.6665
vn -0.4818 0.6242 -0.6150
vn -0.2354 0.6263 -0.7432
vn -0.2347 0.6273 -0.7426
vn -0.3205 0.6262 -0.7108
vn -0.0496 0.6257 -0.7785
vn -0.0491 0.6298 -0.7752
vn -0.1448 0.6287 -0.7640
vn -0.1457 0.6262 -0.7659
vn 0.1457 0.6262 -0.7659
vn 0.1448 0.6287 -0.7640
vn 0.0491 0.6298 -0.7752
vn 0.0496 0.6257 -0.7785
vn 0.3205 0.6262 -0.7108
vn 0.2347 0.6273 -0.7426
vn 0.2354 0.6263 -0.7432
vn 0.4818 0.6242 -0.6150
vn 0.4031 0.6272 -0.6665
vn 0.5505 0.6278 -0.5504
vn 0.7094 0.6284 -0.3193
vn 0.7145 0.6213 -0.3217
vn 0.6702 0.6219 -0.4050
vn 0.6658 0.6283 -0.4025
vn 0.7650 0.6286 -0.1402
vn 0.7712 0.6206 -0.1414
vn 0.7484 0.6210 -0.2331
vn 0.7425 0.6286 -0.2314
vn 0.7762 0.6287 0.0468
vn 0.7828 0.6205 0.0473
vn 0.7828 0.6205 -0.0473
vn 0.7762 0.6287 -0.0468
vn 0.7426 0.6286 0.2313
vn 0.7484 0.6209 0.2331
vn 0.7712 0.6206 0.1414
vn 0.7650 0.6286 0.1402
vn 0.6658 0.6283 0.4025
vn 0.6702 0.6219 0.4050
vn 0.7145 0.6213 0.3217
vn 0.7094 0.6284 0.3193
vn 0.5530 0.6233 0.5529
vn 0.6125 0.6280 0.4800
vn 0.4039 0.6251 0.6679
vn 0.4818 0.6241 0.6151
vn 0.4802 0.6275 0.6129
vn -0.1800 -0.0477 0.9825
vn -0.0600 -0.1137 0.9917
vn 0.1799 -0.0477 0.9825
vn 0.0601 -0.1137 0.9917
vn -0.2973 -0.0477 0.9536
vn -0.2956 -0.1137 0.9485
vn 0.0605 0.0347 0.9976
vn 0.0620 -0.0150 0.9980
vn 0.1846 -0.0147 0.9827
vn 0.1807 0.0347 0.9829
vn -0.5140 -0.1138 0.8502
vn -0.6126 -0.1138 0.7821
vn -0.2934 0.1682 0.9411
vn -0.7863 -0.0477 0.6161
vn -0.7063 -0.0477 0.7063
vn -0.7820 -0.1137 0.6128
vn -0.5924 0.2776 0.7563
vn -0.4970 0.2776 0.8221
vn -0.5100 0.1682 0.8436
vn -0.6079 0.1681 0.7760
vn -0.8549 -0.0478 0.5167
vn -0.8503 -0.1136 0.5140
vn -0.9059 -0.1138 0.4079
vn -0.7562 0.2776 0.5926
vn -0.6793 0.2776 0.6793
vn -0.6971 0.1682 0.6970
vn -0.7760 0.1681 0.6080
vn -0.9825 -0.0477 0.1801
vn -0.9485 -0.1137 0.2955
vn -0.9772 -0.1137 0.1792
vn -0.8436 0.1681 0.5099
vn -0.8989 0.1682 0.4047
vn -0.9970 -0.0477 -0.0603
vn -0.9970 -0.0478 0.0602
vn -0.9917 -0.1136 0.0600
vn -0.9917 -0.1137 -0.0599
vn -0.9449 0.2776 0.1732
vn -0.9696 0.1682 0.1777
vn -0.9536 -0.0477 -0.2971
vn -0.9825 -0.0478 -0.1801
vn -0.9772 -0.1137 -0.1791
vn -0.9486 -0.1137 -0.2955
vn -0.9840 0.1682 0.0595
vn -0.9840 0.1682 -0.0594
vn -0.9108 -0.0478 -0.4100
vn -0.9060 -0.1137 -0.4078
vn -0.8503 -0.1137 -0.5139
vn -0.7063 -0.0477 -0.7063
vn -0.7862 -0.0477 -0.6161
vn -0.7821 -0.1137 -0.6128
vn -0.7026 -0.1137 -0.7024
vn -0.8436 0.1682 -0.5099
vn -0.6127 -0.1137 -0.7821
vn -0.5141 -0.1137 -0.8502
vn -0.6794 0.2776 -0.6792
vn -0.7562 0.2776 -0.5925
vn -0.6971 0.1682 -0.6970
vn -0.2972 -0.0478 -0.9536
vn -0.4099 -0.0477 -0.9109
vn -0.2957 -0.1137 -0.9485
vn -0.5101 0.1681 -0.8435
vn -0.0604 -0.0478 -0.9970
vn -0.1800 -0.0477 -0.9825
vn -0.1790 -0.1136 -0.9773
vn -0.0601 -0.1137 -0.9917
vn 0.1800 -0.0478 -0.9825
vn 0.0604 -0.0477 -0.9970
vn 0.0601 -0.1138 -0.9917
vn 0.1790 -0.1137 -0.9773
vn -0.0596 0.1682 -0.9839
vn 0.4099 -0.0478 -0.9109
vn 0.2972 -0.0477 -0.9536
vn 0.2956 -0.1136 -0.9485
vn 0.0596 0.1682 -0.9840
vn 0.5140 -0.1137 -0.8502
vn 0.6126 -0.1138 -0.7822
vn 0.7863 -0.0477 -0.6161
vn 0.7064 -0.0477 -0.7062
vn 0.7026 -0.1137 -0.7025
vn 0.7820 -0.1137 -0.6128
vn 0.6079 0.1682 -0.7760
vn 0.9108 -0.0477 -0.4100
vn 0.8503 -0.1137 -0.5140
vn 0.9059 -0.1137 -0.4078
vn 0.7562 0.2776 -0.5926
vn 0.6794 0.2776 -0.6793
vn 0.6970 0.1681 -0.6970
vn 0.7760 0.1682 -0.6080
vn 0.9825 -0.0477 -0.1801
vn 0.9537 -0.0478 -0.2971
vn 0.9485 -0.1137 -0.2955
vn 0.9772 -0.1137 -0.1792
vn 0.9970 -0.0477 0.0603
vn 0.9970 -0.0478 -0.0602
vn 0.9917 -0.1137 -0.0600
vn 0.9917 -0.1137 0.0599
vn 0.9825 -0.0478 0.1801
vn 0.9772 -0.1136 0.1791
vn 0.9486 -0.1137 0.2955
vn 0.9840 0.1682 -0.0595
vn 0.9840 0.1682 0.0594
vn 0.8548 -0.0477 0.5167
vn 0.9060 -0.1137 0.4078
vn 0.8503 -0.1137 0.5139
vn 0.9450 0.2776 0.1732
vn 0.9696 0.1682 0.1778
vn 0.7064 -0.0477 0.7062
vn 0.7862 -0.0478 0.6161
vn 0.7821 -0.1136 0.6128
vn 0.8989 0.1682 0.4046
vn 0.6127 -0.1137 0.7821
vn 0.5140 -0.1137 0.8502
vn 0.7562 0.2776 0.5925
vn 0.7759 0.1682 0.6080
vn 0.2972 -0.0477 0.9536
vn 0.2957 -0.1138 0.9485
vn 0.4971 0.2776 0.8221
vn 0.5100 0.1681 0.8436
vn -0.1731 0.2777 0.9450
vn -0.0580 0.2776 0.9590
vn -0.0596 0.1682 0.9839
vn -0.1777 0.1682 0.9696
vn 0.2933 0.1682 0.9411
vn 0.0559 0.3854 0.9210
vn 0.0539 0.4664 0.8829
vn 0.1602 0.4671 0.8696
vn 0.1663 0.3856 0.9076
vn 0.0496 0.6258 0.7784
vn 0.0491 0.6297 0.7752
vn 0.1448 0.6287 0.7641
vn 0.1457 0.6263 0.7659
vn -0.1767 0.2014 0.9634
vn -0.1793 0.0980 0.9789
vn -0.0604 0.0980 0.9934
vn -0.0590 0.2014 0.9777
vn -0.4980 0.5898 0.6358
vn -0.5198 0.5379 0.6637
vn 0.8384 0.2014 0.5065
vn 0.8517 0.0979 0.5147
vn 0.9075 0.0979 0.4085
vn 0.8932 0.2014 0.4020
vn 0.6374 0.5868 0.4995
vn 0.9351 0.2014 0.2916
vn 0.9501 0.0979 0.2961
vn 0.9789 0.0979 0.1793
vn 0.9635 0.2014 0.1767
vn 0.9789 0.0979 -0.1793
vn 0.9790 0.0977 -0.1790
vn 0.9502 0.0979 -0.2960
vn 0.9501 0.0977 -0.2962
vn 0.9351 0.2014 -0.2915
vn 0.8110 0.5830 0.0490
vn 0.8455 0.5315 0.0512
vn 0.8455 0.5315 -0.0512
vn 0.8110 0.5830 -0.0490
vn 0.7989 0.5833 0.1464
vn 0.7989 0.5833 -0.1464
vn 0.8082 0.5323 -0.2519
vn 0.7752 0.5838 -0.2415
vn 0.6137 0.0979 -0.7835
vn 0.5069 0.2014 -0.8382
vn 0.9075 0.0979 -0.4085
vn 0.8517 0.0979 -0.5149
vn 0.8384 0.2015 -0.5065
vn -0.0601 0.0979 -0.9934
vn -0.1793 0.0979 -0.9789
vn -0.1764 0.2014 -0.9635
vn 0.1475 0.5978 -0.7880
vn 0.1522 0.5455 -0.8242
vn 0.0511 0.5474 -0.8353
vn 0.0497 0.5999 -0.7986
vn -0.2915 0.2014 -0.9351
vn -0.2963 0.0980 -0.9500
vn -0.4082 0.0980 -0.9076
vn -0.4020 0.2014 -0.8932
vn -0.6927 0.2015 -0.6925
vn -0.7833 0.0979 -0.6139
vn -0.7709 0.2015 -0.6043
vn -0.4356 0.5394 -0.7206
vn -0.5199 0.5379 -0.6636
vn -0.4980 0.5898 -0.6358
vn -0.2411 0.5954 -0.7664
vn -0.2507 0.5432 -0.8013
vn -0.3452 0.5412 -0.7668
vn -0.3307 0.5934 -0.7338
vn -0.5968 0.5363 -0.5968
vn -0.6650 0.5351 -0.5210
vn -0.6374 0.5868 -0.4995
vn -0.9777 0.2014 -0.0590
vn -0.9934 0.0979 -0.0601
vn -0.9934 0.0980 0.0601
vn -0.9777 0.2014 0.0590
vn -0.8384 0.2015 -0.5065
vn -0.8517 0.0979 -0.5147
vn -0.7709 0.2015 0.6043
vn -0.7833 0.0979 0.6139
vn -0.6928 0.2015 0.6925
vn -0.7715 0.5330 0.3474
vn -0.7237 0.5339 0.4373
vn -0.6938 0.5856 0.4193
vn -0.6040 0.2014 0.7711
vn -0.6137 0.0979 0.7835
vn -0.5147 0.0979 0.8517
vn -0.4018 0.2015 0.8933
vn -0.4085 0.0979 0.9075
vn 0.0498 0.5999 0.7985
vn 0.0511 0.5474 0.8353
vn 0.1522 0.5455 0.8242
vn 0.1475 0.5979 0.7879
vn 0.0501 0.5885 0.8069
vn 0.1480 0.5907 0.7932
vn 0.1531 0.5347 0.8310
vn 0.0516 0.5324 0.8449
vn 0.2746 0.3857 0.8808
vn 0.2634 0.4685 0.8433
vn 0.3624 0.4698 0.8050
vn 0.3786 0.3859 0.8413
vn 0.2412 0.5931 0.7681
vn 0.3301 0.5950 0.7328
vn 0.3456 0.5396 0.7677
vn 0.2515 0.5374 0.8050
vn 0.4564 0.4707 0.7550
vn 0.5439 0.4715 0.6942
vn 0.4151 0.5969 0.6866
vn 0.4940 0.5985 0.6306
vn 0.5177 0.5435 0.6608
vn 0.4349 0.5416 0.7194
vn 0.6523 0.3863 0.6522
vn 0.6234 0.4723 0.6232
vn 0.6935 0.4730 0.5435
vn 0.6288 0.6015 0.4928
vn 0.5929 0.5451 0.5927
vn 0.7893 0.3865 0.4771
vn 0.8029 0.4740 0.3614
vn 0.8410 0.3866 0.3785
vn 0.6830 0.6026 0.4127
vn 0.7270 0.6035 0.3274
vn 0.7622 0.5489 0.3431
vn 0.7159 0.5479 0.4327
vn 0.8805 0.3867 0.2743
vn 0.8658 0.4746 0.1588
vn 0.7607 0.6043 0.2370
vn 0.7834 0.6047 0.1436
vn 0.8213 0.5502 0.1506
vn 0.7976 0.5496 0.2485
vn 0.7948 0.6050 0.0480
vn 0.7948 0.6049 -0.0480
vn 0.8658 0.4746 -0.1587
vn 0.8805 0.3867 -0.2743
vn 0.7607 0.6042 -0.2370
vn 0.7976 0.5496 -0.2485
vn 0.8214 0.5502 -0.1505
vn 0.8410 0.3866 -0.3785
vn 0.8030 0.4740 -0.3614
vn 0.7271 0.6035 -0.3273
vn 0.7160 0.5479 -0.4327
vn 0.7622 0.5489 -0.3432
vn 0.6234 0.4722 -0.6232
vn 0.6522 0.3864 -0.6522
vn 0.6289 0.6014 -0.4928
vn 0.5656 0.6001 -0.5656
vn 0.5928 0.5452 -0.5927
vn 0.5688 0.3862 -0.7261
vn 0.4940 0.5986 -0.6307
vn 0.4350 0.5416 -0.7193
vn 0.3785 0.3860 -0.8413
vn 0.3623 0.4698 -0.8050
vn 0.2635 0.4684 -0.8433
vn 0.2746 0.3858 -0.8808
vn 0.3304 0.5949 -0.7327
vn 0.2427 0.5922 -0.7683
vn 0.2528 0.5365 -0.8051
vn 0.3459 0.5394 -0.7677
vn 0.1664 0.3856 -0.9076
vn 0.1602 0.4671 -0.8696
vn 0.0538 0.4664 -0.8829
vn 0.1501 0.5894 -0.7938
vn 0.0511 0.5879 -0.8073
vn 0.0524 0.5318 -0.8452
vn 0.1551 0.5334 -0.8315
vn -0.0538 0.4664 -0.8829
vn -0.1602 0.4671 -0.8696
vn -0.1664 0.3856 -0.9076
vn -0.0501 0.5886 -0.8069
vn -0.1479 0.5907 -0.7932
vn -0.1531 0.5347 -0.8310
vn -0.0515 0.5324 -0.8449
vn -0.2746 0.3858 -0.8808
vn -0.2635 0.4684 -0.8433
vn -0.3623 0.4698 -0.8050
vn -0.3785 0.3860 -0.8413
vn -0.2412 0.5931 -0.7681
vn -0.3301 0.5951 -0.7327
vn -0.3455 0.5396 -0.7678
vn -0.2516 0.5373 -0.8050
vn -0.5688 0.3862 -0.7261
vn -0.4940 0.5985 -0.6306
vn -0.4349 0.5416 -0.7193
vn -0.6522 0.3864 -0.6522
vn -0.6234 0.4722 -0.6232
vn -0.5657 0.6000 -0.5656
vn -0.6288 0.6014 -0.4928
vn -0.5929 0.5451 -0.5927
vn -0.8030 0.4740 -0.3614
vn -0.8410 0.3866 -0.3785
vn -0.7270 0.6035 -0.3274
vn -0.7623 0.5488 -0.3431
vn -0.7159 0.5479 -0.4327
vn -0.8805 0.3867 -0.2743
vn -0.8658 0.4746 -0.1587
vn -0.7607 0.6043 -0.2370
vn -0.8213 0.5502 -0.1506
vn -0.7976 0.5497 -0.2485
vn -0.7948 0.6050 -0.0481
vn -0.7948 0.6049 0.0480
vn -0.8658 0.4746 0.1588
vn -0.8805 0.3867 0.2743
vn -0.7834 0.6047 0.1437
vn -0.7607 0.6042 0.2370
vn -0.7976 0.5497 0.2485
vn -0.8214 0.5502 0.1505
vn -0.8410 0.3866 0.3785
vn -0.8029 0.4740 0.3614
vn -0.7893 0.3865 0.4771
vn -0.7271 0.6035 0.3273
vn -0.6830 0.6026 0.4128
vn -0.7160 0.5478 0.4327
vn -0.7622 0.5489 0.3432
vn -0.6935 0.4730 0.5435
vn -0.6234 0.4723 0.6232
vn -0.6523 0.3863 0.6522
vn -0.6289 0.6014 0.4928
vn -0.5928 0.5451 0.5928
vn -0.5439 0.4715 0.6942
vn -0.4564 0.4707 0.7550
vn -0.4940 0.5986 0.6307
vn -0.4152 0.5969 0.6866
vn -0.4350 0.5416 0.7194
vn -0.5176 0.5435 0.6608
vn -0.3786 0.3859 0.8413
vn -0.3624 0.4698 0.8050
vn -0.2634 0.4685 0.8433
vn -0.2746 0.3857 0.8808
vn -0.3303 0.5949 0.7328
vn -0.2428 0.5922 0.7684
vn -0.2528 0.5365 0.8051
vn -0.3458 0.5394 0.7677
vn -0.1663 0.3856 0.9076
vn -0.1602 0.4671 0.8696
vn -0.0539 0.4664 0.8829
vn -0.0559 0.3854 0.9210
vn -0.1501 0.5894 0.7938
vn -0.0510 0.5879 0.8073
vn -0.0524 0.5319 0.8452
vn -0.1551 0.5334 0.8315
vn 0.2353 0.6263 0.7432
vn 0.2347 0.6273 0.7426
vn 0.3205 0.6262 0.7108
vn 0.3204 0.6268 0.7103
vn 0.0578 0.2813 0.9579
vn 0.1729 0.2813 0.9439
vn 0.1685 0.3524 0.9206
vn 0.0567 0.3523 0.9342
vn 0.0550 0.4200 0.9059
vn 0.1634 0.4197 0.8928
vn 0.1582 0.4812 0.8622
vn 0.0530 0.4821 0.8745
vn 0.3937 0.2814 0.8751
vn 0.3841 0.3523 0.8534
vn 0.2784 0.3523 0.8935
vn 0.3725 0.4195 0.8278
vn 0.2611 0.4802 0.8374
vn 0.5918 0.2813 0.7554
vn 0.4844 0.3523 0.8008
vn 0.4698 0.4194 0.7768
vn 0.5417 0.4778 0.6915
vn 0.4542 0.4786 0.7514
vn 0.6785 0.2813 0.6786
vn 0.7554 0.2814 0.5917
vn 0.7367 0.3524 0.5772
vn 0.6420 0.4191 0.6420
vn 0.7147 0.4191 0.5600
vn 0.6920 0.4766 0.5422
vn 0.8212 0.2814 0.4964
vn 0.8009 0.3523 0.4842
vn 0.7771 0.4190 0.4697
vn 0.8280 0.4189 0.3728
vn 0.8020 0.4757 0.3612
vn 0.9162 0.2814 0.2853
vn 0.9439 0.2813 0.1729
vn 0.9205 0.3523 0.1687
vn 0.8935 0.3523 0.2784
vn 0.8932 0.4189 0.1637
vn 0.8655 0.4751 0.1588
vn 0.8400 0.4754 0.2616
vn 0.9579 0.2813 0.0580
vn 0.9579 0.2813 -0.0579
vn 0.9342 0.3523 -0.0565
vn 0.9342 0.3524 0.0564
vn 0.9064 0.4188 0.0548
vn 0.9064 0.4189 -0.0547
vn 0.8784 0.4750 -0.0532
vn 0.8783 0.4751 0.0530
vn 0.9438 0.2814 -0.1731
vn 0.9161 0.2814 -0.2855
vn 0.8935 0.3524 -0.2783
vn 0.9206 0.3523 -0.1686
vn 0.8932 0.4188 -0.1639
vn 0.8670 0.4189 -0.2699
vn 0.8400 0.4754 -0.2617
vn 0.8655 0.4752 -0.1586
vn 0.8213 0.2814 -0.4963
vn 0.8534 0.3523 -0.3842
vn 0.7526 0.4761 -0.4549
vn 0.8021 0.4757 -0.3611
vn 0.7555 0.2813 -0.5917
vn 0.6787 0.2814 -0.6784
vn 0.6619 0.3523 -0.6617
vn 0.7367 0.3524 -0.5772
vn 0.7147 0.4191 -0.5600
vn 0.6420 0.4191 -0.6420
vn 0.5598 0.4192 -0.7147
vn 0.4698 0.4194 -0.7768
vn 0.4542 0.4785 -0.7515
vn 0.5418 0.4779 -0.6915
vn 0.3939 0.2813 -0.8750
vn 0.2857 0.2814 -0.9161
vn 0.2785 0.3523 -0.8935
vn 0.3840 0.3523 -0.8535
vn 0.2703 0.4197 -0.8665
vn 0.2619 0.4805 -0.8370
vn 0.3602 0.4794 -0.8003
vn 0.1730 0.2814 -0.9439
vn 0.1732 0.2812 -0.9439
vn 0.0579 0.2813 -0.9579
vn 0.0565 0.3524 -0.9342
vn 0.1686 0.3523 -0.9206
vn 0.0549 0.4199 -0.9059
vn 0.0535 0.4824 -0.8743
vn 0.1591 0.4817 -0.8618
vn -0.0581 0.2814 -0.9578
vn -0.1729 0.2814 -0.9439
vn -0.1687 0.3523 -0.9206
vn -0.0564 0.3523 -0.9342
vn -0.0548 0.4199 -0.9059
vn -0.1580 0.4812 -0.8622
vn -0.0530 0.4822 -0.8745
vn -0.2855 0.2813 -0.9162
vn -0.3937 0.2814 -0.8751
vn -0.3841 0.3523 -0.8534
vn -0.2786 0.3524 -0.8934
vn -0.2701 0.4196 -0.8666
vn -0.3601 0.4793 -0.8004
vn -0.2612 0.4802 -0.8374
vn -0.4963 0.2814 -0.8213
vn -0.5917 0.2814 -0.7554
vn -0.4697 0.4193 -0.7769
vn -0.5598 0.4192 -0.7148
vn -0.5417 0.4778 -0.6915
vn -0.4543 0.4786 -0.7513
vn -0.6785 0.2813 -0.6785
vn -0.7553 0.2814 -0.5919
vn -0.7367 0.3523 -0.5772
vn -0.6619 0.3524 -0.6616
vn -0.6421 0.4192 -0.6419
vn -0.7147 0.4191 -0.5599
vn -0.8212 0.2813 -0.4965
vn -0.8533 0.3524 -0.3843
vn -0.8020 0.4757 -0.3612
vn -0.7526 0.4761 -0.4548
vn -0.9162 0.2814 -0.2854
vn -0.9439 0.2813 -0.1729
vn -0.9206 0.3523 -0.1687
vn -0.8935 0.3523 -0.2785
vn -0.8670 0.4188 -0.2700
vn -0.8932 0.4189 -0.1637
vn -0.8655 0.4751 -0.1588
vn -0.8400 0.4754 -0.2615
vn -0.9579 0.2813 -0.0580
vn -0.9579 0.2813 0.0579
vn -0.9342 0.3523 0.0565
vn -0.9342 0.3524 -0.0564
vn -0.9064 0.4188 -0.0548
vn -0.9064 0.4189 0.0547
vn -0.8784 0.4750 0.0532
vn -0.8783 0.4751 -0.0530
vn -0.9438 0.2814 0.1731
vn -0.9162 0.2814 0.2855
vn -0.8935 0.3523 0.2783
vn -0.9206 0.3523 0.1686
vn -0.8932 0.4188 0.1639
vn -0.8400 0.4754 0.2617
vn -0.8655 0.4752 0.1586
vn -0.8212 0.2814 0.4965
vn -0.8009 0.3524 0.4841
vn -0.8279 0.4189 0.3729
vn -0.7771 0.4190 0.4696
vn -0.8020 0.4757 0.3611
vn -0.7555 0.2813 0.5917
vn -0.7367 0.3523 0.5771
vn -0.7147 0.4190 0.5600
vn -0.6421 0.4192 0.6419
vn -0.6920 0.4766 0.5423
vn -0.5917 0.2814 0.7555
vn -0.4966 0.2814 0.8211
vn -0.4843 0.3523 0.8008
vn -0.4696 0.4193 0.7769
vn -0.4543 0.4786 0.7514
vn -0.5417 0.4778 0.6916
vn -0.3938 0.2814 0.8751
vn -0.2855 0.2813 0.9162
vn -0.2785 0.3524 0.8935
vn -0.3840 0.3523 0.8535
vn -0.3726 0.4195 0.8278
vn -0.2617 0.4805 0.8370
vn -0.1730 0.2813 0.9439
vn -0.0581 0.2814 0.9578
vn -0.0567 0.3524 0.9341
vn -0.1686 0.3523 0.9206
vn -0.1638 0.4199 0.8927
vn -0.0549 0.4199 0.9059
vn -0.0535 0.4823 0.8744
vn -0.1591 0.4816 0.8618
vn 0.0590 0.2014 0.9777
vn 0.0604 0.0980 0.9934
vn 0.1793 0.0980 0.9789
vn 0.1767 0.2014 0.9634
vn -0.1550 -0.5099 0.8461
vn -0.0520 -0.5100 0.8586
vn -0.0499 -0.5630 0.8250
vn -0.3874 -0.3301 0.8608
vn -0.3705 -0.4299 0.8234
vn -0.2460 -0.5631 0.7890
vn -0.3391 -0.5630 0.7537
vn -0.5821 -0.3301 0.7431
vn -0.4671 -0.4298 0.7727
vn -0.5305 -0.5099 0.6772
vn -0.4451 -0.5100 0.7361
vn -0.4276 -0.5630 0.7073
vn -0.5096 -0.5631 0.6506
vn -0.7430 -0.3301 0.5822
vn -0.6675 -0.3300 0.6675
vn -0.5844 -0.5630 0.5844
vn -0.6505 -0.5630 0.5097
vn -0.8608 -0.3301 0.3875
vn -0.8078 -0.3300 0.4883
vn -0.7727 -0.4299 0.4670
vn -0.8233 -0.4298 0.3706
vn -0.7843 -0.5100 0.3532
vn -0.7361 -0.5100 0.4450
vn -0.7536 -0.5630 0.3392
vn -0.9285 -0.3301 0.1702
vn -0.9012 -0.3300 0.2808
vn -0.8881 -0.4299 0.1628
vn -0.8213 -0.5099 0.2559
vn -0.8129 -0.5631 0.1491
vn -0.9422 -0.3301 -0.0569
vn -0.9423 -0.3300 0.0570
vn -0.9013 -0.4299 0.0544
vn -0.9012 -0.4299 -0.0544
vn -0.9012 -0.3300 -0.2808
vn -0.8213 -0.5100 -0.2558
vn -0.8129 -0.5630 -0.1490
vn -0.7890 -0.5630 -0.2458
vn -0.8079 -0.3300 -0.4883
vn -0.8608 -0.3301 -0.3875
vn -0.8233 -0.4299 -0.3706
vn -0.7727 -0.4298 -0.4671
vn -0.7361 -0.5100 -0.4449
vn -0.7844 -0.5099 -0.3530
vn -0.7536 -0.5631 -0.3393
vn -0.6676 -0.3301 -0.6674
vn -0.6385 -0.4299 -0.6384
vn -0.6083 -0.5099 -0.6083
vn -0.6505 -0.5630 -0.5097
vn -0.5844 -0.5630 -0.5843
vn -0.4884 -0.3301 -0.8078
vn -0.5821 -0.3300 -0.7431
vn -0.5567 -0.4299 -0.7108
vn -0.4451 -0.5099 -0.7361
vn -0.5304 -0.5100 -0.6772
vn -0.5097 -0.5629 -0.6506
vn -0.4276 -0.5630 -0.7072
vn -0.2809 -0.3300 -0.9012
vn -0.3874 -0.3300 -0.8608
vn -0.3704 -0.4299 -0.8234
vn -0.2559 -0.5099 -0.8213
vn -0.3530 -0.5100 -0.7844
vn -0.2460 -0.5631 -0.7889
vn -0.1700 -0.3301 -0.9285
vn -0.1627 -0.4299 -0.8881
vn -0.1551 -0.5100 -0.8461
vn -0.0499 -0.5630 -0.8250
vn 0.1701 -0.3300 -0.9285
vn 0.1628 -0.4299 -0.8881
vn 0.1550 -0.5100 -0.8461
vn 0.0500 -0.5631 -0.8249
vn 0.3873 -0.3300 -0.8609
vn 0.2810 -0.3301 -0.9012
vn 0.3705 -0.4299 -0.8234
vn 0.3530 -0.5099 -0.7845
vn 0.2560 -0.5100 -0.8212
vn 0.2459 -0.5630 -0.7891
vn 0.5821 -0.3301 -0.7431
vn 0.4884 -0.3300 -0.8078
vn 0.5568 -0.4299 -0.7108
vn 0.5305 -0.5099 -0.6772
vn 0.4451 -0.5100 -0.7361
vn 0.4276 -0.5631 -0.7072
vn 0.5096 -0.5630 -0.6506
vn 0.6675 -0.3300 -0.6675
vn 0.6385 -0.4299 -0.6383
vn 0.6083 -0.5100 -0.6082
vn 0.5844 -0.5629 -0.5844
vn 0.6506 -0.5630 -0.5097
vn 0.8608 -0.3300 -0.3875
vn 0.8079 -0.3301 -0.4883
vn 0.7727 -0.4299 -0.4671
vn 0.8234 -0.4298 -0.3706
vn 0.7843 -0.5100 -0.3531
vn 0.7361 -0.5099 -0.4450
vn 0.7536 -0.5630 -0.3392
vn 0.9012 -0.3301 -0.2808
vn 0.8213 -0.5099 -0.2559
vn 0.7890 -0.5631 -0.2458
vn 0.8129 -0.5631 -0.1491
vn 0.9422 -0.3301 0.0569
vn 0.9423 -0.3300 -0.0570
vn 0.9013 -0.4299 -0.0544
vn 0.9012 -0.4299 0.0544
vn 0.9012 -0.3301 0.2808
vn 0.9285 -0.3300 0.1702
vn 0.8881 -0.4298 0.1628
vn 0.8213 -0.5100 0.2558
vn 0.8129 -0.5630 0.1490
vn 0.8079 -0.3301 0.4883
vn 0.8608 -0.3300 0.3874
vn 0.8233 -0.4299 0.3706
vn 0.7727 -0.4298 0.4671
vn 0.7361 -0.5100 0.4449
vn 0.7844 -0.5099 0.3531
vn 0.7535 -0.5631 0.3393
vn 0.6675 -0.3301 0.6674
vn 0.7431 -0.3300 0.5822
vn 0.6506 -0.5630 0.5097
vn 0.5844 -0.5630 0.5843
vn 0.5822 -0.3300 0.7431
vn 0.4672 -0.4299 0.7726
vn 0.4450 -0.5099 0.7362
vn 0.5304 -0.5100 0.6772
vn 0.5097 -0.5630 0.6506
vn 0.4276 -0.5631 0.7071
vn 0.3873 -0.3301 0.8608
vn 0.3705 -0.4298 0.8234
vn 0.3392 -0.5630 0.7537
vn 0.2459 -0.5630 0.7890
vn 0.0519 -0.5099 0.8586
vn 0.1550 -0.5100 0.8461
vn 0.0500 -0.5631 0.8249
vn -0.0604 0.0084 0.9981
vn -0.1801 0.0085 0.9836
vn -0.2976 0.0084 0.9547
vn -0.4103 0.0085 0.9119
vn -0.4092 0.0763 0.9092
vn -0.2968 0.0764 0.9519
vn -0.6166 0.0084 0.7872
vn -0.6148 0.0764 0.7850
vn -0.7072 0.0085 0.7070
vn -0.7848 0.0764 0.6150
vn -0.7051 0.0763 0.7050
vn -0.8533 0.0763 0.5158
vn -0.9520 0.0763 0.2966
vn -0.9981 0.0084 0.0603
vn -0.9953 0.0763 0.0602
vn -0.8533 0.0763 -0.5158
vn -0.7871 0.0084 -0.6167
vn -0.7071 0.0085 -0.7070
vn -0.7051 0.0764 -0.7050
vn -0.7848 0.0763 -0.6150
vn -0.5173 0.0084 -0.8557
vn -0.5159 0.0763 -0.8533
vn -0.4103 0.0085 -0.9119
vn -0.2976 0.0085 -0.9547
vn -0.0604 0.0085 -0.9981
vn -0.0603 0.0764 -0.9953
vn 0.0605 0.0085 -0.9981
vn 0.0602 0.0763 -0.9953
vn 0.2975 0.0085 -0.9547
vn 0.4104 0.0084 -0.9119
vn 0.4091 0.0763 -0.9093
vn 0.5173 0.0085 -0.8557
vn 0.5159 0.0764 -0.8532
vn 0.7071 0.0084 -0.7070
vn 0.7871 0.0085 -0.6168
vn 0.7050 0.0763 -0.7050
vn 0.8533 0.0764 -0.5158
vn 0.9981 0.0085 0.0603
vn 0.9953 0.0763 0.0601
vn 0.9520 0.0763 0.2965
vn 0.7072 0.0084 0.7070
vn 0.7051 0.0764 0.7050
vn 0.6166 0.0085 0.7872
vn 0.6149 0.0763 0.7849
vn 0.4104 0.0084 0.9119
vn 0.2976 0.0085 0.9547
vn 0.2967 0.0763 0.9519
vn 0.4091 0.0764 0.9093
vn 0.1802 0.0084 0.9836
vn 0.0604 0.0085 0.9981
vn 0.0581 0.2777 0.9589
vn 0.1731 0.2776 0.9450
vn 0.1776 0.1682 0.9696
vn 0.0595 0.1682 0.9840
vn 0.2982 0.0348 0.9539
vn 0.3039 -0.0140 0.9526
vn 0.4173 -0.0130 0.9087
vn 0.4112 0.0349 0.9109
vn 0.5178 0.0351 0.8548
vn 0.5240 -0.0119 0.8516
vn 0.6215 -0.0108 0.7833
vn 0.6169 0.0353 0.7863
vn 0.7071 0.0354 0.7062
vn 0.7105 -0.0099 0.7036
vn 0.7887 -0.0092 0.6147
vn 0.7869 0.0355 0.6161
vn 0.8553 0.0356 0.5170
vn 0.8563 -0.0089 0.5164
vn 0.9119 -0.0087 0.4104
vn 0.9113 0.0356 0.4101
vn 0.9541 0.0356 0.2972
vn 0.9547 -0.0088 0.2974
vn 0.9836 -0.0087 0.1803
vn 0.9830 0.0356 0.1803
vn 0.9976 0.0356 0.0602
vn 0.9981 -0.0087 0.0604
vn 0.9981 -0.0087 -0.0604
vn 0.9975 0.0356 -0.0602
vn 0.9830 0.0356 -0.1803
vn 0.9830 0.0359 -0.1803
vn 0.9836 -0.0087 -0.1803
vn 0.9547 -0.0088 -0.2974
vn 0.9541 0.0359 -0.2973
vn 0.9113 0.0356 -0.4101
vn 0.9118 -0.0088 -0.4106
vn 0.8558 -0.0087 -0.5173
vn 0.8552 0.0356 -0.5171
vn 0.7867 0.0356 -0.6163
vn 0.7872 -0.0087 -0.6167
vn 0.7072 -0.0088 -0.7069
vn 0.7067 0.0356 -0.7067
vn 0.6165 -0.0088 -0.7873
vn 0.4101 0.0356 -0.9113
vn 0.2977 -0.0087 -0.9546
vn 0.2973 0.0356 -0.9541
vn 0.1800 -0.0087 -0.9836
vn 0.0607 -0.0087 -0.9981
vn 0.0605 0.0356 -0.9975
vn -0.0605 0.0356 -0.9975
vn -0.0607 -0.0087 -0.9981
vn -0.1800 -0.0087 -0.9836
vn -0.2973 0.0356 -0.9541
vn -0.2977 -0.0087 -0.9546
vn -0.4101 0.0356 -0.9113
vn -0.6165 -0.0088 -0.7873
vn -0.7067 0.0356 -0.7067
vn -0.7072 -0.0088 -0.7069
vn -0.7872 -0.0087 -0.6167
vn -0.7867 0.0356 -0.6163
vn -0.8552 0.0356 -0.5171
vn -0.8558 -0.0087 -0.5173
vn -0.9118 -0.0088 -0.4106
vn -0.9113 0.0356 -0.4101
vn -0.9547 -0.0088 -0.2974
vn -0.9836 -0.0087 -0.1803
vn -0.9830 0.0356 -0.1803
vn -0.9976 0.0356 -0.0602
vn -0.9981 -0.0087 -0.0604
vn -0.9981 -0.0087 0.0604
vn -0.9976 0.0356 0.0602
vn -0.9830 0.0356 0.1803
vn -0.9836 -0.0087 0.1803
vn -0.9547 -0.0088 0.2974
vn -0.9541 0.0356 0.2972
vn -0.9113 0.0356 0.4101
vn -0.9119 -0.0087 0.4104
vn -0.8563 -0.0089 0.5164
vn -0.8553 0.0356 0.5170
vn -0.7869 0.0355 0.6161
vn -0.7887 -0.0092 0.6147
vn -0.7105 -0.0099 0.7036
vn -0.7071 0.0354 0.7062
vn -0.6169 0.0353 0.7863
vn -0.6215 -0.0108 0.7833
vn -0.5240 -0.0119 0.8516
vn -0.5178 0.0351 0.8548
vn -0.4112 0.0349 0.9109
vn -0.4173 -0.0130 0.9087
vn -0.3039 -0.0140 0.9526
vn -0.2982 0.0348 0.9539
vn -0.1807 0.0347 0.9829
vn -0.1846 -0.0147 0.9827
vn -0.0620 -0.0150 0.9980
vn -0.0605 0.0347 0.9976
vn 0.0897 -0.8673 0.4897
vn 0.1482 -0.8672 0.4754
vn 0.3071 -0.8672 0.3920
vn 0.1749 -0.9589 0.2233
vn 0.3919 -0.8672 0.3071
vn 0.4261 -0.8672 0.2575
vn 0.4754 -0.8672 0.1481
vn 0.2790 -0.9589 0.0512
vn 0.2708 -0.9589 0.0844
vn 0.2831 -0.9589 -0.0171
vn 0.2832 -0.9589 0.0171
vn 0.4753 -0.8673 -0.1481
vn 0.2709 -0.9589 -0.0844
vn 0.2790 -0.9589 -0.0511
vn 0.4540 -0.8672 -0.2044
vn 0.4261 -0.8672 -0.2576
vn 0.1468 -0.9589 -0.2427
vn 0.1749 -0.9589 -0.2233
vn 0.0301 -0.8673 -0.4969
vn 0.0171 -0.9589 -0.2832
vn -0.0301 -0.8672 -0.4970
vn -0.0172 -0.9589 -0.2831
vn -0.1749 -0.9589 -0.2234
vn -0.1468 -0.9589 -0.2428
vn -0.4261 -0.8672 -0.2575
vn -0.4754 -0.8672 -0.1481
vn -0.2790 -0.9589 -0.0512
vn -0.2831 -0.9589 0.0171
vn -0.2832 -0.9589 -0.0171
vn -0.4753 -0.8672 0.1481
vn -0.2709 -0.9589 0.0844
vn -0.2790 -0.9589 0.0511
vn -0.4261 -0.8672 0.2576
vn -0.3920 -0.8672 0.3071
vn -0.3070 -0.8672 0.3920
vn -0.1750 -0.9589 0.2233
vn -0.1482 -0.8673 0.4753
vn -0.0897 -0.8672 0.4898
vn 0.0475 -0.6182 0.7846
vn 0.1222 -0.7350 0.6670
vn 0.0595 -0.9953 -0.0759
vn -0.0594 -0.9953 -0.0759
vn -0.0594 -0.9953 0.0759
vn 0.0962 -0.9953 0.0058
vn 0.0963 -0.9953 -0.0058
vn -0.0962 -0.9953 -0.0058
vn -0.0963 -0.9953 0.0058
vn 0.0595 -0.9953 0.0759
vn -0.0058 -0.9953 0.0962
vn 0.0058 -0.9953 0.0963
vn 0.1458 -0.9889 0.0267
vn -0.0441 -0.9890 0.1415
vn -0.0608 -0.9889 0.1352
vn -0.1183 -0.9814 0.1511
vn -0.0767 -0.9890 0.1269
vn -0.0993 -0.9814 -0.1642
vn -0.0990 -0.9814 -0.1644
vn 0.0346 -0.9814 -0.1888
vn 0.0116 -0.9814 -0.1915
vn 0.0787 -0.9814 -0.1750
vn 0.0441 -0.9889 -0.1416
vn 0.0608 -0.9890 -0.1352
vn 0.1642 -0.9814 0.0992
vn 0.1750 -0.9814 0.0788
vn 0.1351 -0.9890 0.0608
vn 0.1269 -0.9889 0.0767
vn -0.1749 -0.9814 0.0788
vn -0.1643 -0.9814 0.0993
vn -0.1268 -0.9890 0.0767
vn -0.1352 -0.9889 0.0608
vn -0.0788 -0.9814 -0.1751
vn -0.0787 -0.9815 -0.1748
vn -0.0608 -0.9890 -0.1351
vn -0.0611 -0.9890 -0.1350
vn -0.0441 -0.9890 -0.1415
vn 0.0993 -0.9814 -0.1643
vn 0.1184 -0.9814 0.1511
vn 0.0767 -0.9890 0.1268
vn 0.0608 -0.9890 0.1352
vn 0.0441 -0.9889 0.1416
vn -0.1458 -0.9890 0.0267
vn -0.1480 -0.9889 0.0090
vn -0.1479 -0.9890 -0.0089
vn -0.0116 -0.9814 -0.1916
vn -0.0345 -0.9814 -0.1887
vn 0.1643 -0.9814 -0.0993
vn 0.1268 -0.9890 -0.0767
vn 0.1352 -0.9890 -0.0608
vn 0.1833 -0.9814 -0.0571
vn 0.1458 -0.9890 -0.0267
vn -0.1832 -0.9814 -0.0571
vn -0.1458 -0.9889 -0.0267
vn -0.1642 -0.9814 -0.0993
vn -0.1351 -0.9890 -0.0608
vn -0.1269 -0.9890 -0.0767
vn -0.2106 -0.2589 0.9427
vn -0.2147 -0.4006 0.8907
vn -0.0765 -0.4036 0.9117
vn -0.0736 -0.2608 0.9626
vn -0.4542 -0.2597 0.8522
vn -0.4435 -0.3865 0.8087
vn -0.3394 -0.3943 0.8540
vn -0.3397 -0.2565 0.9049
vn -0.6250 -0.2533 0.7384
vn -0.5765 -0.3801 0.7233
vn -0.5190 -0.3807 0.7653
vn -0.5466 -0.2556 0.7974
vn -0.7559 -0.2593 0.6011
vn -0.6717 -0.4039 0.6211
vn -0.6233 -0.3873 0.6793
vn -0.6933 -0.2543 0.6743
vn -0.8649 -0.2774 0.4183
vn -0.7765 -0.4497 0.4414
vn -0.7240 -0.4266 0.5421
vn -0.8136 -0.2676 0.5161
vn -0.9361 -0.2959 0.1903
vn -0.8531 -0.4804 0.2038
vn -0.8218 -0.4680 0.3248
vn -0.9067 -0.2873 0.3088
vn -0.9509 -0.3030 -0.0628
vn -0.8686 -0.4912 -0.0653
vn -0.8691 -0.4892 0.0729
vn -0.9511 -0.3020 0.0645
vn -0.9046 -0.2884 -0.3139
vn -0.8175 -0.4519 -0.3571
vn -0.8527 -0.4796 -0.2070
vn -0.9355 -0.2981 -0.1899
vn -0.8099 -0.2643 -0.5237
vn -0.7220 -0.3722 -0.5833
vn -0.7646 -0.4091 -0.4980
vn -0.8596 -0.2752 -0.4306
vn -0.7134 -0.2705 -0.6465
vn -0.6876 -0.3569 -0.6324
vn -0.7012 -0.3547 -0.6185
vn -0.7628 -0.2622 -0.5911
vn -0.6044 -0.2914 -0.7415
vn -0.6619 -0.4144 -0.6246
vn -0.6767 -0.3777 -0.6320
vn -0.6584 -0.2885 -0.6952
vn -0.4239 -0.3592 -0.8315
vn -0.5208 -0.5351 -0.6651
vn -0.6287 -0.4659 -0.6226
vn -0.5380 -0.3202 -0.7798
vn -0.0884 -0.4180 -0.9041
vn -0.1135 -0.6207 -0.7758
vn -0.3296 -0.5740 -0.7496
vn -0.2610 -0.3960 -0.8804
vn 0.2610 -0.3960 -0.8804
vn 0.3297 -0.5739 -0.7496
vn 0.1134 -0.6208 -0.7757
vn 0.0884 -0.4180 -0.9041
vn 0.5380 -0.3202 -0.7798
vn 0.6287 -0.4660 -0.6226
vn 0.5208 -0.5351 -0.6651
vn 0.4239 -0.3592 -0.8315
vn 0.6584 -0.2885 -0.6952
vn 0.6767 -0.3777 -0.6320
vn 0.6620 -0.4145 -0.6245
vn 0.6044 -0.2914 -0.7415
vn 0.7628 -0.2622 -0.5911
vn 0.7012 -0.3547 -0.6185
vn 0.6876 -0.3569 -0.6324
vn 0.7134 -0.2705 -0.6465
vn 0.8596 -0.2752 -0.4306
vn 0.7646 -0.4091 -0.4981
vn 0.7220 -0.3722 -0.5833
vn 0.8099 -0.2643 -0.5237
vn 0.9355 -0.2981 -0.1899
vn 0.8527 -0.4796 -0.2070
vn 0.8175 -0.4519 -0.3571
vn 0.9046 -0.2884 -0.3139
vn 0.9511 -0.3020 0.0645
vn 0.8691 -0.4892 0.0729
vn 0.8686 -0.4912 -0.0653
vn 0.9509 -0.3030 -0.0628
vn 0.9067 -0.2873 0.3088
vn 0.8218 -0.4680 0.3248
vn 0.8531 -0.4804 0.2038
vn 0.9361 -0.2959 0.1903
vn 0.8137 -0.2676 0.5161
vn 0.7240 -0.4266 0.5421
vn 0.7765 -0.4497 0.4414
vn 0.8649 -0.2774 0.4184
vn 0.6933 -0.2543 0.6743
vn 0.6233 -0.3873 0.6793
vn 0.6717 -0.4039 0.6211
vn 0.7559 -0.2593 0.6011
vn 0.5466 -0.2556 0.7974
vn 0.5190 -0.3807 0.7653
vn 0.5765 -0.3801 0.7233
vn 0.6250 -0.2533 0.7384
vn 0.3397 -0.2565 0.9049
vn 0.3394 -0.3943 0.8540
vn 0.4435 -0.3865 0.8087
vn 0.4542 -0.2597 0.8522
vn 0.0736 -0.2608 0.9626
vn 0.0765 -0.4036 0.9117
vn 0.2147 -0.4006 0.8907
vn 0.2106 -0.2589 0.9427
vn -0.0751 0.6963 -0.7138
vn -0.0753 0.6961 -0.7140
vn -0.2016 0.6829 -0.7021
vn -0.0747 0.9620 -0.2626
vn -0.0753 0.9620 -0.2626
vn -0.0750 0.9620 -0.2625
vn -0.0319 0.9627 -0.2687
vn -0.0321 0.9628 -0.2684
vn -0.2949 0.6680 -0.6832
vn -0.3551 0.6595 -0.6625
vn -0.0923 0.9608 -0.2616
vn -0.0919 0.9612 -0.2600
vn -0.3830 0.6597 -0.6465
vn -0.3791 0.6694 -0.6389
vn -0.0310 0.9580 -0.2852
vn -0.0753 0.9602 -0.2688
vn -0.3541 0.6860 -0.6356
vn -0.3551 0.7083 -0.6102
vn 0.0650 0.9478 -0.3121
vn 0.0291 0.9511 -0.3075
vn -0.3965 0.7373 -0.5470
vn -0.4736 0.7645 -0.4373
vn 0.0524 0.9715 -0.2310
vn 0.0731 0.9544 -0.2895
vn -0.5504 0.7785 -0.3017
vn -0.5914 0.7837 -0.1900
vn 0.0014 0.9957 -0.0926
vn 0.0203 0.9883 -0.1511
vn -0.6100 0.7879 -0.0837
vn -0.6146 0.7877 0.0425
vn -0.0325 0.9994 0.0091
vn -0.0125 0.9988 -0.0472
vn -0.6023 0.7743 0.1943
vn -0.5521 0.7222 0.4166
vn -0.5523 0.7220 0.4167
vn -0.0533 0.9725 0.2265
vn -0.0530 0.9725 0.2267
vn -0.0596 0.9951 0.0790
vn -0.4538 0.6289 0.6313
vn -0.4541 0.6289 0.6311
vn -0.4377 0.5807 0.6864
vn -0.0282 0.9087 0.4165
vn -0.0172 0.9277 0.3728
vn -0.0170 0.9276 0.3731
vn -0.4930 0.5605 0.6654
vn -0.5718 0.5386 0.6189
vn -0.2030 0.9178 0.3412
vn -0.1026 0.9151 0.3900
vn -0.6749 0.5032 0.5397
vn -0.7613 0.4679 0.4488
vn -0.4779 0.8662 0.1460
vn -0.3444 0.9033 0.2557
vn -0.8034 0.4618 0.3759
vn -0.7486 0.5482 0.3730
vn -0.5455 0.8380 0.0098
vn -0.5606 0.8268 0.0470
vn -0.5364 0.7217 0.4375
vn -0.2029 0.8462 0.4928
vn -0.1600 0.9857 0.0535
vn -0.4025 0.9150 0.0276
vn 0.1838 0.8405 0.5097
vn 0.5036 0.7158 0.4838
vn 0.4044 0.9129 0.0560
vn 0.1570 0.9854 0.0656
vn 0.7243 0.5374 0.4320
vn 0.7890 0.4420 0.4266
vn 0.5831 0.8078 0.0869
vn 0.5593 0.8276 0.0475
vn 0.7547 0.4465 0.4807
vn 0.6744 0.4927 0.5499
vn 0.3496 0.8994 0.2623
vn 0.4960 0.8511 0.1723
vn 0.4962 0.8509 0.1725
vn 0.5705 0.5471 0.6125
vn 0.4868 0.5856 0.6481
vn 0.0865 0.9246 0.3711
vn 0.1963 0.9221 0.3333
vn 0.4264 0.6195 0.6591
vn 0.4402 0.6687 0.5992
vn -0.0216 0.9348 0.3546
vn 0.0039 0.9218 0.3876
vn 0.5254 0.7360 0.4269
vn 0.5948 0.7788 0.1993
vn 0.0214 0.9966 0.0796
vn 0.0120 0.9761 0.2171
vn 0.6140 0.7882 0.0430
vn 0.6110 0.7871 -0.0848
vn 0.0073 0.9989 -0.0455
vn 0.0132 0.9999 0.0027
vn 0.5912 0.7838 -0.1898
vn 0.5517 0.7768 -0.3037
vn -0.0106 0.9876 -0.1567
vn 0.0007 0.9956 -0.0936
vn 0.4788 0.7542 -0.4495
vn 0.4017 0.7178 -0.5687
vn -0.0587 0.9502 -0.3060
vn -0.0374 0.9691 -0.2437
vn 0.3576 0.6865 -0.6331
vn 0.3540 0.6681 -0.6545
vn -0.0231 0.9479 -0.3178
vn -0.0548 0.9435 -0.3269
vn 0.3777 0.6599 -0.6495
vn 0.3822 0.6570 -0.6498
vn 0.0750 0.9604 -0.2682
vn 0.0331 0.9566 -0.2895
vn 0.3556 0.6605 -0.6613
vn 0.2972 0.6715 -0.6788
vn 0.0916 0.9615 -0.2590
vn 0.0918 0.9612 -0.2601
vn 0.2052 0.6867 -0.6974
vn 0.0769 0.6979 -0.7121
vn 0.0315 0.9620 -0.2711
vn 0.0750 0.9613 -0.2649
vn 0.1251 0.7198 -0.6828
vn 0.0419 0.7197 -0.6931
vn 0.0480 0.6075 -0.7929
vn 0.1432 0.6074 -0.7814
vn 0.2444 -0.5702 -0.7843
vn 0.2543 -0.5200 -0.8154
vn 0.3506 -0.5200 -0.7789
vn 0.6466 -0.5703 -0.5067
vn 0.6724 -0.5200 -0.5268
vn 0.9634 -0.2017 -0.1766
vn 0.9351 -0.2018 -0.2913
vn 0.9501 -0.0989 -0.2959
vn 0.9788 -0.0989 -0.1795
vn 0.8932 -0.2017 -0.4020
vn 0.8517 -0.0989 -0.5147
vn 0.9073 -0.0989 -0.4087
vn 0.9351 -0.2017 0.2914
vn 0.9634 -0.2017 0.1764
vn 0.9788 -0.0989 0.1794
vn 0.9501 -0.0989 0.2959
vn 0.8155 -0.5200 -0.2541
vn 0.8401 -0.5200 -0.1541
vn 0.7843 -0.5703 0.2444
vn 0.8155 -0.5200 0.2540
vn 0.8526 -0.5200 -0.0516
vn 0.8526 -0.5200 0.0515
vn 0.7491 -0.5702 0.3372
vn 0.7790 -0.5200 0.3505
vn 0.7310 -0.5200 0.4418
vn 0.5068 -0.2017 0.8381
vn 0.6041 -0.2017 0.7710
vn 0.6135 -0.0989 0.7835
vn 0.5147 -0.0989 0.8517
vn 0.0517 -0.5200 0.8526
vn -0.4017 -0.2018 0.8933
vn -0.2917 -0.2017 0.9350
vn -0.2965 -0.0989 0.9499
vn -0.4084 -0.0989 0.9075
vn -0.1762 -0.2018 0.9634
vn -0.0591 -0.2018 0.9776
vn -0.0602 -0.0988 0.9933
vn -0.1792 -0.0989 0.9788
vn -0.7708 -0.2018 0.6042
vn -0.6924 -0.2017 0.6927
vn -0.7038 -0.0989 0.7035
vn -0.7832 -0.0989 0.6138
vn -0.2445 -0.5702 0.7843
vn -0.2541 -0.5200 0.8155
vn -0.3504 -0.5200 0.7790
vn -0.6466 -0.5702 0.5066
vn -0.5809 -0.5703 0.5808
vn -0.5067 -0.5702 0.6467
vn -0.4419 -0.5200 0.7310
vn -0.5267 -0.5200 0.6724
vn -0.7492 -0.5702 0.3371
vn -0.7310 -0.5200 0.4419
vn -0.7789 -0.5200 0.3506
vn -0.9777 -0.2018 -0.0589
vn -0.9777 -0.2017 0.0591
vn -0.9933 -0.0989 0.0598
vn -0.9933 -0.0988 -0.0601
vn -0.7491 -0.5702 -0.3372
vn -0.5067 -0.2017 -0.8382
vn -0.6137 -0.0989 -0.7833
vn -0.5149 -0.0989 -0.8515
vn -0.7833 -0.0989 -0.6137
vn -0.2914 -0.2017 -0.9351
vn -0.4020 -0.2016 -0.8932
vn -0.2961 -0.0988 -0.9500
vn -0.4250 -0.5702 -0.7030
vn -0.5065 -0.5702 -0.6467
vn -0.2445 -0.5703 -0.7842
vn -0.3505 -0.5200 -0.7789
vn -0.2542 -0.5200 -0.8155
vn 0.1479 -0.5702 -0.8081
vn 0.0517 -0.5200 -0.8526
vn 0.1539 -0.5200 -0.8402
vn -0.5942 0.7197 -0.3591
vn -0.7244 0.6074 -0.3261
vn -0.6628 0.7198 -0.2064
vn -0.6830 0.7196 -0.1252
vn -0.7813 0.6075 -0.1433
vn -0.6931 0.7197 -0.0418
vn -0.6931 0.7196 0.0419
vn -0.7928 0.6075 0.0478
vn -0.7929 0.6075 -0.0479
vn -0.6828 0.7198 0.1252
vn -0.7814 0.6074 0.1432
vn -0.6332 0.7196 0.2850
vn -0.5942 0.7197 0.3591
vn -0.6798 0.6074 0.4109
vn -0.7243 0.6075 0.3261
vn -0.5464 0.7198 0.4282
vn -0.4909 0.7197 0.4910
vn -0.5617 0.6075 0.5616
vn -0.6253 0.6075 0.4899
vn -0.4282 0.7197 0.5466
vn -0.3592 0.7198 0.5940
vn -0.4110 0.6074 0.6798
vn -0.4899 0.6075 0.6253
vn -0.2849 0.7197 0.6331
vn -0.2066 0.7198 0.6628
vn -0.3259 0.6074 0.7244
vn -0.1252 0.7196 0.6830
vn -0.0420 0.7198 0.6929
vn -0.0480 0.6075 0.7929
vn -0.1431 0.6075 0.7813
vn 0.0419 0.7196 0.6931
vn 0.1251 0.7198 0.6828
vn 0.1432 0.6074 0.7814
vn 0.0481 0.6076 0.7928
vn 0.2065 0.7197 0.6628
vn 0.2848 0.7198 0.6330
vn 0.3260 0.6074 0.7244
vn 0.3263 0.6072 0.7245
vn 0.3592 0.7197 0.5942
vn 0.4282 0.7197 0.5465
vn 0.4898 0.6075 0.6253
vn 0.4110 0.6075 0.6797
vn 0.4909 0.7198 0.4908
vn 0.5465 0.7197 0.4282
vn 0.6253 0.6074 0.4899
vn 0.5617 0.6075 0.5617
vn 0.5942 0.7196 0.3592
vn 0.6330 0.7197 0.2850
vn 0.7244 0.6074 0.3261
vn 0.6798 0.6075 0.4109
vn 0.6830 0.7196 0.1252
vn 0.7813 0.6075 0.1433
vn 0.6931 0.7197 0.0418
vn 0.6931 0.7196 -0.0419
vn 0.7928 0.6075 -0.0478
vn 0.7929 0.6075 0.0479
vn 0.6828 0.7198 -0.1252
vn 0.6629 0.7197 -0.2065
vn 0.7814 0.6074 -0.1432
vn 0.5943 0.7196 -0.3592
vn 0.7243 0.6075 -0.3261
vn 0.5465 0.7197 -0.4283
vn 0.5617 0.6075 -0.5617
vn 0.6252 0.6075 -0.4899
vn 0.4281 0.7198 -0.5465
vn 0.3592 0.7197 -0.5941
vn 0.4110 0.6075 -0.6797
vn 0.2848 0.7197 -0.6331
vn 0.2066 0.7196 -0.6629
vn 0.3259 0.6075 -0.7243
vn -0.1460 0.9892 -0.0095
vn -0.1310 0.9913 -0.0133
vn -0.1310 0.9913 0.0133
vn -0.1460 0.9892 0.0095
vn -0.2066 0.7197 -0.6628
vn -0.2849 0.7197 -0.6332
vn -0.3260 0.6075 -0.7244
vn -0.4040 0.1761 -0.8976
vn -0.2930 0.1762 -0.9398
vn 0.0586 0.2403 -0.9689
vn 0.0595 0.1761 -0.9826
vn 0.1774 0.1761 -0.9683
vn 0.2929 0.1761 -0.9398
vn 0.4039 0.1762 -0.8977
vn 0.5022 0.2404 -0.8306
vn 0.6070 0.1761 -0.7749
vn 0.7640 0.2404 -0.5988
vn 0.6864 0.2403 -0.6864
vn 0.6961 0.1762 -0.6960
vn 0.7749 0.1760 -0.6071
vn 0.8851 0.2404 -0.3985
vn 0.8308 0.2403 -0.5021
vn 0.8425 0.1761 -0.5091
vn 0.9547 0.2404 -0.1751
vn 0.9268 0.2403 -0.2887
vn 0.9682 0.1761 -0.1774
vn 0.9689 0.2403 0.0585
vn 0.9826 0.1762 -0.0593
vn 0.9826 0.1761 0.0594
vn 0.9268 0.2404 0.2887
vn 0.9548 0.2403 0.1750
vn 0.9682 0.1762 0.1775
vn 0.8851 0.2404 0.3985
vn 0.8976 0.1761 0.4041
vn 0.6865 0.2404 0.6863
vn 0.7641 0.2403 0.5987
vn 0.7748 0.1762 0.6072
vn 0.6961 0.1761 0.6960
vn 0.5022 0.2403 0.8307
vn 0.5093 0.1762 0.8424
vn 0.2889 0.2403 0.9267
vn 0.3983 0.2403 0.8852
vn 0.0586 0.2403 0.9689
vn 0.1774 0.1761 0.9682
vn -0.0587 0.2404 0.9689
vn -0.1774 0.1762 0.9683
vn -0.3983 0.2404 0.8852
vn -0.2888 0.2403 0.9267
vn -0.5023 0.2403 0.8307
vn -0.5093 0.1761 0.8424
vn -0.7640 0.2404 0.5987
vn -0.6864 0.2403 0.6863
vn -0.6961 0.1762 0.6960
vn -0.7749 0.1761 0.6071
vn -0.8851 0.2403 0.3985
vn -0.8976 0.1762 0.4041
vn -0.9548 0.2404 0.1751
vn -0.9268 0.2403 0.2887
vn -0.9682 0.1761 0.1775
vn -0.9689 0.2403 -0.0585
vn -0.9689 0.2403 0.0586
vn -0.9826 0.1762 0.0593
vn -0.9826 0.1761 -0.0594
vn -0.9268 0.2404 -0.2887
vn -0.9548 0.2403 -0.1750
vn -0.9682 0.1762 -0.1775
vn -0.8308 0.2404 -0.5020
vn -0.8851 0.2403 -0.3985
vn -0.8425 0.1761 -0.5092
vn -0.6865 0.2404 -0.6863
vn -0.7641 0.2403 -0.5987
vn -0.7748 0.1761 -0.6072
vn -0.6961 0.1760 -0.6961
vn -0.5022 0.2403 -0.8307
vn -0.6070 0.1762 -0.7749
vn -0.0587 0.2404 -0.9689
vn -0.1773 0.1761 -0.9683
vn -0.0594 0.1761 -0.9826
vn -0.3592 0.7198 -0.5940
vn -0.4282 0.7197 -0.5466
vn -0.4110 0.6074 -0.6798
vn 0.1912 0.0936 -0.9771
vn 0.0648 0.0942 -0.9934
vn 0.0640 0.1886 -0.9800
vn 0.1886 0.1884 -0.9638
vn 0.4289 0.0899 -0.8989
vn 0.3139 0.0922 -0.9450
vn 0.3096 0.1871 -0.9323
vn 0.4433 0.1845 -0.8772
vn 0.6298 0.0849 -0.7721
vn 0.5347 0.0874 -0.8405
vn 0.5448 0.1809 -0.8188
vn 0.6337 0.1779 -0.7528
vn 0.7862 0.0817 -0.6125
vn 0.7079 0.0830 -0.7014
vn 0.7059 0.1762 -0.6861
vn 0.7803 0.1761 -0.6002
vn 0.9089 0.0812 -0.4091
vn 0.8536 0.0811 -0.5147
vn 0.8439 0.1776 -0.5063
vn 0.8974 0.1801 -0.4029
vn 0.9516 0.0814 -0.2963
vn 0.9386 0.1829 -0.2927
vn 0.9666 0.1854 -0.1771
vn 0.9948 0.0821 0.0601
vn 0.9948 0.0820 -0.0600
vn 0.9805 0.1871 -0.0595
vn 0.9804 0.1876 0.0601
vn 0.9512 0.0816 0.2975
vn 0.9803 0.0819 0.1800
vn 0.9657 0.1867 0.1807
vn 0.9362 0.1845 0.2993
vn 0.8526 0.0805 0.5163
vn 0.9083 0.0810 0.4103
vn 0.8929 0.1810 0.4124
vn 0.8418 0.1772 0.5099
vn 0.7045 0.0805 0.7051
vn 0.7844 0.0802 0.6151
vn 0.7752 0.1744 0.6071
vn 0.6974 0.1752 0.6950
vn 0.5152 0.0827 0.8531
vn 0.6143 0.0814 0.7849
vn 0.6085 0.1802 0.7728
vn 0.5124 0.1887 0.8378
vn 0.2962 0.0871 0.9511
vn 0.4083 0.0848 0.9089
vn 0.4077 0.2006 0.8908
vn 0.2958 0.2151 0.9307
vn 0.0599 0.0901 0.9941
vn 0.1795 0.0890 0.9797
vn 0.1777 0.2278 0.9574
vn 0.0594 0.2354 0.9701
vn -0.1836 0.0896 0.9789
vn -0.0616 0.0903 0.9940
vn -0.0699 0.2373 0.9689
vn -0.2112 0.2337 0.9491
vn -0.4166 0.0860 0.9050
vn -0.3038 0.0881 0.9486
vn -0.3468 0.2242 0.9108
vn -0.4600 0.2106 0.8626
vn -0.6177 0.0820 0.7821
vn -0.5214 0.0837 0.8492
vn -0.5504 0.1969 0.8114
vn -0.6332 0.1864 0.7512
vn -0.7853 0.0804 0.6139
vn -0.7069 0.0809 0.7027
vn -0.7118 0.1796 0.6791
vn -0.7798 0.1761 0.6008
vn -0.9088 0.0809 0.4093
vn -0.8528 0.0805 0.5160
vn -0.8399 0.1764 0.5134
vn -0.8966 0.1795 0.4048
vn -0.9803 0.0819 0.1796
vn -0.9516 0.0814 0.2965
vn -0.9383 0.1833 0.2931
vn -0.9664 0.1860 0.1771
vn -0.9948 0.0821 -0.0604
vn -0.9948 0.0821 0.0600
vn -0.9805 0.1874 0.0592
vn -0.9804 0.1874 -0.0610
vn -0.9514 0.0815 -0.2970
vn -0.9658 0.1861 -0.1808
vn -0.9371 0.1837 -0.2969
vn -0.8546 0.0808 -0.5130
vn -0.9091 0.0811 -0.4085
vn -0.8955 0.1808 -0.4067
vn -0.8431 0.1778 -0.5074
vn -0.7147 0.0816 -0.6946
vn -0.7900 0.0808 -0.6078
vn -0.7821 0.1756 -0.5980
vn -0.7127 0.1745 -0.6795
vn -0.5216 0.0852 -0.8489
vn -0.6195 0.0830 -0.7806
vn -0.6222 0.1747 -0.7631
vn -0.5281 0.1768 -0.8306
vn -0.3015 0.0904 -0.9492
vn -0.4152 0.0879 -0.9055
vn -0.4234 0.1800 -0.8879
vn -0.3265 0.1838 -0.9272
vn -0.0616 0.0937 -0.9937
vn -0.1834 0.0925 -0.9787
vn -0.2000 0.1862 -0.9619
vn -0.0684 0.1878 -0.9798
vn -0.5466 0.7196 -0.4283
vn -0.6253 0.6075 -0.4899
vn -0.5617 0.6075 -0.5616
vn 0.1399 -0.6311 -0.7630
vn 0.0476 -0.6133 -0.7884
vn 0.1423 -0.6134 -0.7769
vn 0.2308 -0.6311 -0.7406
vn 0.4783 -0.6312 -0.6106
vn 0.4013 -0.6311 -0.6638
vn 0.4087 -0.6133 -0.6759
vn 0.6107 -0.6310 -0.4784
vn 0.5486 -0.6311 -0.5485
vn 0.5585 -0.6133 -0.5585
vn 0.6217 -0.6133 -0.4871
vn 0.7073 -0.6311 -0.3185
vn 0.6639 -0.6311 -0.4012
vn 0.6760 -0.6133 -0.4086
vn 0.7202 -0.6133 -0.3242
vn 0.7630 -0.6310 -0.1399
vn 0.7630 -0.6311 0.1399
vn 0.7541 -0.6133 0.2350
vn 0.6639 -0.6311 0.4013
vn 0.7074 -0.6311 0.3185
vn 0.7202 -0.6134 0.3243
vn 0.6759 -0.6133 0.4086
vn 0.6105 -0.6311 0.4785
vn 0.5586 -0.6133 0.5584
vn 0.4014 -0.6312 0.6637
vn 0.4784 -0.6310 0.6106
vn 0.2308 -0.6311 0.7406
vn 0.3183 -0.6311 0.7074
vn 0.3242 -0.6133 0.7203
vn 0.2351 -0.6133 0.7540
vn 0.1397 -0.6311 0.7630
vn 0.1423 -0.6133 0.7769
vn 0.0477 -0.6133 0.7884
vn -0.1398 -0.6311 0.7630
vn -0.0478 -0.6133 0.7884
vn -0.1424 -0.6133 0.7769
vn -0.3184 -0.6311 0.7074
vn -0.2309 -0.6311 0.7405
vn -0.2350 -0.6133 0.7541
vn -0.3241 -0.6133 0.7203
vn -0.4782 -0.6312 0.6107
vn -0.4013 -0.6311 0.6638
vn -0.6107 -0.6310 0.4784
vn -0.5586 -0.6133 0.5585
vn -0.7073 -0.6311 0.3185
vn -0.6639 -0.6311 0.4012
vn -0.6760 -0.6133 0.4086
vn -0.7202 -0.6133 0.3242
vn -0.7630 -0.6310 0.1398
vn -0.7541 -0.6134 0.2349
vn -0.7630 -0.6311 -0.1399
vn -0.6639 -0.6311 -0.4013
vn -0.7073 -0.6311 -0.3184
vn -0.7202 -0.6133 -0.3243
vn -0.6759 -0.6133 -0.4086
vn -0.5485 -0.6310 -0.5485
vn -0.6106 -0.6311 -0.4785
vn -0.6218 -0.6133 -0.4871
vn -0.5585 -0.6133 -0.5584
vn -0.4014 -0.6312 -0.6637
vn -0.4784 -0.6311 -0.6106
vn -0.4087 -0.6133 -0.6758
vn 0.1799 0.0478 -0.9825
vn -0.1799 0.0478 -0.9825
vn 0.4099 0.0477 -0.9109
vn 0.4078 0.1132 -0.9060
vn 0.2956 0.1133 -0.9486
vn 0.2972 0.0477 -0.9536
vn -0.1803 -0.0352 -0.9830
vn -0.1803 0.0133 -0.9835
vn -0.0604 0.0138 -0.9981
vn 0.5140 0.1133 -0.8502
vn 0.5168 0.0478 -0.8548
vn 0.3943 -0.2772 -0.8762
vn 0.7820 0.1134 -0.6129
vn 0.7026 0.1134 -0.7025
vn 0.5925 -0.2772 -0.7564
vn 0.6080 -0.1669 -0.7762
vn 0.5101 -0.1669 -0.8437
vn 0.4972 -0.2772 -0.8222
vn 0.9108 0.0478 -0.4101
vn 0.9060 0.1133 -0.4079
vn 0.8549 0.0478 -0.5167
vn 0.7761 -0.1670 -0.6082
vn 0.6794 -0.2772 -0.6793
vn 0.9825 0.0478 -0.1801
vn 0.9773 0.1133 -0.1792
vn 0.9486 0.1133 -0.2956
vn 0.9537 0.0478 -0.2971
vn 0.8761 -0.2773 -0.3944
vn 0.8991 -0.1669 -0.4047
vn 0.8223 -0.2773 -0.4970
vn 0.9698 -0.1669 -0.1777
vn 0.9773 0.1133 0.1792
vn 0.9825 0.0477 0.1801
vn 0.9590 -0.2773 0.0580
vn 0.8549 0.0478 0.5167
vn 0.9108 0.0478 0.4101
vn 0.9450 -0.2773 0.1732
vn 0.7820 0.1133 0.6128
vn 0.8223 -0.2773 0.4970
vn 0.8761 -0.2773 0.3944
vn 0.5168 0.0478 0.8548
vn 0.5140 0.1133 0.8502
vn 0.6127 0.1133 0.7822
vn 0.7562 -0.2773 0.5926
vn 0.2972 0.0477 0.9536
vn 0.4972 -0.2773 0.8222
vn 0.5925 -0.2772 0.7564
vn 0.1800 0.0477 0.9825
vn -0.1800 0.0477 0.9825
vn 0.0597 -0.1670 0.9842
vn -0.2972 0.0477 0.9536
vn -0.0597 -0.1670 0.9842
vn -0.6127 0.1133 0.7822
vn -0.5140 0.1133 0.8502
vn -0.5168 0.0478 0.8548
vn -0.7820 0.1133 0.6128
vn -0.5925 -0.2772 0.7564
vn -0.4972 -0.2773 0.8222
vn -0.9108 0.0478 0.4101
vn -0.8549 0.0478 0.5167
vn -0.7562 -0.2773 0.5926
vn -0.9825 0.0477 0.1801
vn -0.9773 0.1133 0.1792
vn -0.8761 -0.2773 0.3944
vn -0.8223 -0.2773 0.4969
vn -0.9450 -0.2773 0.1732
vn -0.9537 0.0478 -0.2971
vn -0.9486 0.1133 -0.2956
vn -0.9773 0.1133 -0.1792
vn -0.9825 0.0478 -0.1801
vn -0.9590 -0.2773 0.0580
vn -0.8549 0.0478 -0.5167
vn -0.9060 0.1133 -0.4079
vn -0.9108 0.0478 -0.4101
vn -0.9698 -0.1669 -0.1777
vn -0.7063 0.0477 -0.7063
vn -0.7026 0.1134 -0.7025
vn -0.7820 0.1134 -0.6129
vn -0.7862 0.0477 -0.6161
vn -0.8223 -0.2773 -0.4970
vn -0.8991 -0.1669 -0.4047
vn -0.8761 -0.2773 -0.3944
vn -0.5168 0.0478 -0.8548
vn -0.5140 0.1133 -0.8502
vn -0.6794 -0.2772 -0.6793
vn -0.7761 -0.1670 -0.6082
vn -0.7563 -0.2773 -0.5926
vn -0.2972 0.0477 -0.9536
vn -0.2956 0.1133 -0.9486
vn -0.4078 0.1132 -0.9060
vn -0.4099 0.0477 -0.9109
vn -0.4972 -0.2772 -0.8222
vn -0.5101 -0.1669 -0.8437
vn -0.6080 -0.1669 -0.7762
vn -0.5925 -0.2772 -0.7564
vn 0.1777 -0.1669 -0.9698
vn 0.0596 -0.1669 -0.9842
vn -0.3943 -0.2772 -0.8762
vn -0.1660 -0.3881 -0.9065
vn -0.1579 -0.4815 -0.8621
vn -0.1398 -0.6311 -0.7630
vn -0.1424 -0.6133 -0.7769
vn -0.0478 -0.6134 -0.7884
vn 0.1766 -0.2017 -0.9634
vn 0.0594 -0.2017 -0.9776
vn 0.0601 -0.0988 -0.9933
vn 0.1795 -0.0988 -0.9788
vn 0.5066 -0.5702 -0.6467
vn 0.4251 -0.5703 -0.7029
vn -0.8931 -0.2017 -0.4021
vn -0.9074 -0.0989 -0.4084
vn -0.8516 -0.0989 -0.5148
vn -0.6467 -0.5702 -0.5066
vn -0.6723 -0.5200 -0.5269
vn -0.9351 -0.2017 -0.2914
vn -0.9634 -0.2017 -0.1764
vn -0.9788 -0.0989 -0.1794
vn -0.9500 -0.0989 -0.2960
vn -0.9634 -0.2017 0.1766
vn -0.9351 -0.2018 0.2913
vn -0.9500 -0.0989 0.2960
vn -0.9788 -0.0989 0.1795
vn -0.8526 -0.5200 0.0516
vn -0.8526 -0.5200 -0.0515
vn -0.8402 -0.5200 -0.1540
vn -0.8155 -0.5200 -0.2540
vn -0.7843 -0.5702 0.2444
vn -0.8155 -0.5200 0.2541
vn -0.6039 -0.2017 0.7711
vn -0.5069 -0.2017 0.8381
vn -0.5149 -0.0989 0.8515
vn -0.6136 -0.0989 0.7834
vn -0.8932 -0.2017 0.4020
vn -0.8517 -0.0989 0.5146
vn -0.9074 -0.0989 0.4085
vn 0.0592 -0.2018 0.9776
vn 0.1764 -0.2017 0.9634
vn 0.1790 -0.0989 0.9789
vn 0.0605 -0.0989 0.9933
vn -0.0516 -0.5200 0.8526
vn 0.2918 -0.2018 0.9350
vn 0.4017 -0.2017 0.8933
vn 0.4081 -0.0989 0.9076
vn 0.2962 -0.0989 0.9500
vn 0.6927 -0.2018 0.6924
vn 0.7710 -0.2017 0.6041
vn 0.7832 -0.0989 0.6139
vn 0.7038 -0.0989 0.7034
vn 0.5065 -0.5703 0.6467
vn 0.5268 -0.5200 0.6724
vn 0.4420 -0.5200 0.7309
vn 0.2444 -0.5702 0.7843
vn 0.3505 -0.5200 0.7789
vn 0.2542 -0.5200 0.8154
vn 0.5809 -0.5702 0.5809
vn 0.6467 -0.5702 0.5066
vn 0.9777 -0.2018 0.0589
vn 0.9777 -0.2017 -0.0591
vn 0.9933 -0.0989 -0.0598
vn 0.9933 -0.0988 0.0601
vn 0.8931 -0.2017 0.4021
vn 0.9074 -0.0989 0.4084
vn 0.8517 -0.0989 0.5147
vn 0.7833 -0.0989 -0.6138
vn 0.7491 -0.5702 -0.3371
vn 0.5068 -0.2017 -0.8381
vn 0.6136 -0.0989 -0.7834
vn 0.4017 -0.2017 -0.8933
vn 0.2915 -0.2017 -0.9351
vn 0.2960 -0.0989 -0.9501
vn -0.1481 -0.5702 -0.8081
vn -0.1538 -0.5200 -0.8402
vn -0.0515 -0.5200 -0.8526
vn -0.0476 -0.6172 -0.7853
vn -0.0499 -0.5644 -0.8240
vn -0.1487 -0.5645 -0.8120
vn -0.1417 -0.6172 -0.7739
vn -0.3596 -0.4816 -0.7992
vn -0.2608 -0.4816 -0.8367
vn -0.2341 -0.6172 -0.7511
vn -0.2456 -0.5645 -0.7881
vn -0.3388 -0.5645 -0.7527
vn -0.4769 -0.3881 -0.7887
vn -0.4071 -0.6172 -0.6733
vn -0.4271 -0.5645 -0.7064
vn -0.4852 -0.6172 -0.6194
vn -0.7254 -0.3881 -0.5685
vn -0.6898 -0.4816 -0.5406
vn -0.6198 -0.4816 -0.6197
vn -0.6497 -0.5645 -0.5091
vn -0.6194 -0.6172 -0.4852
vn -0.7887 -0.3881 -0.4768
vn -0.7992 -0.4816 -0.3597
vn -0.7500 -0.4815 -0.4534
vn -0.7064 -0.5645 -0.4271
vn -0.7527 -0.5644 -0.3388
vn -0.7174 -0.6172 -0.3230
vn -0.8799 -0.3881 -0.2741
vn -0.8620 -0.4816 -0.1581
vn -0.8367 -0.4815 -0.2607
vn -0.7881 -0.5645 -0.2456
vn -0.8119 -0.5645 -0.1489
vn -0.7854 -0.6172 -0.0474
vn -0.8240 -0.5645 -0.0497
vn -0.8240 -0.5645 0.0497
vn -0.7854 -0.6172 0.0474
vn -0.8621 -0.4816 0.1580
vn -0.8119 -0.5645 0.1489
vn -0.7881 -0.5645 0.2455
vn -0.7512 -0.6172 0.2341
vn -0.7887 -0.3881 0.4767
vn -0.7175 -0.6172 0.3230
vn -0.7064 -0.5644 0.4270
vn -0.7255 -0.3881 0.5684
vn -0.6898 -0.4816 0.5405
vn -0.6193 -0.6172 0.4853
vn -0.6498 -0.5644 0.5091
vn -0.4768 -0.3881 0.7887
vn -0.5405 -0.4815 0.6899
vn -0.5090 -0.5645 0.6498
vn -0.4071 -0.6173 0.6733
vn -0.2742 -0.3880 0.8799
vn -0.3596 -0.4816 0.7992
vn -0.3228 -0.6173 0.7175
vn -0.2456 -0.5645 0.7881
vn -0.2342 -0.6172 0.7512
vn -0.1661 -0.3881 0.9065
vn -0.0529 -0.4815 0.8748
vn -0.1579 -0.4816 0.8621
vn -0.1418 -0.6172 0.7739
vn -0.1488 -0.5645 0.8119
vn -0.0475 -0.6172 0.7854
vn 0.1661 -0.3880 0.9065
vn 0.1579 -0.4816 0.8620
vn 0.0530 -0.4816 0.8748
vn 0.0475 -0.6172 0.7854
vn 0.1488 -0.5645 0.8119
vn 0.1418 -0.6172 0.7739
vn 0.2743 -0.3881 0.8799
vn 0.3596 -0.4815 0.7992
vn 0.2342 -0.6172 0.7512
vn 0.2456 -0.5645 0.7881
vn 0.3228 -0.6173 0.7175
vn 0.4769 -0.3881 0.7886
vn 0.5404 -0.4816 0.6900
vn 0.4071 -0.6173 0.6733
vn 0.5090 -0.5645 0.6498
vn 0.7254 -0.3881 0.5684
vn 0.6899 -0.4816 0.5405
vn 0.6497 -0.5645 0.5091
vn 0.6194 -0.6172 0.4853
vn 0.7887 -0.3881 0.4768
vn 0.6734 -0.6172 0.4070
vn 0.7175 -0.6172 0.3230
vn 0.8620 -0.4816 0.1581
vn 0.7512 -0.6172 0.2341
vn 0.7881 -0.5645 0.2455
vn 0.8119 -0.5645 0.1489
vn 0.7854 -0.6172 0.0474
vn 0.8240 -0.5645 0.0497
vn 0.8240 -0.5645 -0.0497
vn 0.7854 -0.6172 -0.0474
vn 0.8799 -0.3881 -0.2742
vn 0.8367 -0.4816 -0.2607
vn 0.8621 -0.4816 -0.1580
vn 0.8119 -0.5645 -0.1489
vn 0.7881 -0.5645 -0.2456
vn 0.7887 -0.3881 -0.4767
vn 0.7500 -0.4816 -0.4534
vn 0.7992 -0.4815 -0.3597
vn 0.7174 -0.6172 -0.3230
vn 0.7527 -0.5644 -0.3388
vn 0.7064 -0.5645 -0.4271
vn 0.7254 -0.3881 -0.5684
vn 0.6198 -0.4816 -0.6196
vn 0.6898 -0.4816 -0.5405
vn 0.6194 -0.6172 -0.4852
vn 0.6497 -0.5645 -0.5091
vn 0.4769 -0.3881 -0.7886
vn 0.4852 -0.6172 -0.6194
vn 0.4271 -0.5645 -0.7064
vn 0.4071 -0.6172 -0.6733
vn 0.2608 -0.4815 -0.8367
vn 0.3597 -0.4816 -0.7992
vn 0.3388 -0.5645 -0.7527
vn 0.2456 -0.5645 -0.7881
vn 0.2341 -0.6172 -0.7511
vn 0.1661 -0.3881 -0.9065
vn 0.1579 -0.4816 -0.8621
vn 0.1417 -0.6172 -0.7739
vn 0.1487 -0.5645 -0.8120
vn 0.0499 -0.5644 -0.8240
vn 0.0476 -0.6172 -0.7853
vn -0.2308 -0.6311 -0.7405
vn -0.0579 -0.2812 -0.9579
vn -0.0566 -0.3521 -0.9342
vn -0.1685 -0.3521 -0.9207
vn -0.1729 -0.2813 -0.9439
vn -0.0550 -0.4178 -0.9069
vn -0.0533 -0.4699 -0.8811
vn -0.1637 -0.4177 -0.8937
vn -0.2854 -0.2813 -0.9162
vn -0.2785 -0.3521 -0.8936
vn -0.3841 -0.3521 -0.8535
vn -0.3937 -0.2813 -0.8751
vn -0.2627 -0.4699 -0.8427
vn -0.3729 -0.4177 -0.8285
vn -0.4967 -0.2813 -0.8210
vn -0.4842 -0.3521 -0.8010
vn -0.5772 -0.3522 -0.7368
vn -0.5917 -0.2812 -0.7555
vn -0.4700 -0.4177 -0.7776
vn -0.4567 -0.4699 -0.7554
vn -0.5443 -0.4699 -0.6949
vn -0.6619 -0.3521 -0.6617
vn -0.7554 -0.2813 -0.5919
vn -0.6426 -0.4177 -0.6424
vn -0.6948 -0.4699 -0.5444
vn -0.8011 -0.3521 -0.4841
vn -0.7776 -0.4177 -0.4700
vn -0.7554 -0.4699 -0.4567
vn -0.8050 -0.4699 -0.3623
vn -0.8285 -0.4177 -0.3730
vn -0.9162 -0.2813 -0.2854
vn -0.8936 -0.3521 -0.2783
vn -0.9206 -0.3521 -0.1688
vn -0.9439 -0.2813 -0.1729
vn -0.8428 -0.4699 -0.2625
vn -0.8937 -0.4177 -0.1639
vn -0.9343 -0.3521 -0.0566
vn -0.9343 -0.3521 0.0566
vn -0.9069 -0.4177 -0.0548
vn -0.8811 -0.4699 0.0533
vn -0.9069 -0.4178 0.0548
vn -0.9439 -0.2813 0.1730
vn -0.9206 -0.3521 0.1688
vn -0.8936 -0.3521 0.2783
vn -0.9162 -0.2813 0.2854
vn -0.8937 -0.4178 0.1639
vn -0.8428 -0.4699 0.2625
vn -0.8535 -0.3521 0.3842
vn -0.8010 -0.3522 0.4841
vn -0.8213 -0.2812 0.4964
vn -0.8285 -0.4177 0.3730
vn -0.7555 -0.4699 0.4566
vn -0.7554 -0.2812 0.5919
vn -0.7367 -0.3522 0.5773
vn -0.6618 -0.3521 0.6618
vn -0.6787 -0.2813 0.6784
vn -0.6948 -0.4699 0.5444
vn -0.5916 -0.2813 0.7556
vn -0.5772 -0.3521 0.7368
vn -0.4842 -0.3521 0.8010
vn -0.4967 -0.2813 0.8211
vn -0.5443 -0.4699 0.6949
vn -0.4568 -0.4699 0.7553
vn -0.4702 -0.4178 0.7774
vn -0.3938 -0.2813 0.8751
vn -0.3841 -0.3521 0.8535
vn -0.2785 -0.3521 0.8936
vn -0.2856 -0.2812 0.9162
vn -0.3727 -0.4178 0.8286
vn -0.2627 -0.4699 0.8427
vn -0.1727 -0.2812 0.9440
vn -0.1688 -0.3521 0.9206
vn -0.0566 -0.3521 0.9342
vn -0.0582 -0.2813 0.9579
vn -0.1637 -0.4177 0.8937
vn -0.0550 -0.4177 0.9069
vn 0.0582 -0.2813 0.9579
vn 0.0566 -0.3521 0.9342
vn 0.1688 -0.3521 0.9206
vn 0.1727 -0.2812 0.9440
vn 0.0550 -0.4177 0.9069
vn 0.1637 -0.4177 0.8937
vn 0.2856 -0.2812 0.9162
vn 0.2785 -0.3521 0.8936
vn 0.3841 -0.3521 0.8535
vn 0.3938 -0.2813 0.8751
vn 0.2627 -0.4699 0.8427
vn 0.3727 -0.4178 0.8286
vn 0.4967 -0.2813 0.8211
vn 0.4843 -0.3521 0.8010
vn 0.5772 -0.3521 0.7368
vn 0.5916 -0.2813 0.7556
vn 0.4702 -0.4178 0.7774
vn 0.4568 -0.4699 0.7553
vn 0.5443 -0.4699 0.6949
vn 0.6787 -0.2813 0.6784
vn 0.6618 -0.3521 0.6618
vn 0.7367 -0.3522 0.5773
vn 0.7554 -0.2812 0.5919
vn 0.6948 -0.4699 0.5444
vn 0.8213 -0.2812 0.4964
vn 0.8010 -0.3522 0.4841
vn 0.8535 -0.3521 0.3842
vn 0.7555 -0.4699 0.4566
vn 0.8285 -0.4177 0.3730
vn 0.9162 -0.2813 0.2854
vn 0.8936 -0.3521 0.2783
vn 0.9206 -0.3521 0.1688
vn 0.9439 -0.2813 0.1730
vn 0.8428 -0.4699 0.2625
vn 0.8937 -0.4178 0.1639
vn 0.9343 -0.3521 0.0566
vn 0.9343 -0.3521 -0.0566
vn 0.9069 -0.4178 0.0548
vn 0.9069 -0.4177 -0.0548
vn 0.9439 -0.2813 -0.1729
vn 0.9206 -0.3521 -0.1688
vn 0.8936 -0.3521 -0.2783
vn 0.9162 -0.2813 -0.2854
vn 0.8937 -0.4177 -0.1639
vn 0.8428 -0.4699 -0.2625
vn 0.8011 -0.3521 -0.4841
vn 0.8285 -0.4177 -0.3730
vn 0.8050 -0.4699 -0.3623
vn 0.7554 -0.4699 -0.4567
vn 0.7776 -0.4177 -0.4700
vn 0.7554 -0.2813 -0.5919
vn 0.6619 -0.3521 -0.6617
vn 0.6948 -0.4699 -0.5444
vn 0.6426 -0.4177 -0.6424
vn 0.5917 -0.2812 -0.7555
vn 0.5772 -0.3522 -0.7368
vn 0.4842 -0.3521 -0.8010
vn 0.4967 -0.2813 -0.8210
vn 0.5443 -0.4699 -0.6949
vn 0.4567 -0.4699 -0.7554
vn 0.4700 -0.4177 -0.7776
vn 0.3937 -0.2813 -0.8751
vn 0.3841 -0.3521 -0.8535
vn 0.2785 -0.3521 -0.8936
vn 0.2854 -0.2813 -0.9162
vn 0.3729 -0.4177 -0.8285
vn 0.2627 -0.4699 -0.8427
vn 0.1729 -0.2813 -0.9439
vn 0.1685 -0.3521 -0.9207
vn 0.0566 -0.3521 -0.9342
vn 0.0579 -0.2812 -0.9579
vn 0.1637 -0.4177 -0.8937
vn 0.0533 -0.4699 -0.8811
vn 0.0550 -0.4178 -0.9069
vn -0.0592 -0.2017 -0.9777
vn -0.1764 -0.2017 -0.9634
vn -0.1794 -0.0989 -0.9788
vn -0.0602 -0.0988 -0.9933
vn 0.1702 0.3290 -0.9289
vn 0.1627 0.4304 -0.8879
vn 0.0545 0.4304 -0.9010
vn 0.0571 0.3290 -0.9426
vn 0.1549 0.5104 -0.8459
vn 0.3704 0.4304 -0.8231
vn 0.2685 0.4304 -0.8618
vn 0.2810 0.3290 -0.9015
vn 0.2559 0.5104 -0.8210
vn 0.5566 0.4305 -0.7106
vn 0.4670 0.4304 -0.7724
vn 0.4886 0.3291 -0.8081
vn 0.4287 0.5600 -0.7090
vn 0.7434 0.3290 -0.5824
vn 0.7104 0.4305 -0.5567
vn 0.6383 0.4305 -0.6381
vn 0.6677 0.3290 -0.6678
vn 0.6522 0.5599 -0.5110
vn 0.5859 0.5599 -0.5859
vn 0.8611 0.3290 -0.3876
vn 0.8230 0.4305 -0.3705
vn 0.8082 0.3290 -0.4885
vn 0.7842 0.5103 -0.3530
vn 0.7360 0.5103 -0.4449
vn 0.8459 0.5103 -0.1550
vn 0.8149 0.5600 -0.1494
vn 0.8210 0.5103 -0.2558
vn 0.9426 0.3291 0.0570
vn 0.9010 0.4305 0.0544
vn 0.9010 0.4305 -0.0544
vn 0.9426 0.3291 -0.0570
vn 0.8270 0.5600 0.0499
vn 0.8270 0.5600 -0.0499
vn 0.9016 0.3291 0.2808
vn 0.8618 0.4304 0.2685
vn 0.8878 0.4304 0.1628
vn 0.8210 0.5103 0.2558
vn 0.7910 0.5600 0.2464
vn 0.8149 0.5600 0.1494
vn 0.8459 0.5103 0.1550
vn 0.8082 0.3290 0.4885
vn 0.7724 0.4305 0.4669
vn 0.7555 0.5600 0.3401
vn 0.7842 0.5103 0.3529
vn 0.6678 0.3290 0.6677
vn 0.6383 0.4305 0.6381
vn 0.7105 0.4305 0.5567
vn 0.7433 0.3290 0.5824
vn 0.6522 0.5599 0.5110
vn 0.6769 0.5104 0.5304
vn 0.5566 0.4305 0.7106
vn 0.4450 0.5104 0.7359
vn 0.4284 0.5600 0.7092
vn 0.4287 0.5599 0.7090
vn 0.5109 0.5599 0.6522
vn 0.2810 0.3290 0.9015
vn 0.3703 0.4305 0.8231
vn 0.3875 0.3290 0.8611
vn 0.3400 0.5599 0.7556
vn 0.3403 0.5601 0.7554
vn 0.3529 0.5104 0.7842
vn 0.0571 0.3291 0.9426
vn 0.0545 0.4304 0.9010
vn 0.1626 0.4304 0.8878
vn 0.1701 0.3291 0.9288
vn 0.0520 0.5104 0.8584
vn 0.1494 0.5599 0.8150
vn 0.1550 0.5104 0.8459
vn -0.1701 0.3291 0.9288
vn -0.1626 0.4304 0.8878
vn -0.0545 0.4304 0.9010
vn -0.0571 0.3291 0.9426
vn -0.1550 0.5104 0.8459
vn -0.1494 0.5599 0.8150
vn -0.0520 0.5104 0.8584
vn -0.3875 0.3290 0.8611
vn -0.3703 0.4305 0.8231
vn -0.2810 0.3290 0.9015
vn -0.3529 0.5104 0.7842
vn -0.3400 0.5599 0.7556
vn -0.5566 0.4305 0.7106
vn -0.5109 0.5599 0.6522
vn -0.4287 0.5599 0.7090
vn -0.4450 0.5104 0.7359
vn -0.7433 0.3290 0.5824
vn -0.7105 0.4305 0.5567
vn -0.6383 0.4305 0.6381
vn -0.6678 0.3290 0.6677
vn -0.6769 0.5104 0.5304
vn -0.6522 0.5599 0.5110
vn -0.8230 0.4305 0.3705
vn -0.7724 0.4305 0.4669
vn -0.8082 0.3290 0.4885
vn -0.7842 0.5103 0.3529
vn -0.7555 0.5600 0.3401
vn -0.8878 0.4304 0.1628
vn -0.8618 0.4304 0.2684
vn -0.9016 0.3291 0.2808
vn -0.8459 0.5103 0.1550
vn -0.8149 0.5600 0.1494
vn -0.7910 0.5600 0.2464
vn -0.8210 0.5103 0.2558
vn -0.9426 0.3291 -0.0570
vn -0.9010 0.4305 -0.0544
vn -0.9010 0.4305 0.0544
vn -0.9426 0.3291 0.0570
vn -0.8270 0.5600 -0.0499
vn -0.8270 0.5600 0.0499
vn -0.8210 0.5103 -0.2558
vn -0.8149 0.5600 -0.1494
vn -0.8459 0.5103 -0.1550
vn -0.8082 0.3290 -0.4885
vn -0.8230 0.4305 -0.3705
vn -0.8611 0.3290 -0.3876
vn -0.7360 0.5103 -0.4449
vn -0.7842 0.5103 -0.3530
vn -0.6677 0.3290 -0.6678
vn -0.6383 0.4305 -0.6381
vn -0.7104 0.4305 -0.5567
vn -0.7434 0.3290 -0.5824
vn -0.5859 0.5599 -0.5859
vn -0.6522 0.5599 -0.5110
vn -0.4886 0.3291 -0.8081
vn -0.4670 0.4304 -0.7724
vn -0.5566 0.4305 -0.7106
vn -0.4287 0.5600 -0.7090
vn -0.2810 0.3290 -0.9015
vn -0.2685 0.4304 -0.8618
vn -0.3704 0.4304 -0.8231
vn -0.2559 0.5104 -0.8210
vn -0.0571 0.3290 -0.9426
vn -0.0545 0.4304 -0.9010
vn -0.1627 0.4304 -0.8879
vn -0.1702 0.3290 -0.9289
vn -0.1549 0.5104 -0.8459
vn 0.0604 -0.0079 -0.9981
vn 0.0602 -0.0750 -0.9954
vn 0.2976 -0.0078 -0.9547
vn 0.6166 -0.0078 -0.7872
vn 0.7871 -0.0078 -0.6168
vn 0.8558 -0.0078 -0.5172
vn 0.9119 -0.0078 -0.4104
vn 0.9547 -0.0079 -0.2975
vn 0.9808 -0.0750 -0.1798
vn 0.9836 -0.0080 -0.1800
vn 0.9981 -0.0081 -0.0605
vn 0.9982 -0.0079 -0.0603
vn 0.9954 -0.0750 -0.0602
vn 0.9954 -0.0750 0.0602
vn 0.9982 -0.0079 0.0603
vn 0.9981 -0.0080 0.0606
vn 0.9836 -0.0080 0.1801
vn 0.9808 -0.0750 0.1798
vn 0.9547 -0.0079 0.2975
vn 0.9119 -0.0078 0.4104
vn 0.8534 -0.0751 0.5158
vn 0.7871 -0.0079 0.6167
vn 0.7849 -0.0751 0.6151
vn 0.7052 -0.0751 0.7051
vn 0.7071 -0.0078 0.7071
vn 0.6167 -0.0078 0.7872
vn 0.6149 -0.0751 0.7850
vn 0.5160 -0.0751 0.8533
vn 0.5173 -0.0078 0.8558
vn 0.4103 -0.0079 0.9119
vn 0.4091 -0.0750 0.9094
vn 0.2967 -0.0750 0.9520
vn 0.2976 -0.0079 0.9546
vn 0.1802 -0.0078 0.9836
vn 0.0603 -0.0751 0.9954
vn 0.0604 -0.0078 0.9981
vn -0.0604 -0.0078 0.9981
vn -0.0603 -0.0751 0.9954
vn -0.1802 -0.0078 0.9836
vn -0.2976 -0.0079 0.9546
vn -0.2967 -0.0750 0.9520
vn -0.4091 -0.0750 0.9094
vn -0.4103 -0.0079 0.9119
vn -0.5173 -0.0078 0.8558
vn -0.5160 -0.0751 0.8533
vn -0.6149 -0.0751 0.7850
vn -0.6167 -0.0079 0.7872
vn -0.7071 -0.0078 0.7071
vn -0.7052 -0.0751 0.7051
vn -0.7849 -0.0751 0.6151
vn -0.7871 -0.0079 0.6167
vn -0.8534 -0.0751 0.5158
vn -0.9119 -0.0079 0.4104
vn -0.9547 -0.0079 0.2975
vn -0.9808 -0.0750 0.1798
vn -0.9982 -0.0079 0.0603
vn -0.9954 -0.0750 0.0602
vn -0.9954 -0.0750 -0.0602
vn -0.9982 -0.0079 -0.0603
vn -0.9808 -0.0750 -0.1798
vn -0.9547 -0.0079 -0.2975
vn -0.9119 -0.0078 -0.4104
vn -0.8558 -0.0078 -0.5172
vn -0.7071 -0.0078 -0.7070
vn -0.6166 -0.0078 -0.7872
vn -0.2976 -0.0078 -0.9547
vn -0.0602 -0.0750 -0.9954
vn -0.0604 -0.0079 -0.9981
vn -0.0596 -0.1669 -0.9842
vn -0.1777 -0.1669 -0.9698
vn -0.2973 -0.0354 -0.9541
vn -0.4098 -0.0356 -0.9115
vn -0.4110 0.0118 -0.9116
vn -0.2983 0.0126 -0.9544
vn -0.5172 -0.0357 -0.8551
vn -0.6162 -0.0358 -0.7868
vn -0.6170 0.0101 -0.7869
vn -0.5181 0.0109 -0.8553
vn -0.7067 -0.0359 -0.7067
vn -0.7888 0.0092 -0.6146
vn -0.7075 0.0095 -0.7067
vn -0.8553 -0.0359 -0.5168
vn -0.9112 -0.0359 -0.4103
vn -0.9118 0.0092 -0.4106
vn -0.8562 0.0091 -0.5165
vn -0.9542 -0.0359 -0.2971
vn -0.9829 -0.0359 -0.1806
vn -0.9835 0.0093 -0.1806
vn -0.9547 0.0093 -0.2975
vn -0.9975 -0.0359 -0.0603
vn -0.9975 -0.0359 0.0604
vn -0.9981 0.0093 0.0604
vn -0.9981 0.0093 -0.0602
vn -0.9830 -0.0359 0.1803
vn -0.9542 -0.0359 0.2972
vn -0.9546 0.0092 0.2977
vn -0.9836 0.0093 0.1803
vn -0.9113 -0.0359 0.4102
vn -0.8553 -0.0360 0.5169
vn -0.8557 0.0090 0.5173
vn -0.9119 0.0091 0.4104
vn -0.7865 -0.0360 0.6166
vn -0.7067 -0.0360 0.7066
vn -0.7069 0.0090 0.7073
vn -0.7869 0.0090 0.6171
vn -0.6164 -0.0360 0.7866
vn -0.5173 -0.0359 0.8550
vn -0.5174 0.0094 0.8557
vn -0.6166 0.0091 0.7872
vn -0.4100 -0.0358 0.9114
vn -0.2977 -0.0358 0.9540
vn -0.2980 0.0100 0.9545
vn -0.4104 0.0097 0.9118
vn -0.0604 -0.0358 0.9975
vn -0.1806 0.0103 0.9835
vn 0.0608 -0.0357 0.9975
vn 0.1800 0.0103 0.9836
vn 0.2975 -0.0358 0.9540
vn 0.4101 -0.0358 0.9113
vn 0.4102 0.0097 0.9119
vn 0.2978 0.0100 0.9546
vn 0.5169 -0.0359 0.8553
vn 0.6162 -0.0360 0.7868
vn 0.6167 0.0092 0.7871
vn 0.5176 0.0094 0.8556
vn 0.7068 -0.0360 0.7065
vn 0.7866 -0.0360 0.6164
vn 0.7870 0.0090 0.6169
vn 0.7071 0.0091 0.7071
vn 0.8552 -0.0359 0.5170
vn 0.9113 -0.0360 0.4101
vn 0.9117 0.0092 0.4108
vn 0.8555 0.0091 0.5177
vn 0.9540 -0.0359 0.2975
vn 0.9830 -0.0359 0.1802
vn 0.9836 0.0093 0.1804
vn 0.9546 0.0092 0.2976
vn 0.9975 -0.0359 0.0603
vn 0.9975 -0.0359 -0.0604
vn 0.9981 0.0093 -0.0604
vn 0.9981 0.0093 0.0602
vn 0.9830 -0.0359 -0.1803
vn 0.9542 -0.0359 -0.2972
vn 0.9547 0.0092 -0.2973
vn 0.9835 0.0093 -0.1807
vn 0.9112 -0.0359 -0.4104
vn 0.8553 -0.0359 -0.5169
vn 0.8558 0.0092 -0.5171
vn 0.9118 0.0092 -0.4105
vn 0.7071 -0.0358 -0.7062
vn 0.7103 0.0100 -0.7039
vn 0.7871 0.0095 -0.6168
vn 0.6166 -0.0357 -0.7864
vn 0.5178 -0.0356 -0.8548
vn 0.5235 0.0115 -0.8520
vn 0.6216 0.0107 -0.7832
vn 0.4108 -0.0354 -0.9110
vn 0.2981 -0.0353 -0.9539
vn 0.3028 0.0131 -0.9530
vn 0.4169 0.0124 -0.9089
vn 0.1803 -0.0353 -0.9830
vn 0.0618 0.0139 -0.9980
vn 0.1842 0.0137 -0.9828
vn -0.0304 0.8640 -0.5025
vn -0.0907 0.8640 -0.4952
vn -0.1498 0.8640 -0.4807
vn -0.0779 0.9651 -0.2500
vn -0.1075 0.9651 -0.2388
vn -0.2066 0.8640 -0.4591
vn -0.2605 0.8640 -0.4308
vn -0.1355 0.9651 -0.2241
vn -0.1615 0.9651 -0.2062
vn -0.3105 0.8640 -0.3963
vn -0.3560 0.8640 -0.3560
vn -0.1852 0.9651 -0.1851
vn -0.2061 0.9651 -0.1615
vn -0.3963 0.8640 -0.3105
vn -0.4309 0.8640 -0.2604
vn -0.2241 0.9651 -0.1354
vn -0.2388 0.9651 -0.1075
vn -0.4591 0.8640 -0.2066
vn -0.4806 0.8641 -0.1497
vn -0.5025 0.8641 -0.0304
vn -0.2615 0.9651 -0.0158
vn -0.2615 0.9651 0.0158
vn -0.5025 0.8641 0.0304
vn -0.4591 0.8640 0.2066
vn -0.2388 0.9651 0.1075
vn -0.4308 0.8640 0.2605
vn -0.3963 0.8640 0.3105
vn -0.3104 0.8641 0.3963
vn -0.1616 0.9651 0.2062
vn -0.2604 0.8641 0.4307
vn -0.2065 0.8641 0.4590
vn -0.1498 0.8641 0.4805
vn -0.0304 0.8641 0.5024
vn -0.0300 0.8641 0.5024
vn 0.0300 0.8642 0.5023
vn 0.0304 0.8641 0.5024
vn 0.1498 0.8641 0.4805
vn 0.2065 0.8641 0.4590
vn 0.2604 0.8641 0.4307
vn 0.1616 0.9651 0.2062
vn 0.3104 0.8641 0.3963
vn 0.3963 0.8640 0.3105
vn 0.4308 0.8640 0.2605
vn 0.2388 0.9651 0.1075
vn 0.4591 0.8640 0.2066
vn 0.5025 0.8641 0.0304
vn 0.2615 0.9651 0.0158
vn 0.2615 0.9651 -0.0158
vn 0.5025 0.8641 -0.0304
vn 0.5024 0.8641 -0.0307
vn 0.4951 0.8641 -0.0904
vn 0.4806 0.8641 -0.1497
vn 0.4591 0.8640 -0.2066
vn 0.2388 0.9651 -0.1075
vn 0.2241 0.9651 -0.1354
vn 0.4309 0.8640 -0.2604
vn 0.3963 0.8640 -0.3105
vn 0.2061 0.9651 -0.1615
vn 0.1852 0.9651 -0.1851
vn 0.3560 0.8640 -0.3560
vn 0.3105 0.8640 -0.3963
vn 0.1615 0.9651 -0.2062
vn 0.1355 0.9651 -0.2241
vn 0.2605 0.8640 -0.4308
vn 0.2066 0.8640 -0.4591
vn 0.1075 0.9651 -0.2388
vn 0.0779 0.9651 -0.2500
vn 0.1498 0.8640 -0.4807
vn 0.0907 0.8640 -0.4952
vn 0.0304 0.8640 -0.5025
vn -0.0420 0.7198 -0.6929
vn -0.1252 0.7196 -0.6830
vn -0.1431 0.6075 -0.7813
vn -0.0480 0.6074 -0.7929
vn 0.0431 0.9975 -0.0551
vn -0.0319 0.9981 0.0528
vn 0.0319 0.9981 0.0528
vn -0.0431 0.9975 -0.0551
vn 0.0319 0.9981 -0.0527
vn -0.0319 0.9981 -0.0527
vn -0.1395 0.9892 -0.0442
vn -0.1240 0.9913 -0.0442
vn -0.1304 0.9913 -0.0184
vn -0.1440 0.9892 -0.0257
vn 0.0607 0.9892 -0.1331
vn 0.0589 0.9913 -0.1178
vn 0.0341 0.9913 -0.1272
vn 0.0428 0.9892 -0.1399
vn 0.0908 0.9892 -0.1147
vn 0.0854 0.9913 -0.1003
vn 0.0635 0.9913 -0.1154
vn 0.0751 0.9892 -0.1255
vn 0.1030 0.9892 0.1039
vn 0.0892 0.9913 0.0968
vn 0.1069 0.9913 0.0770
vn 0.1156 0.9892 0.0897
vn 0.0751 0.9892 0.1255
vn 0.0635 0.9913 0.1154
vn 0.0854 0.9913 0.1003
vn 0.0908 0.9892 0.1147
vn -0.0271 0.9892 0.1437
vn -0.0290 0.9913 0.1285
vn -0.0026 0.9913 0.1317
vn -0.0081 0.9892 0.1461
vn -0.0607 0.9892 0.1331
vn -0.0589 0.9913 0.1178
vn -0.0340 0.9913 0.1272
vn -0.0428 0.9892 0.1399
vn -0.1248 0.9892 -0.0763
vn -0.1098 0.9913 -0.0726
vn -0.1222 0.9913 -0.0491
vn -0.1337 0.9892 -0.0594
vn -0.1029 0.9892 -0.1039
vn -0.0893 0.9913 -0.0968
vn -0.1069 0.9913 -0.0770
vn -0.1156 0.9892 -0.0897
vn 0.1156 0.9892 -0.0897
vn 0.1069 0.9913 -0.0770
vn 0.0893 0.9913 -0.0968
vn 0.1029 0.9892 -0.1039
vn 0.1337 0.9892 -0.0594
vn 0.1222 0.9913 -0.0491
vn 0.1098 0.9913 -0.0726
vn 0.1248 0.9892 -0.0763
vn 0.0428 0.9892 0.1399
vn 0.0340 0.9913 0.1272
vn 0.0589 0.9913 0.1178
vn 0.0607 0.9892 0.1331
vn -0.0908 0.9892 0.1147
vn -0.0854 0.9913 0.1003
vn -0.0635 0.9913 0.1154
vn -0.0751 0.9892 0.1255
vn -0.1156 0.9892 0.0897
vn -0.1069 0.9913 0.0770
vn -0.0892 0.9913 0.0968
vn -0.1030 0.9892 0.1039
vn -0.0751 0.9892 -0.1255
vn -0.0635 0.9913 -0.1154
vn -0.0854 0.9913 -0.1003
vn -0.0908 0.9892 -0.1147
vn -0.0428 0.9892 -0.1399
vn -0.0341 0.9913 -0.1272
vn -0.0589 0.9913 -0.1178
vn -0.0607 0.9892 -0.1331
vn 0.1440 0.9892 -0.0257
vn 0.1304 0.9913 -0.0184
vn 0.1240 0.9913 -0.0442
vn 0.1395 0.9892 -0.0442
vn 0.1460 0.9892 0.0095
vn 0.1310 0.9913 0.0133
vn 0.1310 0.9913 -0.0133
vn 0.1460 0.9892 -0.0095
vn 0.0081 0.9892 0.1461
vn 0.0026 0.9913 0.1317
vn 0.0290 0.9913 0.1285
vn 0.0271 0.9892 0.1437
vn -0.1337 0.9892 0.0594
vn -0.1222 0.9913 0.0491
vn -0.1098 0.9913 0.0726
vn -0.1248 0.9892 0.0763
vn -0.1440 0.9892 0.0257
vn -0.1304 0.9913 0.0184
vn -0.1240 0.9913 0.0443
vn -0.1395 0.9892 0.0442
vn -0.0081 0.9892 -0.1460
vn -0.0026 0.9913 -0.1317
vn -0.0290 0.9913 -0.1285
vn -0.0270 0.9892 -0.1438
vn 0.0270 0.9892 -0.1438
vn 0.0290 0.9913 -0.1285
vn 0.0026 0.9913 -0.1317
vn 0.0081 0.9892 -0.1460
vn 0.1395 0.9892 0.0442
vn 0.1240 0.9913 0.0443
vn 0.1304 0.9913 0.0184
vn 0.1440 0.9892 0.0257
vn 0.1248 0.9892 0.0763
vn 0.1098 0.9913 0.0726
vn 0.1222 0.9913 0.0491
vn 0.1337 0.9892 0.0594
vn 0.1963 0.2661 -0.9438
vn 0.0673 0.2657 -0.9617
vn 0.0697 0.4043 -0.9120
vn 0.2151 0.4012 -0.8904
vn 0.4544 0.2644 -0.8506
vn 0.3197 0.2659 -0.9095
vn 0.3398 0.3954 -0.8533
vn 0.4439 0.3888 -0.8073
vn 0.6248 0.2605 -0.7360
vn 0.5476 0.2618 -0.7947
vn 0.5190 0.3843 -0.7635
vn 0.5756 0.3848 -0.7215
vn 0.7550 0.2682 -0.5984
vn 0.6931 0.2626 -0.6713
vn 0.6217 0.3921 -0.6781
vn 0.6696 0.4081 -0.6205
vn 0.8624 0.2870 -0.4169
vn 0.8119 0.2768 -0.5140
vn 0.7220 0.4300 -0.5421
vn 0.7747 0.4524 -0.4418
vn 0.9327 0.3059 -0.1910
vn 0.9037 0.2972 -0.3084
vn 0.8198 0.4707 -0.3262
vn 0.8508 0.4833 -0.2063
vn 0.9476 0.3140 0.0585
vn 0.9478 0.3121 -0.0656
vn 0.8672 0.4921 -0.0767
vn 0.8665 0.4953 0.0620
vn 0.9067 0.3042 0.2923
vn 0.9338 0.3115 0.1761
vn 0.8520 0.4909 0.1819
vn 0.8240 0.4766 0.3064
vn 0.8175 0.2764 0.5053
vn 0.8669 0.2919 0.4041
vn 0.7868 0.4481 0.4246
vn 0.7508 0.4078 0.5196
vn 0.6951 0.2621 0.6695
vn 0.7606 0.2641 0.5931
vn 0.7191 0.3721 0.5868
vn 0.6851 0.3551 0.6360
vn 0.5366 0.2946 0.7908
vn 0.6187 0.2726 0.7369
vn 0.6422 0.3626 0.6753
vn 0.5937 0.3940 0.7016
vn 0.3321 0.3679 0.8685
vn 0.4456 0.3273 0.8332
vn 0.5325 0.4452 0.7199
vn 0.4205 0.5155 0.7466
vn 0.0651 0.4263 0.9022
vn 0.1992 0.4046 0.8925
vn 0.2542 0.5831 0.7716
vn 0.0829 0.6220 0.7786
vn -0.2720 0.4181 0.8667
vn -0.0903 0.4316 0.8975
vn -0.1168 0.6283 0.7692
vn -0.3463 0.5924 0.7274
vn -0.5495 0.3478 0.7596
vn -0.4401 0.3868 0.8104
vn -0.5444 0.5209 0.6574
vn -0.6440 0.4528 0.6167
vn -0.6615 0.2867 0.6929
vn -0.6099 0.3130 0.7280
vn -0.6698 0.4067 0.6212
vn -0.6794 0.3743 0.6312
vn -0.7595 0.2635 0.5948
vn -0.7132 0.2700 0.6469
vn -0.6865 0.3559 0.6340
vn -0.6962 0.3546 0.6241
vn -0.8544 0.2807 0.4373
vn -0.8048 0.2675 0.5298
vn -0.7138 0.3717 0.5936
vn -0.7557 0.4087 0.5118
vn -0.9324 0.3078 0.1893
vn -0.9006 0.2965 0.3177
vn -0.8128 0.4540 0.3649
vn -0.8130 0.4538 0.3648
vn -0.8511 0.4832 0.2053
vn -0.8511 0.4831 0.2056
vn -0.9477 0.3136 -0.0598
vn -0.9477 0.3131 0.0619
vn -0.8672 0.4945 0.0589
vn -0.8661 0.4956 -0.0651
vn -0.9077 0.3025 -0.2908
vn -0.9341 0.3098 -0.1771
vn -0.8516 0.4894 -0.1876
vn -0.8244 0.4797 -0.3003
vn -0.8203 0.2826 -0.4972
vn -0.8693 0.2930 -0.3981
vn -0.7874 0.4671 -0.4024
vn -0.7445 0.4493 -0.4938
vn -0.6963 0.2641 -0.6673
vn -0.7626 0.2725 -0.5866
vn -0.6978 0.4277 -0.5745
vn -0.6467 0.4065 -0.6454
vn -0.5339 0.2570 -0.8055
vn -0.6204 0.2588 -0.7404
vn -0.5877 0.3906 -0.7086
vn -0.5176 0.3838 -0.7647
vn -0.3388 0.2615 -0.9038
vn -0.4348 0.2583 -0.8627
vn -0.4308 0.3843 -0.8166
vn -0.3212 0.3895 -0.8632
vn -0.0730 0.2642 -0.9617
vn -0.2091 0.2631 -0.9418
vn -0.1990 0.3962 -0.8963
vn -0.0770 0.4021 -0.9124
vn 0.2201 0.6197 0.7533
vn 0.2206 0.6196 0.7533
vn 0.0764 0.6211 0.7800
vn 0.0537 0.8324 0.5516
vn 0.1605 0.8289 0.5358
vn 0.4348 0.6168 0.6561
vn 0.3441 0.6186 0.7063
vn 0.3445 0.6186 0.7061
vn 0.2591 0.8237 0.5044
vn 0.2594 0.8235 0.5045
vn 0.3355 0.8188 0.4659
vn 0.5651 0.6033 0.5628
vn 0.5031 0.6130 0.6091
vn 0.3972 0.8130 0.4258
vn 0.4615 0.8019 0.3794
vn 0.6868 0.5650 0.4572
vn 0.6240 0.5878 0.5149
vn 0.5248 0.7842 0.3310
vn 0.5844 0.7614 0.2806
vn 0.8172 0.5010 0.2850
vn 0.7560 0.5346 0.3778
vn 0.6427 0.7327 0.2238
vn 0.6898 0.7042 0.1680
vn 0.8809 0.4552 0.1296
vn 0.8581 0.4735 0.1987
vn 0.7204 0.6828 0.1221
vn 0.7380 0.6697 0.0825
vn 0.8921 0.4490 -0.0512
vn 0.8938 0.4455 0.0523
vn 0.7480 0.6630 0.0298
vn 0.7435 0.6672 -0.0451
vn 0.8093 0.5207 -0.2719
vn 0.8650 0.4728 -0.1681
vn 0.7139 0.6887 -0.1268
vn 0.6647 0.7273 -0.1706
vn 0.6664 0.6567 -0.3529
vn 0.7320 0.5895 -0.3415
vn 0.6048 0.7747 -0.1846
vn 0.5406 0.8221 -0.1785
vn 0.5359 0.7707 -0.3447
vn 0.6044 0.7186 -0.3440
vn 0.4635 0.8686 -0.1753
vn 0.3691 0.9093 -0.1923
vn 0.3858 0.7940 -0.4698
vn 0.4560 0.8013 -0.3874
vn 0.2662 0.9327 -0.2432
vn 0.1695 0.9277 -0.3325
vn 0.3042 0.6430 -0.7028
vn 0.3442 0.7420 -0.5753
vn 0.1089 0.8907 -0.4413
vn 0.0789 0.8287 -0.5540
vn 0.0634 0.4154 -0.9074
vn 0.1996 0.5101 -0.8366
vn 0.0346 0.7534 -0.6566
vn -0.0006 0.7035 -0.7107
vn -0.2125 0.4459 -0.8695
vn -0.0596 0.3947 -0.9169
vn -0.0598 0.3948 -0.9168
vn 0.0043 0.6897 -0.7241
vn -0.0469 0.7123 -0.7003
vn -0.3917 0.6824 -0.6171
vn -0.3486 0.5646 -0.7481
vn -0.1235 0.7805 -0.6128
vn -0.1582 0.8558 -0.4925
vn -0.4469 0.8081 -0.3838
vn -0.4076 0.7685 -0.4932
vn -0.1926 0.9134 -0.3587
vn -0.2604 0.9363 -0.2355
vn -0.2607 0.9362 -0.2356
vn -0.5642 0.7657 -0.3090
vn -0.5032 0.8015 -0.3230
vn -0.3472 0.9245 -0.1573
vn -0.4194 0.8970 -0.1399
vn -0.6963 0.6456 -0.3137
vn -0.6281 0.7114 -0.3152
vn -0.4956 0.8572 -0.1401
vn -0.5596 0.8143 -0.1541
vn -0.8534 0.4983 -0.1530
vn -0.7782 0.5699 -0.2640
vn -0.6199 0.7683 -0.1593
vn -0.6901 0.7162 -0.1046
vn -0.8927 0.4476 0.0528
vn -0.8926 0.4477 0.0531
vn -0.8862 0.4609 -0.0466
vn -0.8863 0.4608 -0.0463
vn -0.7307 0.6817 -0.0374
vn -0.7444 0.6671 0.0310
vn -0.8610 0.4662 0.2034
vn -0.8827 0.4510 0.1318
vn -0.7401 0.6672 0.0842
vn -0.7250 0.6769 0.1272
vn -0.7615 0.5243 0.3811
vn -0.8221 0.4921 0.2864
vn -0.6991 0.6943 0.1708
vn -0.6531 0.7217 0.2294
vn -0.6286 0.5795 0.5187
vn -0.6920 0.5552 0.4613
vn -0.5932 0.7522 0.2870
vn -0.5303 0.7786 0.3355
vn -0.5032 0.6128 0.6094
vn -0.5679 0.5987 0.5648
vn -0.4623 0.7999 0.3828
vn -0.3967 0.8145 0.4233
vn -0.3444 0.6253 0.7003
vn -0.4346 0.6213 0.6520
vn -0.3346 0.8226 0.4599
vn -0.2588 0.8279 0.4976
vn -0.0774 0.6240 0.7776
vn -0.2217 0.6263 0.7474
vn -0.1609 0.8317 0.5315
vn -0.0541 0.8332 0.5504
vn -0.2084 -0.5703 0.7946
vn -0.2027 -0.6555 0.7275
vn -0.0744 -0.6667 0.7416
vn -0.0755 -0.5791 0.8117
vn -0.4033 -0.5413 0.7378
vn -0.3726 -0.6239 0.6870
vn -0.3042 -0.6382 0.7072
vn -0.3198 -0.5552 0.7678
vn -0.4819 -0.5358 0.6933
vn -0.4130 -0.6208 0.6663
vn -0.4075 -0.6183 0.6721
vn -0.4545 -0.5343 0.7127
vn -0.5180 -0.5720 0.6361
vn -0.4068 -0.6552 0.6366
vn -0.3988 -0.6318 0.6647
vn -0.4937 -0.5475 0.6756
vn -0.6253 -0.6362 0.4519
vn -0.5244 -0.7226 0.4503
vn -0.4502 -0.6891 0.5678
vn -0.5634 -0.6051 0.5626
vn -0.7225 -0.6611 0.2021
vn -0.6402 -0.7436 0.1930
vn -0.5968 -0.7403 0.3096
vn -0.6843 -0.6546 0.3215
vn -0.7422 -0.6674 -0.0611
vn -0.6644 -0.7453 -0.0557
vn -0.6627 -0.7447 0.0792
vn -0.7426 -0.6651 0.0785
vn -0.6816 -0.6131 -0.3994
vn -0.5931 -0.6871 -0.4197
vn -0.6448 -0.7345 -0.2113
vn -0.7251 -0.6547 -0.2136
vn -0.5840 -0.4852 -0.6507
vn -0.4878 -0.5474 -0.6800
vn -0.5117 -0.6035 -0.6114
vn -0.6142 -0.5413 -0.5742
vn -0.6366 -0.4416 -0.6322
vn -0.5978 -0.4958 -0.6300
vn -0.5309 -0.5187 -0.6701
vn -0.6022 -0.4552 -0.6559
vn -0.7136 -0.4576 -0.5304
vn -0.7499 -0.4566 -0.4788
vn -0.6839 -0.4703 -0.5577
vn -0.6819 -0.4411 -0.5835
vn -0.6135 -0.5961 -0.5179
vn -0.6838 -0.5860 -0.4347
vn -0.7685 -0.4801 -0.4231
vn -0.7110 -0.5005 -0.4940
vn -0.1425 -0.7734 -0.6177
vn -0.1698 -0.8293 -0.5324
vn -0.4628 -0.7377 -0.4915
vn -0.4007 -0.7107 -0.5781
vn 0.4008 -0.7107 -0.5782
vn 0.4628 -0.7377 -0.4915
vn 0.1698 -0.8293 -0.5324
vn 0.1425 -0.7734 -0.6177
vn 0.7110 -0.5005 -0.4940
vn 0.7685 -0.4801 -0.4231
vn 0.6838 -0.5860 -0.4347
vn 0.6135 -0.5961 -0.5179
vn 0.6819 -0.4411 -0.5835
vn 0.6839 -0.4703 -0.5577
vn 0.7499 -0.4566 -0.4788
vn 0.7136 -0.4576 -0.5305
vn 0.6022 -0.4552 -0.6559
vn 0.5309 -0.5187 -0.6701
vn 0.5978 -0.4958 -0.6300
vn 0.6366 -0.4416 -0.6322
vn 0.6142 -0.5413 -0.5742
vn 0.5117 -0.6035 -0.6114
vn 0.4878 -0.5474 -0.6800
vn 0.5840 -0.4852 -0.6507
vn 0.7251 -0.6547 -0.2136
vn 0.6448 -0.7345 -0.2113
vn 0.5931 -0.6871 -0.4197
vn 0.6816 -0.6131 -0.3994
vn 0.7426 -0.6651 0.0785
vn 0.6627 -0.7447 0.0792
vn 0.6644 -0.7453 -0.0557
vn 0.7422 -0.6674 -0.0611
vn 0.6843 -0.6546 0.3215
vn 0.5968 -0.7403 0.3096
vn 0.6402 -0.7436 0.1930
vn 0.7225 -0.6611 0.2021
vn 0.5634 -0.6051 0.5626
vn 0.4502 -0.6891 0.5678
vn 0.5244 -0.7226 0.4503
vn 0.6253 -0.6362 0.4519
vn 0.4937 -0.5475 0.6756
vn 0.3988 -0.6318 0.6647
vn 0.4068 -0.6552 0.6366
vn 0.5180 -0.5720 0.6361
vn 0.4545 -0.5343 0.7127
vn 0.4075 -0.6183 0.6721
vn 0.4130 -0.6208 0.6663
vn 0.4819 -0.5358 0.6933
vn 0.3198 -0.5552 0.7678
vn 0.3042 -0.6382 0.7072
vn 0.3726 -0.6239 0.6870
vn 0.4033 -0.5413 0.7378
vn 0.0755 -0.5791 0.8117
vn 0.0744 -0.6667 0.7416
vn 0.2027 -0.6555 0.7275
vn 0.2084 -0.5703 0.7946
vn 0.2129 0.5653 -0.7969
vn 0.0781 0.5743 -0.8149
vn 0.0783 0.6608 -0.7464
vn 0.2100 0.6491 -0.7311
vn 0.4050 0.5379 -0.7394
vn 0.3230 0.5507 -0.7697
vn 0.3087 0.6320 -0.7108
vn 0.3749 0.6187 -0.6904
vn 0.4823 0.5339 -0.6946
vn 0.4556 0.5320 -0.7138
vn 0.4091 0.6138 -0.6752
vn 0.4143 0.6165 -0.6695
vn 0.5189 0.5680 -0.6389
vn 0.4940 0.5449 -0.6775
vn 0.4007 0.6267 -0.6683
vn 0.4097 0.6489 -0.6412
vn 0.6287 0.6307 -0.4548
vn 0.5658 0.5999 -0.5656
vn 0.4551 0.6824 -0.5721
vn 0.5298 0.7165 -0.4537
vn 0.7246 0.6578 -0.2055
vn 0.6874 0.6501 -0.3238
vn 0.6015 0.7357 -0.3113
vn 0.6429 0.7404 -0.1959
vn 0.7452 0.6646 0.0538
vn 0.7442 0.6626 -0.0844
vn 0.6644 0.7425 -0.0858
vn 0.6670 0.7437 0.0459
vn 0.6878 0.6392 0.3440
vn 0.7242 0.6576 0.2078
vn 0.6458 0.7361 0.2026
vn 0.5757 0.6991 0.4240
vn 0.6184 0.5373 0.5734
vn 0.6385 0.5953 0.4878
vn 0.5140 0.6489 0.5610
vn 0.4984 0.5933 0.6322
vn 0.6462 0.4472 0.6184
vn 0.6284 0.4841 0.6090
vn 0.5422 0.5471 0.6378
vn 0.6039 0.5045 0.6170
vn 0.6583 0.4506 0.6030
vn 0.6598 0.4332 0.6141
vn 0.6734 0.4637 0.5758
vn 0.7199 0.4467 0.5313
vn 0.5276 0.5939 0.6074
vn 0.6328 0.4993 0.5918
vn 0.7294 0.4707 0.4963
vn 0.6430 0.5746 0.5063
vn 0.1083 0.7641 0.6360
vn 0.3271 0.7020 0.6326
vn 0.4220 0.7267 0.5421
vn 0.1461 0.8211 0.5517
vn -0.4292 0.6964 0.5752
vn -0.1507 0.7689 0.6214
vn -0.1854 0.8249 0.5340
vn -0.5035 0.7165 0.4829
vn -0.7260 0.4836 0.4890
vn -0.6436 0.5724 0.5080
vn -0.7196 0.5538 0.4189
vn -0.7839 0.4613 0.4156
vn -0.6829 0.4388 0.5840
vn -0.7188 0.4502 0.5297
vn -0.7532 0.4515 0.4785
vn -0.6837 0.4702 0.5581
vn -0.5995 0.4540 0.6592
vn -0.6362 0.4410 0.6331
vn -0.5984 0.4960 0.6292
vn -0.5317 0.5177 0.6703
vn -0.6056 0.5343 0.5897
vn -0.5779 0.4810 0.6593
vn -0.4854 0.5427 0.6855
vn -0.5050 0.5953 0.6250
vn -0.7315 0.6541 0.1925
vn -0.7313 0.6543 0.1925
vn -0.6794 0.6090 0.4092
vn -0.6098 0.6888 0.3921
vn -0.6501 0.7340 0.1962
vn -0.7428 0.6652 -0.0758
vn -0.7443 0.6654 0.0567
vn -0.6654 0.7449 0.0492
vn -0.6632 0.7438 -0.0824
vn -0.6888 0.6544 -0.3121
vn -0.7244 0.6596 -0.2003
vn -0.6435 0.7393 -0.1984
vn -0.6014 0.7363 -0.3103
vn -0.5937 0.6272 -0.5041
vn -0.6400 0.6462 -0.4157
vn -0.5329 0.7283 -0.4308
vn -0.4683 0.7072 -0.5297
vn -0.5307 0.5688 -0.6284
vn -0.5578 0.5991 -0.5744
vn -0.4305 0.6786 -0.5952
vn -0.4217 0.6502 -0.6321
vn -0.4617 0.5345 -0.7079
vn -0.5041 0.5451 -0.6699
vn -0.4275 0.6276 -0.6506
vn -0.4134 0.6165 -0.6700
vn -0.3059 0.5457 -0.7802
vn -0.3981 0.5356 -0.7447
vn -0.3718 0.6172 -0.6934
vn -0.2983 0.6276 -0.7191
vn -0.0699 0.5718 -0.8174
vn -0.1944 0.5599 -0.8054
vn -0.1973 0.6442 -0.7390
vn -0.0724 0.6585 -0.7491
vn -0.1725 -0.9795 -0.1042
vn -0.1838 -0.9795 -0.0827
vn -0.1834 -0.9796 -0.0826
vn -0.1722 -0.9795 -0.1041
vn -0.1987 -0.9794 -0.0363
vn -0.1978 -0.9796 -0.0363
vn -0.1921 -0.9796 -0.0599
vn -0.0122 -0.9795 0.2012
vn -0.0122 -0.9796 0.2008
vn -0.0363 -0.9795 0.1979
vn 0.0122 -0.9795 0.2013
vn 0.0363 -0.9796 0.1979
vn 0.0121 -0.9795 0.2008
vn 0.1927 -0.9794 -0.0602
vn 0.1921 -0.9796 -0.0598
vn 0.1979 -0.9796 -0.0363
vn 0.1838 -0.9795 -0.0828
vn 0.1726 -0.9795 -0.1043
vn 0.1722 -0.9796 -0.1040
vn 0.1835 -0.9795 -0.0826
vn -0.0124 -0.9794 -0.2014
vn -0.0360 -0.9794 -0.1985
vn -0.0363 -0.9795 -0.1980
vn -0.0362 -0.9796 -0.1979
vn -0.0366 -0.9795 -0.1980
vn -0.2013 -0.9795 -0.0122
vn -0.2013 -0.9795 0.0121
vn -0.1925 -0.9795 0.0599
vn -0.1979 -0.9796 0.0363
vn 0.0827 -0.9795 0.1839
vn 0.1041 -0.9795 0.1722
vn 0.1584 -0.9795 -0.1241
vn 0.1041 -0.9796 -0.1721
vn -0.0597 -0.9795 -0.1926
vn -0.0825 -0.9796 -0.1834
vn -0.1722 -0.9796 0.1041
vn -0.1835 -0.9795 0.0826
vn -0.1426 -0.9795 0.1425
vn -0.1584 -0.9795 0.1241
vn 0.1426 -0.9795 0.1426
vn 0.1583 -0.9796 0.1241
vn 0.1835 -0.9796 0.0826
vn 0.1722 -0.9795 0.1041
vn 0.0598 -0.9795 -0.1922
vn 0.0596 -0.9795 -0.1923
vn 0.0826 -0.9796 -0.1835
vn 0.0361 -0.9794 -0.1985
vn 0.0366 -0.9795 -0.1982
vn 0.0125 -0.9794 -0.2013
vn 0.0362 -0.9795 -0.1979
vn -0.1041 -0.9795 -0.1722
vn -0.1583 -0.9796 -0.1241
vn -0.1041 -0.9796 0.1721
vn -0.0827 -0.9795 0.1838
vn 0.1925 -0.9795 0.0600
vn 0.1978 -0.9796 0.0363
vn 0.2013 -0.9795 0.0122
vn 0.2013 -0.9795 -0.0121
vn 0.2016 -0.9794 -0.0123
vn 0.1819 -0.9833 -0.0113
vn 0.1795 -0.9832 0.0329
vn 0.1742 -0.9832 0.0542
vn -0.0385 -0.9956 0.0855
vn -0.0748 -0.9832 0.1663
vn -0.0663 -0.9956 -0.0663
vn -0.0737 -0.9956 -0.0578
vn -0.1435 -0.9832 -0.1125
vn -0.1290 -0.9832 -0.1289
vn 0.0329 -0.9832 -0.1795
vn 0.0327 -0.9833 -0.1792
vn 0.0385 -0.9956 -0.0855
vn 0.0748 -0.9832 -0.1663
vn 0.0855 -0.9956 0.0385
vn 0.1664 -0.9832 0.0749
vn 0.1561 -0.9832 0.0944
vn 0.0663 -0.9956 0.0662
vn 0.1436 -0.9832 0.1125
vn 0.1290 -0.9832 0.1289
vn -0.0663 -0.9956 0.0663
vn -0.1290 -0.9832 0.1290
vn -0.1435 -0.9832 0.1125
vn -0.0854 -0.9956 0.0385
vn -0.1561 -0.9832 0.0943
vn -0.1663 -0.9832 0.0749
vn -0.0384 -0.9956 -0.0854
vn -0.0749 -0.9832 -0.1664
vn 0.0738 -0.9956 -0.0578
vn 0.0663 -0.9956 -0.0662
vn 0.1290 -0.9832 -0.1290
vn 0.1436 -0.9832 -0.1125
vn 0.0384 -0.9956 0.0854
vn 0.0749 -0.9832 0.1664
vn -0.1742 -0.9832 0.0543
vn -0.1794 -0.9832 0.0329
vn -0.1820 -0.9832 -0.0113
vn -0.0328 -0.9832 -0.1794
vn -0.0112 -0.9833 -0.1818
vn 0.1561 -0.9832 -0.0943
vn 0.1664 -0.9832 -0.0746
vn 0.1742 -0.9832 -0.0543
vn 0.1739 -0.9833 -0.0545
vn 0.1794 -0.9832 -0.0329
vn 0.1794 -0.9832 -0.0326
vn 0.0057 -0.9956 0.0936
vn 0.0110 -0.9832 0.1820
vn -0.0057 -0.9956 0.0935
vn -0.0110 -0.9832 0.1821
vn -0.1795 -0.9832 -0.0329
vn -0.1793 -0.9833 -0.0326
vn -0.1741 -0.9832 -0.0542
vn -0.1561 -0.9832 -0.0944
vn -0.0399 0.9957 -0.0836
vn -0.0096 0.9961 -0.0877
vn -0.0241 0.9977 -0.0635
vn -0.0640 0.9957 0.0669
vn -0.0786 0.9961 0.0401
vn -0.0508 0.9977 0.0450
vn 0.0923 0.9957 -0.0076
vn 0.0855 0.9961 0.0221
vn 0.0679 0.9977 -0.0000
vn -0.0923 0.9957 0.0076
vn -0.0855 0.9961 -0.0221
vn -0.0679 0.9977 -0.0000
vn -0.0187 0.9957 -0.0907
vn 0.0116 0.9961 -0.0875
vn -0.0082 0.9977 -0.0674
vn -0.0782 0.9957 0.0496
vn -0.0859 0.9961 0.0202
vn -0.0602 0.9977 0.0316
vn 0.0914 0.9957 0.0147
vn 0.0777 0.9961 0.0419
vn 0.0660 0.9977 0.0163
vn 0.0035 0.9957 -0.0925
vn 0.0322 0.9961 -0.0822
vn 0.0082 0.9977 -0.0674
vn -0.0878 0.9957 0.0295
vn -0.0883 0.9961 -0.0010
vn -0.0660 0.9977 0.0163
vn 0.0852 0.9957 0.0361
vn 0.0654 0.9961 0.0593
vn 0.0602 0.9977 0.0316
vn 0.0256 0.9957 -0.0890
vn 0.0510 0.9961 -0.0721
vn 0.0241 0.9977 -0.0635
vn -0.0914 0.9957 -0.0147
vn -0.0777 0.9961 -0.0419
vn -0.0660 0.9977 -0.0163
vn 0.0741 0.9957 0.0555
vn 0.0493 0.9961 0.0732
vn 0.0508 0.9977 0.0450
vn 0.0461 0.9957 -0.0803
vn 0.0667 0.9961 -0.0578
vn 0.0386 0.9977 -0.0559
vn -0.0852 0.9957 -0.0361
vn -0.0654 0.9961 -0.0593
vn -0.0602 0.9977 -0.0316
vn 0.0587 0.9957 0.0716
vn 0.0303 0.9961 0.0829
vn 0.0386 0.9977 0.0559
vn -0.0036 0.9957 0.0925
vn -0.0322 0.9961 0.0822
vn -0.0082 0.9977 0.0674
vn 0.0640 0.9957 -0.0669
vn 0.0786 0.9961 -0.0401
vn 0.0508 0.9977 -0.0450
vn -0.0741 0.9957 -0.0555
vn -0.0493 0.9961 -0.0732
vn -0.0508 0.9977 -0.0450
vn 0.0399 0.9957 0.0836
vn 0.0096 0.9961 0.0878
vn 0.0241 0.9977 0.0635
vn -0.0256 0.9957 0.0890
vn -0.0510 0.9961 0.0721
vn -0.0241 0.9977 0.0635
vn 0.0782 0.9957 -0.0496
vn 0.0859 0.9961 -0.0202
vn 0.0602 0.9977 -0.0316
vn -0.0587 0.9957 -0.0716
vn -0.0304 0.9961 -0.0829
vn -0.0386 0.9977 -0.0559
vn 0.0187 0.9957 0.0907
vn -0.0117 0.9961 0.0875
vn 0.0082 0.9977 0.0674
vn -0.0461 0.9957 0.0803
vn -0.0667 0.9961 0.0578
vn -0.0386 0.9977 0.0559
vn 0.0878 0.9957 -0.0295
vn 0.0883 0.9961 0.0010
vn 0.0660 0.9977 -0.0163
vn 0.0588 -0.9935 0.0973
vn 0.0702 -0.9936 0.0885
vn 0.0490 -0.9972 0.0559
vn 0.0391 -0.9971 0.0655
vn -0.1036 -0.9935 0.0466
vn -0.0963 -0.9936 0.0590
vn -0.0614 -0.9972 0.0419
vn -0.0697 -0.9971 0.0309
vn 0.0466 -0.9935 -0.1036
vn 0.0329 -0.9936 -0.1080
vn 0.0182 -0.9972 -0.0721
vn 0.0317 -0.9971 -0.0694
vn -0.0338 -0.9935 -0.1085
vn -0.0470 -0.9936 -0.1027
vn -0.0342 -0.9972 -0.0660
vn -0.0223 -0.9971 -0.0730
vn 0.0803 -0.9935 0.0803
vn 0.0893 -0.9936 0.0691
vn 0.0609 -0.9972 0.0426
vn 0.0537 -0.9971 0.0542
vn 0.1135 -0.9935 0.0068
vn 0.1127 -0.9936 -0.0075
vn 0.0739 -0.9972 -0.0085
vn 0.0761 -0.9971 0.0050
vn -0.0895 -0.9935 0.0701
vn -0.0794 -0.9936 0.0803
vn -0.0496 -0.9972 0.0554
vn -0.0603 -0.9971 0.0468
vn 0.0205 -0.9935 -0.1118
vn 0.0061 -0.9936 -0.1128
vn 0.0004 -0.9972 -0.0744
vn 0.0141 -0.9971 -0.0750
vn -0.0588 -0.9935 -0.0973
vn -0.0702 -0.9936 -0.0885
vn -0.0490 -0.9972 -0.0559
vn -0.0391 -0.9971 -0.0655
vn 0.0972 -0.9935 0.0588
vn 0.1033 -0.9936 0.0457
vn 0.0694 -0.9972 0.0268
vn 0.0651 -0.9971 0.0398
vn -0.0701 -0.9935 0.0895
vn -0.0578 -0.9936 0.0970
vn -0.0350 -0.9972 0.0656
vn -0.0474 -0.9971 0.0598
vn -0.0803 -0.9935 -0.0803
vn -0.0893 -0.9936 -0.0691
vn -0.0610 -0.9972 -0.0426
vn -0.0537 -0.9971 -0.0542
vn 0.1085 -0.9935 0.0338
vn 0.1112 -0.9936 0.0197
vn 0.0738 -0.9972 0.0094
vn 0.0727 -0.9971 0.0231
vn -0.0466 -0.9935 0.1036
vn -0.0329 -0.9936 0.1080
vn -0.0182 -0.9972 0.0721
vn -0.0317 -0.9971 0.0694
vn -0.0973 -0.9935 -0.0588
vn -0.1033 -0.9936 -0.0457
vn -0.0694 -0.9972 -0.0268
vn -0.0651 -0.9971 -0.0398
vn 0.1118 -0.9935 -0.0205
vn 0.1076 -0.9936 -0.0343
vn 0.0697 -0.9972 -0.0260
vn 0.0751 -0.9971 -0.0134
vn -0.0205 -0.9935 0.1118
vn -0.0061 -0.9936 0.1128
vn -0.0004 -0.9972 0.0744
vn -0.0141 -0.9971 0.0750
vn -0.1085 -0.9935 -0.0338
vn -0.1112 -0.9936 -0.0197
vn -0.0738 -0.9972 -0.0094
vn -0.0727 -0.9971 -0.0231
vn 0.1036 -0.9935 -0.0466
vn 0.0963 -0.9936 -0.0590
vn 0.0614 -0.9972 -0.0419
vn 0.0697 -0.9971 -0.0309
vn 0.0069 -0.9935 0.1134
vn 0.0210 -0.9936 0.1110
vn 0.0174 -0.9972 0.0723
vn 0.0042 -0.9971 0.0762
vn -0.1135 -0.9935 -0.0068
vn -0.1127 -0.9936 0.0075
vn -0.0739 -0.9972 0.0085
vn -0.0761 -0.9971 -0.0050
vn 0.0895 -0.9935 -0.0701
vn 0.0794 -0.9936 -0.0803
vn 0.0496 -0.9972 -0.0554
vn 0.0603 -0.9971 -0.0467
vn 0.0338 -0.9935 0.1085
vn 0.0470 -0.9936 0.1027
vn 0.0342 -0.9972 0.0660
vn 0.0223 -0.9971 0.0730
vn -0.1118 -0.9935 0.0205
vn -0.1076 -0.9936 0.0343
vn -0.0697 -0.9972 0.0260
vn -0.0751 -0.9971 0.0134
vn 0.0701 -0.9935 -0.0895
vn 0.0579 -0.9936 -0.0970
vn 0.0349 -0.9972 -0.0656
vn 0.0474 -0.9971 -0.0598
vn -0.0069 -0.9935 -0.1134
vn -0.0210 -0.9936 -0.1110
vn -0.0174 -0.9972 -0.0723
vn -0.0042 -0.9971 -0.0762
vn 0.0289 -0.9990 -0.0343
vn 0.0113 -0.9991 -0.0410
vn 0.0165 -0.9996 -0.0240
vn -0.0118 -0.9990 -0.0433
vn -0.0273 -0.9991 -0.0326
vn -0.0103 -0.9996 -0.0272
vn 0.0218 -0.9990 0.0392
vn 0.0344 -0.9991 0.0251
vn 0.0165 -0.9996 0.0240
vn -0.0416 -0.9990 0.0169
vn -0.0291 -0.9991 0.0311
vn -0.0258 -0.9996 0.0135
vn 0.0199 -0.9990 -0.0403
vn 0.0012 -0.9991 -0.0426
vn 0.0103 -0.9996 -0.0272
vn -0.0218 -0.9990 -0.0392
vn -0.0344 -0.9991 -0.0251
vn -0.0165 -0.9996 -0.0240
vn 0.0306 -0.9990 0.0329
vn 0.0394 -0.9991 0.0162
vn 0.0218 -0.9996 0.0193
vn -0.0363 -0.9990 0.0264
vn -0.0208 -0.9991 0.0371
vn -0.0218 -0.9996 0.0193
vn 0.0097 -0.9990 -0.0439
vn -0.0090 -0.9991 -0.0416
vn 0.0035 -0.9996 -0.0289
vn -0.0306 -0.9990 -0.0329
vn -0.0394 -0.9991 -0.0162
vn -0.0218 -0.9996 -0.0193
vn 0.0376 -0.9990 0.0246
vn 0.0421 -0.9991 0.0063
vn 0.0258 -0.9996 0.0135
vn -0.0289 -0.9990 0.0343
vn -0.0113 -0.9991 0.0410
vn -0.0165 -0.9996 0.0240
vn 0.0424 -0.9990 0.0149
vn 0.0424 -0.9991 -0.0040
vn 0.0283 -0.9996 0.0070
vn -0.0199 -0.9990 0.0403
vn -0.0012 -0.9991 0.0426
vn -0.0103 -0.9996 0.0272
vn -0.0376 -0.9990 -0.0246
vn -0.0421 -0.9991 -0.0063
vn -0.0258 -0.9996 -0.0135
vn 0.0444 -0.9990 -0.0065
vn 0.0357 -0.9991 -0.0232
vn 0.0283 -0.9996 -0.0070
vn -0.0097 -0.9990 0.0439
vn 0.0090 -0.9991 0.0416
vn -0.0035 -0.9996 0.0289
vn -0.0424 -0.9990 -0.0149
vn -0.0424 -0.9991 0.0040
vn -0.0283 -0.9996 -0.0070
vn 0.0416 -0.9990 -0.0169
vn 0.0291 -0.9991 -0.0311
vn 0.0258 -0.9996 -0.0135
vn 0.0447 -0.9990 0.0043
vn 0.0402 -0.9991 -0.0140
vn 0.0291 -0.9996 -0.0000
vn 0.0011 -0.9990 0.0449
vn 0.0187 -0.9991 0.0382
vn 0.0035 -0.9996 0.0289
vn -0.0447 -0.9990 -0.0043
vn -0.0402 -0.9991 0.0140
vn -0.0291 -0.9996 -0.0000
vn 0.0363 -0.9990 -0.0264
vn 0.0208 -0.9991 -0.0371
vn 0.0218 -0.9996 -0.0193
vn -0.0011 -0.9990 -0.0449
vn -0.0187 -0.9991 -0.0382
vn -0.0035 -0.9996 -0.0289
vn 0.0118 -0.9990 0.0433
vn 0.0273 -0.9991 0.0326
vn 0.0103 -0.9996 0.0272
vn -0.0444 -0.9990 0.0065
vn -0.0357 -0.9991 0.0232
vn -0.0283 -0.9996 0.0070
vt 0.916992 0.401793
vt 0.916992 0.408721
vt 0.919045 0.408721
vt 0.919045 0.401793
vt 0.921874 0.408721
vt 0.919045 0.415650
vt 0.921874 0.415650
vt 0.916992 0.415650
vt 0.916992 0.422581
vt 0.919045 0.422581
vt 0.921874 0.422581
vt 0.919045 0.429514
vt 0.921874 0.429514
vt 0.916992 0.429514
vt 0.916992 0.436448
vt 0.919045 0.436448
vt 0.921874 0.436448
vt 0.919045 0.443389
vt 0.921874 0.443389
vt 0.916992 0.443389
vt 0.916992 0.450336
vt 0.919045 0.450336
vt 0.921874 0.450336
vt 0.919045 0.457271
vt 0.921874 0.457271
vt 0.916992 0.457271
vt 0.916992 0.464183
vt 0.919045 0.464183
vt 0.921874 0.464183
vt 0.919045 0.471104
vt 0.921874 0.471104
vt 0.916992 0.471104
vt 0.916992 0.478059
vt 0.919045 0.478059
vt 0.921874 0.478059
vt 0.919045 0.485007
vt 0.921874 0.485007
vt 0.916992 0.485007
vt 0.916992 0.491906
vt 0.919045 0.491906
vt 0.921874 0.491906
vt 0.919045 0.498775
vt 0.921874 0.498775
vt 0.916992 0.498775
vt 0.916992 0.505648
vt 0.919045 0.505648
vt 0.921874 0.505648
vt 0.919045 0.512571
vt 0.916992 0.512571
vt 0.916992 0.519582
vt 0.921874 0.512571
vt 0.919045 0.519582
vt 0.921874 0.519582
vt 0.919045 0.526694
vt 0.916992 0.526694
vt 0.916992 0.533893
vt 0.921874 0.526694
vt 0.919045 0.533893
vt 0.921874 0.533893
vt 0.919045 0.541083
vt 0.916992 0.541083
vt 0.916992 0.548175
vt 0.921874 0.541083
vt 0.919045 0.548175
vt 0.921874 0.548175
vt 0.919045 0.555180
vt 0.916992 0.555180
vt 0.916992 0.562127
vt 0.921874 0.555180
vt 0.919045 0.562127
vt 0.921874 0.562127
vt 0.919045 0.569028
vt 0.916992 0.569028
vt 0.916992 0.575893
vt 0.921874 0.569028
vt 0.919045 0.575893
vt 0.921874 0.575893
vt 0.919045 0.582738
vt 0.916992 0.582738
vt 0.916992 0.589583
vt 0.919045 0.589583
vt 0.921874 0.589583
vt 0.919045 0.596448
vt 0.921874 0.596447
vt 0.916992 0.596448
vt 0.916992 0.603349
vt 0.919045 0.603349
vt 0.921874 0.603349
vt 0.919045 0.610296
vt 0.921874 0.610296
vt 0.916992 0.610296
vt 0.916992 0.617300
vt 0.919045 0.617300
vt 0.921874 0.617300
vt 0.919045 0.624392
vt 0.921874 0.624392
vt 0.916992 0.624392
vt 0.916992 0.631583
vt 0.919045 0.631583
vt 0.921874 0.631583
vt 0.919045 0.638782
vt 0.921874 0.638782
vt 0.916992 0.638782
vt 0.916992 0.645894
vt 0.919045 0.645894
vt 0.921874 0.645894
vt 0.919045 0.652905
vt 0.921874 0.652905
vt 0.916992 0.652905
vt 0.916992 0.659827
vt 0.919045 0.659827
vt 0.921874 0.659827
vt 0.919045 0.666701
vt 0.916992 0.666701
vt 0.916992 0.673569
vt 0.921874 0.666701
vt 0.919045 0.673569
vt 0.921874 0.673569
vt 0.919045 0.680469
vt 0.916992 0.680469
vt 0.916992 0.687417
vt 0.921874 0.680469
vt 0.919045 0.687417
vt 0.921874 0.687417
vt 0.919045 0.694372
vt 0.916992 0.694372
vt 0.916992 0.701292
vt 0.921874 0.694372
vt 0.919045 0.701292
vt 0.921874 0.701292
vt 0.919045 0.708205
vt 0.916992 0.708205
vt 0.916992 0.715140
vt 0.921874 0.708205
vt 0.919045 0.715140
vt 0.921874 0.715140
vt 0.919045 0.722087
vt 0.916992 0.722087
vt 0.916992 0.729027
vt 0.921874 0.722087
vt 0.919045 0.729027
vt 0.921874 0.729027
vt 0.919045 0.735962
vt 0.916992 0.735962
vt 0.916992 0.742894
vt 0.921874 0.735962
vt 0.919045 0.742894
vt 0.921874 0.742894
vt 0.919045 0.749825
vt 0.916992 0.749825
vt 0.916992 0.756754
vt 0.921874 0.749825
vt 0.919045 0.756754
vt 0.921874 0.756754
vt 0.919045 0.763682
vt 0.916992 0.763682
vt 0.023929 0.795408
vt 0.023929 0.810945
vt 0.029281 0.810945
vt 0.029281 0.795408
vt 0.036226 0.810945
vt 0.029281 0.826480
vt 0.023929 0.826480
vt 0.288615 0.764321
vt 0.288615 0.779866
vt 0.301329 0.779866
vt 0.301329 0.764321
vt 0.314241 0.779866
vt 0.301329 0.795408
vt 0.314241 0.795408
vt 0.288615 0.795408
vt 0.288615 0.702080
vt 0.288615 0.717631
vt 0.301329 0.717631
vt 0.301329 0.702080
vt 0.314241 0.717631
vt 0.301329 0.733208
vt 0.314241 0.733208
vt 0.288615 0.733208
vt 0.915964 0.283037
vt 0.915963 0.302584
vt 0.922247 0.302585
vt 0.915963 0.254331
vt 0.922247 0.283038
vt 0.928536 0.283037
vt 0.928536 0.254331
vt 0.928536 0.302584
vt 0.934794 0.302585
vt 0.934794 0.283038
vt 0.941045 0.283037
vt 0.941045 0.254331
vt 0.941045 0.302584
vt 0.891038 0.283037
vt 0.891038 0.302584
vt 0.897298 0.302585
vt 0.891038 0.254331
vt 0.897298 0.283038
vt 0.903513 0.283037
vt 0.903513 0.254331
vt 0.903513 0.302584
vt 0.288615 0.639886
vt 0.288615 0.655466
vt 0.301329 0.655466
vt 0.301329 0.639886
vt 0.314241 0.655466
vt 0.301329 0.671061
vt 0.314241 0.671061
vt 0.288615 0.671061
vt 0.301329 0.578079
vt 0.288615 0.578079
vt 0.288615 0.593601
vt 0.314241 0.578079
vt 0.301329 0.593601
vt 0.314241 0.593601
vt 0.301329 0.609013
vt 0.288615 0.609013
vt 0.288615 0.624415
vt 0.314241 0.609013
vt 0.301329 0.624415
vt 0.314241 0.639886
vt 0.301329 0.546409
vt 0.288615 0.546409
vt 0.288615 0.562357
vt 0.314241 0.546409
vt 0.301329 0.562357
vt 0.314241 0.562357
vt 0.852507 0.283037
vt 0.852507 0.302584
vt 0.858841 0.302585
vt 0.852507 0.254331
vt 0.858841 0.283038
vt 0.865255 0.283037
vt 0.865255 0.254331
vt 0.865255 0.302584
vt 0.301329 0.420739
vt 0.288615 0.420739
vt 0.288615 0.436089
vt 0.314241 0.420739
vt 0.301329 0.436089
vt 0.314241 0.436089
vt 0.301329 0.451481
vt 0.288615 0.451481
vt 0.802667 0.283037
vt 0.802667 0.302584
vt 0.808949 0.302584
vt 0.802667 0.254331
vt 0.808949 0.283037
vt 0.815190 0.283037
vt 0.815190 0.254331
vt 0.815190 0.302584
vt 0.821397 0.302584
vt 0.821397 0.283037
vt 0.827587 0.283037
vt 0.827587 0.254331
vt 0.827587 0.302584
vt 0.776908 0.283037
vt 0.776908 0.302584
vt 0.783418 0.302584
vt 0.776908 0.254331
vt 0.783418 0.283037
vt 0.789920 0.283037
vt 0.789920 0.254331
vt 0.789920 0.302584
vt 0.288615 0.358945
vt 0.288615 0.374522
vt 0.301329 0.374522
vt 0.301329 0.358945
vt 0.314241 0.374522
vt 0.301329 0.389997
vt 0.314241 0.389997
vt 0.288615 0.389997
vt 0.288615 0.295070
vt 0.288615 0.311212
vt 0.301329 0.311212
vt 0.301329 0.295070
vt 0.314241 0.311212
vt 0.301329 0.327335
vt 0.314241 0.327335
vt 0.288615 0.327335
vt 0.288615 0.343239
vt 0.301329 0.343239
vt 0.314241 0.343239
vt 0.314241 0.358945
vt 0.288615 0.263400
vt 0.288615 0.279122
vt 0.301329 0.279122
vt 0.301329 0.263400
vt 0.314241 0.279122
vt 0.314241 0.295070
vt 0.739211 0.283037
vt 0.739211 0.302584
vt 0.745450 0.302584
vt 0.739211 0.254331
vt 0.745450 0.283037
vt 0.751661 0.283037
vt 0.751661 0.254331
vt 0.751661 0.302584
vt 0.301329 0.139399
vt 0.288615 0.139399
vt 0.288615 0.154899
vt 0.314241 0.139399
vt 0.301329 0.154899
vt 0.314241 0.154899
vt 0.301329 0.170418
vt 0.288615 0.170418
vt 0.689030 0.283037
vt 0.689030 0.302584
vt 0.695300 0.302584
vt 0.689030 0.254331
vt 0.695300 0.283037
vt 0.701576 0.283037
vt 0.701576 0.254331
vt 0.701576 0.302584
vt 0.707858 0.302584
vt 0.707858 0.283037
vt 0.714130 0.283037
vt 0.714130 0.254331
vt 0.714130 0.302584
vt 0.676493 0.283037
vt 0.676493 0.302584
vt 0.682761 0.302584
vt 0.676493 0.254331
vt 0.682761 0.283037
vt 0.301329 0.077158
vt 0.288615 0.077158
vt 0.288615 0.092708
vt 0.314241 0.077158
vt 0.301329 0.092708
vt 0.314241 0.092708
vt 0.301329 0.108271
vt 0.288615 0.108271
vt 0.301329 0.046072
vt 0.288615 0.046072
vt 0.288615 0.061613
vt 0.314241 0.046072
vt 0.301329 0.061613
vt 0.314241 0.061613
vt 0.288615 0.810945
vt 0.301329 0.810945
vt 0.314241 0.810945
vt 0.301329 0.826480
vt 0.314241 0.826480
vt 0.288615 0.826480
vt 0.023929 0.139399
vt 0.023929 0.154899
vt 0.029281 0.154899
vt 0.029281 0.139399
vt 0.036226 0.154899
vt 0.029281 0.170418
vt 0.023929 0.170418
vt 0.023929 0.186013
vt 0.029281 0.186013
vt 0.036226 0.186013
vt 0.029281 0.201593
vt 0.023929 0.201593
vt 0.023929 0.217064
vt 0.029281 0.217064
vt 0.036226 0.217064
vt 0.029281 0.232466
vt 0.023929 0.232466
vt 0.023929 0.247878
vt 0.029281 0.247878
vt 0.036226 0.247878
vt 0.029281 0.263400
vt 0.023929 0.263400
vt 0.023929 0.279122
vt 0.029281 0.279122
vt 0.036226 0.279122
vt 0.029281 0.295070
vt 0.023929 0.295070
vt 0.023929 0.311212
vt 0.029281 0.311212
vt 0.036226 0.311212
vt 0.029281 0.327335
vt 0.023929 0.327335
vt 0.023929 0.343239
vt 0.029281 0.343239
vt 0.036226 0.343239
vt 0.029281 0.358945
vt 0.023929 0.358945
vt 0.023929 0.374522
vt 0.029281 0.374522
vt 0.036226 0.374522
vt 0.029281 0.389997
vt 0.023929 0.389997
vt 0.023929 0.405390
vt 0.029281 0.405390
vt 0.036226 0.405390
vt 0.029281 0.420739
vt 0.023929 0.420739
vt 0.023929 0.436089
vt 0.029281 0.436089
vt 0.036226 0.436089
vt 0.029281 0.451481
vt 0.023929 0.451481
vt 0.023929 0.466956
vt 0.029281 0.466956
vt 0.036226 0.466956
vt 0.029281 0.482534
vt 0.023929 0.482534
vt 0.023929 0.498240
vt 0.029281 0.498240
vt 0.036226 0.498240
vt 0.029281 0.514144
vt 0.023929 0.514144
vt 0.023929 0.530267
vt 0.029281 0.530267
vt 0.036226 0.530267
vt 0.029281 0.546409
vt 0.023929 0.546409
vt 0.023929 0.562357
vt 0.029281 0.562357
vt 0.036226 0.562357
vt 0.029281 0.578079
vt 0.023929 0.578079
vt 0.023929 0.593601
vt 0.029281 0.593601
vt 0.036226 0.593601
vt 0.029281 0.609013
vt 0.023929 0.609013
vt 0.023929 0.624415
vt 0.029281 0.624415
vt 0.036226 0.624415
vt 0.029281 0.639886
vt 0.023929 0.639886
vt 0.023929 0.655466
vt 0.029281 0.655466
vt 0.036226 0.655466
vt 0.029281 0.671061
vt 0.023929 0.671061
vt 0.023929 0.686580
vt 0.029281 0.686580
vt 0.036226 0.686580
vt 0.029281 0.702080
vt 0.023929 0.702080
vt 0.023929 0.717631
vt 0.029281 0.717631
vt 0.036226 0.717631
vt 0.029281 0.733208
vt 0.023929 0.733208
vt 0.023929 0.748771
vt 0.029281 0.748771
vt 0.036226 0.748771
vt 0.029281 0.764321
vt 0.023929 0.764321
vt 0.023929 0.779866
vt 0.029281 0.779866
vt 0.036226 0.779866
vt 0.613764 0.842053
vt 0.609391 0.834822
vt 0.606697 0.836683
vt 0.610865 0.843576
vt 0.614172 0.850922
vt 0.607253 0.845473
vt 0.610358 0.852369
vt 0.603340 0.839001
vt 0.023929 0.046072
vt 0.023929 0.061613
vt 0.029281 0.061613
vt 0.029281 0.046072
vt 0.036226 0.061613
vt 0.029281 0.077159
vt 0.023929 0.077159
vt 0.082142 0.046072
vt 0.082142 0.061613
vt 0.096996 0.061613
vt 0.096996 0.046072
vt 0.112159 0.061613
vt 0.096996 0.077159
vt 0.082142 0.077159
vt 0.082142 0.795408
vt 0.082142 0.810945
vt 0.096996 0.810945
vt 0.096996 0.795408
vt 0.112159 0.810945
vt 0.096996 0.826480
vt 0.082142 0.826480
vt 0.082142 0.764321
vt 0.082142 0.779866
vt 0.096996 0.779866
vt 0.096996 0.764321
vt 0.112159 0.779866
vt 0.082142 0.733208
vt 0.082142 0.748771
vt 0.096996 0.748771
vt 0.096996 0.733208
vt 0.112159 0.748771
vt 0.082142 0.702080
vt 0.082142 0.717631
vt 0.096996 0.717631
vt 0.096996 0.702080
vt 0.112159 0.717631
vt 0.082142 0.671061
vt 0.082142 0.686580
vt 0.096996 0.686580
vt 0.096996 0.671061
vt 0.112159 0.686580
vt 0.082142 0.639886
vt 0.082142 0.655466
vt 0.096996 0.655466
vt 0.096996 0.639886
vt 0.112159 0.655466
vt 0.082142 0.609013
vt 0.082142 0.624415
vt 0.096996 0.624415
vt 0.096996 0.609013
vt 0.112159 0.624415
vt 0.082142 0.578079
vt 0.082142 0.593601
vt 0.096996 0.593601
vt 0.096996 0.578079
vt 0.112159 0.593601
vt 0.082142 0.546409
vt 0.082142 0.562357
vt 0.096996 0.562357
vt 0.096996 0.546409
vt 0.112159 0.562357
vt 0.082142 0.514144
vt 0.082142 0.530267
vt 0.096996 0.530267
vt 0.096996 0.514144
vt 0.112159 0.530267
vt 0.082142 0.482534
vt 0.082142 0.498240
vt 0.096996 0.498240
vt 0.096996 0.482534
vt 0.112159 0.498240
vt 0.082142 0.451481
vt 0.082142 0.466956
vt 0.096996 0.466956
vt 0.096996 0.451481
vt 0.112159 0.466956
vt 0.082142 0.420739
vt 0.082142 0.436089
vt 0.096996 0.436089
vt 0.096996 0.420739
vt 0.112159 0.436089
vt 0.082142 0.389997
vt 0.082142 0.405390
vt 0.096996 0.405390
vt 0.096996 0.389997
vt 0.112159 0.405390
vt 0.082142 0.358945
vt 0.082142 0.374522
vt 0.096996 0.374522
vt 0.096996 0.358945
vt 0.112159 0.374522
vt 0.082142 0.327335
vt 0.082142 0.343239
vt 0.096996 0.343239
vt 0.096996 0.327335
vt 0.112159 0.343239
vt 0.082142 0.295070
vt 0.082142 0.311212
vt 0.096996 0.311212
vt 0.096996 0.295070
vt 0.112159 0.311212
vt 0.082142 0.263400
vt 0.082142 0.279122
vt 0.096996 0.279122
vt 0.096996 0.263400
vt 0.112159 0.279122
vt 0.082142 0.232466
vt 0.082142 0.247878
vt 0.096996 0.247878
vt 0.096996 0.232466
vt 0.112159 0.247878
vt 0.082142 0.201593
vt 0.082142 0.217064
vt 0.096996 0.217064
vt 0.096996 0.201593
vt 0.112159 0.217064
vt 0.082142 0.170418
vt 0.082142 0.186013
vt 0.096996 0.186013
vt 0.096996 0.170418
vt 0.112159 0.186013
vt 0.082142 0.139399
vt 0.082142 0.154899
vt 0.096996 0.154899
vt 0.096996 0.139399
vt 0.112159 0.154899
vt 0.082142 0.108271
vt 0.082142 0.123848
vt 0.096996 0.123848
vt 0.096996 0.108271
vt 0.112159 0.123848
vt 0.082142 0.092708
vt 0.096996 0.092708
vt 0.112159 0.092708
vt 0.082142 0.015000
vt 0.082142 0.030534
vt 0.096996 0.030534
vt 0.096996 0.015000
vt 0.112159 0.030534
vt 0.023929 0.092708
vt 0.029281 0.092708
vt 0.036226 0.092708
vt 0.029281 0.108271
vt 0.023929 0.108271
vt 0.978682 0.130242
vt 0.978681 0.165911
vt 0.984947 0.165911
vt 0.984947 0.130242
vt 0.984947 0.103082
vt 0.991212 0.130242
vt 0.991212 0.103082
vt 0.991212 0.165911
vt 0.966145 0.130242
vt 0.966145 0.165911
vt 0.972414 0.165911
vt 0.966145 0.103082
vt 0.972414 0.130242
vt 0.972414 0.103082
vt 0.953598 0.130242
vt 0.953598 0.165911
vt 0.959874 0.165911
vt 0.953598 0.103082
vt 0.959874 0.130242
vt 0.959874 0.103082
vt 0.941045 0.130242
vt 0.941045 0.165911
vt 0.947316 0.165911
vt 0.941045 0.103082
vt 0.947316 0.130242
vt 0.947316 0.103082
vt 0.928536 0.130242
vt 0.928536 0.165911
vt 0.934794 0.165911
vt 0.928536 0.103082
vt 0.934794 0.130242
vt 0.934794 0.103082
vt 0.915964 0.130242
vt 0.915963 0.165911
vt 0.922247 0.165911
vt 0.915963 0.103082
vt 0.922247 0.130242
vt 0.922247 0.103082
vt 0.903513 0.165911
vt 0.909724 0.165911
vt 0.909724 0.130242
vt 0.903513 0.130242
vt 0.909724 0.103082
vt 0.891038 0.165911
vt 0.897298 0.165911
vt 0.897298 0.130242
vt 0.891038 0.130242
vt 0.897298 0.103082
vt 0.903513 0.103082
vt 0.878267 0.165911
vt 0.884698 0.165911
vt 0.884698 0.130242
vt 0.878267 0.130242
vt 0.884698 0.103082
vt 0.891038 0.103082
vt 0.865255 0.165911
vt 0.871757 0.165911
vt 0.871757 0.130242
vt 0.865255 0.130242
vt 0.871757 0.103082
vt 0.878267 0.103082
vt 0.852507 0.130242
vt 0.852507 0.165911
vt 0.858841 0.165911
vt 0.852507 0.103082
vt 0.858841 0.130242
vt 0.865255 0.103082
vt 0.839985 0.130242
vt 0.839985 0.165911
vt 0.846225 0.165911
vt 0.839985 0.103082
vt 0.846225 0.130242
vt 0.846225 0.103082
vt 0.827587 0.130242
vt 0.827587 0.165911
vt 0.833777 0.165911
vt 0.827587 0.103082
vt 0.833777 0.130242
vt 0.833777 0.103082
vt 0.815190 0.165911
vt 0.821397 0.165911
vt 0.821397 0.130242
vt 0.815190 0.130242
vt 0.821397 0.103082
vt 0.802667 0.165911
vt 0.808949 0.165911
vt 0.808949 0.130242
vt 0.802667 0.130242
vt 0.808949 0.103082
vt 0.815190 0.103082
vt 0.789920 0.130242
vt 0.789920 0.165911
vt 0.796333 0.165911
vt 0.789920 0.103082
vt 0.796333 0.130242
vt 0.802667 0.103082
vt 0.776908 0.130242
vt 0.776908 0.165911
vt 0.783418 0.165911
vt 0.776908 0.103082
vt 0.783418 0.130242
vt 0.783418 0.103082
vt 0.764136 0.130242
vt 0.764136 0.165911
vt 0.770476 0.165911
vt 0.764136 0.103082
vt 0.770476 0.130242
vt 0.770476 0.103082
vt 0.751661 0.130242
vt 0.751661 0.165911
vt 0.757877 0.165911
vt 0.751661 0.103082
vt 0.757877 0.130242
vt 0.757877 0.103082
vt 0.739211 0.165911
vt 0.745450 0.165911
vt 0.745450 0.130242
vt 0.739211 0.130242
vt 0.745450 0.103082
vt 0.726639 0.165911
vt 0.732928 0.165911
vt 0.732928 0.130242
vt 0.726639 0.130242
vt 0.732928 0.103082
vt 0.739211 0.103082
vt 0.714130 0.165911
vt 0.720380 0.165911
vt 0.720380 0.130242
vt 0.714130 0.130242
vt 0.720380 0.103082
vt 0.726639 0.103082
vt 0.701576 0.165911
vt 0.707858 0.165911
vt 0.707858 0.130242
vt 0.701576 0.130242
vt 0.707858 0.103082
vt 0.714130 0.103082
vt 0.689030 0.165911
vt 0.695300 0.165911
vt 0.695300 0.130242
vt 0.689030 0.130242
vt 0.695300 0.103082
vt 0.701576 0.103082
vt 0.676493 0.165911
vt 0.682761 0.165911
vt 0.682761 0.130242
vt 0.676493 0.130242
vt 0.682761 0.103082
vt 0.689030 0.103082
vt 0.663963 0.165911
vt 0.670227 0.165911
vt 0.670227 0.130242
vt 0.663963 0.103082
vt 0.663962 0.130242
vt 0.670227 0.103082
vt 0.023929 0.123848
vt 0.029281 0.123848
vt 0.036226 0.123848
vt 0.263525 0.795408
vt 0.263525 0.810945
vt 0.276166 0.810945
vt 0.276166 0.795408
vt 0.276166 0.826480
vt 0.263525 0.826480
vt 0.276166 0.764321
vt 0.263525 0.764321
vt 0.263525 0.779866
vt 0.276166 0.779866
vt 0.276166 0.733208
vt 0.263525 0.733208
vt 0.263525 0.748771
vt 0.276166 0.748771
vt 0.288615 0.748771
vt 0.276166 0.702080
vt 0.263525 0.702080
vt 0.263525 0.717631
vt 0.276166 0.717631
vt 0.276166 0.671061
vt 0.263525 0.671061
vt 0.263525 0.686580
vt 0.276166 0.686580
vt 0.288615 0.686580
vt 0.276166 0.639886
vt 0.263525 0.639886
vt 0.263525 0.655466
vt 0.276166 0.655466
vt 0.263525 0.609013
vt 0.263525 0.624415
vt 0.276166 0.624415
vt 0.276166 0.609013
vt 0.263525 0.578079
vt 0.263525 0.593601
vt 0.276166 0.593601
vt 0.276166 0.578079
vt 0.263525 0.546409
vt 0.263525 0.562357
vt 0.276166 0.562357
vt 0.276166 0.546409
vt 0.263525 0.514144
vt 0.263525 0.530267
vt 0.276166 0.530267
vt 0.288615 0.514144
vt 0.276166 0.514144
vt 0.288615 0.530267
vt 0.263525 0.482534
vt 0.263525 0.498240
vt 0.276166 0.498240
vt 0.288615 0.482534
vt 0.276166 0.482534
vt 0.288615 0.498240
vt 0.263525 0.451481
vt 0.263525 0.466956
vt 0.276166 0.466956
vt 0.276166 0.451481
vt 0.288615 0.466956
vt 0.276166 0.420739
vt 0.263525 0.420739
vt 0.263525 0.436089
vt 0.276166 0.436089
vt 0.263525 0.389997
vt 0.263525 0.405390
vt 0.276166 0.405390
vt 0.276166 0.389997
vt 0.288615 0.405390
vt 0.276166 0.358945
vt 0.263525 0.358945
vt 0.263525 0.374522
vt 0.276166 0.374522
vt 0.276166 0.327335
vt 0.263525 0.327335
vt 0.263525 0.343239
vt 0.276166 0.343239
vt 0.276166 0.295070
vt 0.263525 0.295070
vt 0.263525 0.311212
vt 0.276166 0.311212
vt 0.276166 0.263400
vt 0.263525 0.263400
vt 0.263525 0.279122
vt 0.276166 0.279122
vt 0.276166 0.232466
vt 0.263525 0.232466
vt 0.263525 0.247878
vt 0.276166 0.247878
vt 0.288615 0.247878
vt 0.263525 0.201593
vt 0.263525 0.217064
vt 0.276166 0.217064
vt 0.288615 0.201593
vt 0.276166 0.201593
vt 0.288615 0.232466
vt 0.263525 0.170418
vt 0.263525 0.186013
vt 0.276166 0.186013
vt 0.276166 0.170418
vt 0.288615 0.186013
vt 0.263525 0.139399
vt 0.263525 0.154899
vt 0.276166 0.154899
vt 0.276166 0.139399
vt 0.263525 0.108271
vt 0.263525 0.123848
vt 0.276166 0.123848
vt 0.276166 0.108271
vt 0.288615 0.123848
vt 0.263525 0.077158
vt 0.263525 0.092708
vt 0.276166 0.092708
vt 0.276166 0.077158
vt 0.140113 0.810945
vt 0.140113 0.795408
vt 0.126185 0.795408
vt 0.126185 0.810945
vt 0.126185 0.826480
vt 0.112159 0.826480
vt 0.112159 0.795408
vt 0.140113 0.030534
vt 0.140113 0.015000
vt 0.126185 0.015000
vt 0.126185 0.030534
vt 0.126185 0.046072
vt 0.112159 0.046072
vt 0.112159 0.015000
vt 0.140113 0.779866
vt 0.140113 0.764321
vt 0.126185 0.764321
vt 0.126185 0.779866
vt 0.112159 0.764321
vt 0.663963 0.254331
vt 0.670227 0.254331
vt 0.670227 0.211406
vt 0.663962 0.211406
vt 0.676493 0.211406
vt 0.140113 0.748771
vt 0.140113 0.733208
vt 0.126185 0.733208
vt 0.126185 0.748771
vt 0.112159 0.733208
vt 0.202881 0.764321
vt 0.186779 0.764321
vt 0.186779 0.779866
vt 0.202881 0.795408
vt 0.202881 0.779866
vt 0.186779 0.795408
vt 0.170955 0.779866
vt 0.170955 0.764321
vt 0.140113 0.717631
vt 0.140113 0.702080
vt 0.126185 0.702080
vt 0.126185 0.717631
vt 0.112159 0.702080
vt 0.202881 0.733208
vt 0.186779 0.733208
vt 0.186779 0.748771
vt 0.202881 0.748771
vt 0.170955 0.748771
vt 0.170955 0.733208
vt 0.140113 0.686580
vt 0.140113 0.671061
vt 0.126185 0.671061
vt 0.126185 0.686580
vt 0.112159 0.671061
vt 0.202881 0.702080
vt 0.186779 0.702080
vt 0.186779 0.717631
vt 0.202881 0.717631
vt 0.170955 0.717631
vt 0.170955 0.702080
vt 0.140113 0.655466
vt 0.140113 0.639886
vt 0.126185 0.639886
vt 0.126185 0.655466
vt 0.112159 0.639886
vt 0.202881 0.671061
vt 0.186779 0.671061
vt 0.186779 0.686580
vt 0.202881 0.686580
vt 0.170955 0.686580
vt 0.170955 0.671061
vt 0.140113 0.624415
vt 0.140113 0.609013
vt 0.126185 0.609013
vt 0.126185 0.624415
vt 0.112159 0.609013
vt 0.202881 0.639886
vt 0.186779 0.639886
vt 0.186779 0.655466
vt 0.202881 0.655466
vt 0.170955 0.655466
vt 0.170955 0.639886
vt 0.140113 0.593601
vt 0.140113 0.578079
vt 0.126185 0.578079
vt 0.126185 0.593601
vt 0.112159 0.578079
vt 0.202881 0.609013
vt 0.186779 0.609013
vt 0.186779 0.624415
vt 0.202881 0.624415
vt 0.170955 0.624415
vt 0.170955 0.609013
vt 0.140113 0.562357
vt 0.140113 0.546409
vt 0.126185 0.546409
vt 0.126185 0.562357
vt 0.112159 0.546409
vt 0.202881 0.578079
vt 0.186779 0.578079
vt 0.186779 0.593601
vt 0.202881 0.593601
vt 0.170955 0.593601
vt 0.170955 0.578079
vt 0.140113 0.530267
vt 0.140113 0.514144
vt 0.126185 0.514144
vt 0.126185 0.530267
vt 0.112159 0.514144
vt 0.202881 0.546409
vt 0.186779 0.546409
vt 0.186779 0.562357
vt 0.202881 0.562357
vt 0.170955 0.562357
vt 0.170955 0.546409
vt 0.140113 0.498240
vt 0.140113 0.482534
vt 0.126185 0.482534
vt 0.126185 0.498240
vt 0.112159 0.482534
vt 0.202881 0.514144
vt 0.186779 0.514144
vt 0.186779 0.530267
vt 0.202881 0.530267
vt 0.170955 0.530267
vt 0.170955 0.514144
vt 0.140113 0.466956
vt 0.140113 0.451481
vt 0.126185 0.451481
vt 0.126185 0.466956
vt 0.112159 0.451481
vt 0.202881 0.482534
vt 0.186779 0.482534
vt 0.186779 0.498240
vt 0.202881 0.498240
vt 0.170955 0.498240
vt 0.170955 0.482534
vt 0.140113 0.436089
vt 0.140113 0.420739
vt 0.126185 0.420739
vt 0.126185 0.436089
vt 0.112159 0.420739
vt 0.202881 0.451481
vt 0.186779 0.451481
vt 0.186779 0.466956
vt 0.202881 0.466956
vt 0.170955 0.466956
vt 0.170955 0.451481
vt 0.140113 0.405390
vt 0.140113 0.389997
vt 0.126185 0.389997
vt 0.126185 0.405390
vt 0.112159 0.389997
vt 0.202881 0.420739
vt 0.186779 0.420739
vt 0.186779 0.436089
vt 0.202881 0.436089
vt 0.170955 0.436089
vt 0.170955 0.420739
vt 0.140113 0.374522
vt 0.140113 0.358945
vt 0.126185 0.358945
vt 0.126185 0.374522
vt 0.112159 0.358945
vt 0.202881 0.389997
vt 0.186779 0.389997
vt 0.186779 0.405390
vt 0.202881 0.405390
vt 0.170955 0.405390
vt 0.170955 0.389997
vt 0.140113 0.343239
vt 0.140113 0.327335
vt 0.126185 0.327335
vt 0.126185 0.343239
vt 0.112159 0.327335
vt 0.202881 0.358945
vt 0.186779 0.358945
vt 0.186779 0.374522
vt 0.202881 0.374522
vt 0.170955 0.374522
vt 0.170955 0.358945
vt 0.140113 0.311212
vt 0.140113 0.295070
vt 0.126185 0.295070
vt 0.126185 0.311212
vt 0.112159 0.295070
vt 0.202881 0.327335
vt 0.186779 0.327335
vt 0.186779 0.343239
vt 0.202881 0.343239
vt 0.170955 0.343239
vt 0.170955 0.327335
vt 0.140113 0.279122
vt 0.140113 0.263400
vt 0.126185 0.263400
vt 0.126185 0.279122
vt 0.112159 0.263400
vt 0.202881 0.295070
vt 0.186779 0.295070
vt 0.186779 0.311212
vt 0.202881 0.311212
vt 0.170955 0.311212
vt 0.170955 0.295070
vt 0.140113 0.247878
vt 0.140113 0.232466
vt 0.126185 0.232466
vt 0.126185 0.247878
vt 0.112159 0.232466
vt 0.202881 0.263400
vt 0.186779 0.263400
vt 0.186779 0.279122
vt 0.202881 0.279122
vt 0.170955 0.279122
vt 0.170955 0.263400
vt 0.140113 0.217064
vt 0.140113 0.201593
vt 0.126185 0.201593
vt 0.126185 0.217064
vt 0.112159 0.201593
vt 0.202881 0.232466
vt 0.186779 0.232466
vt 0.186779 0.247878
vt 0.202881 0.247878
vt 0.170955 0.247878
vt 0.170955 0.232466
vt 0.140113 0.186013
vt 0.140113 0.170418
vt 0.126185 0.170418
vt 0.126185 0.186013
vt 0.112159 0.170418
vt 0.202881 0.201593
vt 0.186779 0.201593
vt 0.186779 0.217064
vt 0.202881 0.217064
vt 0.170955 0.217064
vt 0.170955 0.201593
vt 0.140113 0.154899
vt 0.140113 0.139399
vt 0.126185 0.139399
vt 0.126185 0.154899
vt 0.112159 0.139399
vt 0.202881 0.170418
vt 0.186779 0.170418
vt 0.186779 0.186013
vt 0.202881 0.186013
vt 0.170955 0.186013
vt 0.170955 0.170418
vt 0.140113 0.123848
vt 0.140113 0.108271
vt 0.126185 0.108271
vt 0.126185 0.123848
vt 0.112159 0.108271
vt 0.202881 0.139399
vt 0.186779 0.139399
vt 0.186779 0.154899
vt 0.202881 0.154899
vt 0.170955 0.154899
vt 0.170955 0.139399
vt 0.140113 0.092708
vt 0.140113 0.077158
vt 0.126185 0.077158
vt 0.126185 0.092708
vt 0.112159 0.077158
vt 0.202881 0.108271
vt 0.186779 0.108271
vt 0.186779 0.123848
vt 0.202881 0.123848
vt 0.170955 0.123848
vt 0.170955 0.108271
vt 0.140113 0.061613
vt 0.140113 0.046072
vt 0.126185 0.061613
vt 0.202881 0.077158
vt 0.186779 0.077158
vt 0.186779 0.092708
vt 0.202881 0.092708
vt 0.170955 0.092708
vt 0.170955 0.077158
vt 0.186779 0.810945
vt 0.202881 0.826480
vt 0.202881 0.810945
vt 0.186779 0.826480
vt 0.170955 0.810945
vt 0.170955 0.795408
vt 0.202881 0.046072
vt 0.186779 0.046072
vt 0.186779 0.061613
vt 0.202881 0.061613
vt 0.170955 0.061613
vt 0.170955 0.046072
vt 0.202881 0.015000
vt 0.202881 0.030534
vt 0.219430 0.030534
vt 0.219430 0.015000
vt 0.235489 0.030534
vt 0.219430 0.046072
vt 0.235489 0.046072
vt 0.276166 0.015000
vt 0.263525 0.015000
vt 0.263525 0.030534
vt 0.288615 0.015000
vt 0.276166 0.030534
vt 0.288615 0.030534
vt 0.276166 0.046072
vt 0.263525 0.046072
vt 0.978682 0.283037
vt 0.978681 0.302584
vt 0.984947 0.302585
vt 0.978681 0.254331
vt 0.984947 0.283037
vt 0.991212 0.283037
vt 0.991212 0.254331
vt 0.991212 0.302584
vt 0.301329 0.748771
vt 0.314241 0.748771
vt 0.314241 0.764321
vt 0.720380 0.302584
vt 0.720380 0.283037
vt 0.726639 0.283037
vt 0.726639 0.254331
vt 0.726639 0.302584
vt 0.314241 0.108271
vt 0.301329 0.123848
vt 0.314241 0.123848
vt 0.732928 0.302584
vt 0.732928 0.283037
vt 0.757877 0.302584
vt 0.757877 0.283037
vt 0.764136 0.283037
vt 0.764136 0.254331
vt 0.764136 0.302584
vt 0.301329 0.201593
vt 0.288615 0.217064
vt 0.314241 0.201593
vt 0.301329 0.217064
vt 0.301329 0.232466
vt 0.314241 0.232466
vt 0.314241 0.170418
vt 0.301329 0.186013
vt 0.314241 0.186013
vt 0.301329 0.247878
vt 0.314241 0.247878
vt 0.314241 0.263400
vt 0.796333 0.302584
vt 0.796333 0.283037
vt 0.770476 0.302584
vt 0.770476 0.283037
vt 0.833777 0.302584
vt 0.833777 0.283037
vt 0.839985 0.283037
vt 0.839985 0.254331
vt 0.839985 0.302584
vt 0.301329 0.405390
vt 0.314241 0.405390
vt 0.846225 0.302584
vt 0.846225 0.283037
vt 0.871757 0.302585
vt 0.871757 0.283038
vt 0.878267 0.283037
vt 0.878267 0.254331
vt 0.878267 0.302584
vt 0.301329 0.482534
vt 0.314241 0.482534
vt 0.301329 0.498240
vt 0.314241 0.498240
vt 0.301329 0.514144
vt 0.314241 0.451481
vt 0.301329 0.466956
vt 0.314241 0.466956
vt 0.314241 0.514144
vt 0.301329 0.530267
vt 0.314241 0.530267
vt 0.909724 0.302585
vt 0.909724 0.283038
vt 0.884698 0.302585
vt 0.884698 0.283038
vt 0.947316 0.302585
vt 0.947316 0.283038
vt 0.953598 0.283037
vt 0.953598 0.254331
vt 0.953598 0.302584
vt 0.301329 0.686580
vt 0.314241 0.686580
vt 0.314241 0.702080
vt 0.959874 0.302585
vt 0.959874 0.283038
vt 0.966145 0.283037
vt 0.966145 0.254331
vt 0.966145 0.302584
vt 0.972414 0.302585
vt 0.972414 0.283038
vt 0.301329 0.015000
vt 0.314241 0.015000
vt 0.301329 0.030534
vt 0.314241 0.030534
vt 0.250127 0.015000
vt 0.250127 0.030534
vt 0.250127 0.046072
vt 0.235489 0.015000
vt 0.219430 0.061613
vt 0.235489 0.061613
vt 0.219430 0.077158
vt 0.235489 0.077158
vt 0.263525 0.061613
vt 0.250127 0.061613
vt 0.250127 0.077158
vt 0.219430 0.092708
vt 0.235489 0.092708
vt 0.219430 0.108271
vt 0.235489 0.108271
vt 0.250127 0.092708
vt 0.250127 0.108271
vt 0.219430 0.123848
vt 0.235489 0.123848
vt 0.219430 0.139399
vt 0.235489 0.139399
vt 0.250127 0.123848
vt 0.250127 0.139399
vt 0.219430 0.154899
vt 0.235489 0.154899
vt 0.219430 0.170418
vt 0.235489 0.170418
vt 0.250127 0.154899
vt 0.250127 0.170418
vt 0.219430 0.186013
vt 0.235489 0.186013
vt 0.219430 0.201593
vt 0.235489 0.201593
vt 0.250127 0.186013
vt 0.250127 0.201593
vt 0.219430 0.217064
vt 0.235489 0.217064
vt 0.219430 0.232466
vt 0.250127 0.217064
vt 0.250127 0.232466
vt 0.235489 0.232466
vt 0.219430 0.247878
vt 0.235489 0.247878
vt 0.219430 0.263400
vt 0.250127 0.247878
vt 0.250127 0.263400
vt 0.235489 0.263400
vt 0.219430 0.279122
vt 0.235489 0.279122
vt 0.219430 0.295070
vt 0.250127 0.279122
vt 0.250127 0.295070
vt 0.235489 0.295070
vt 0.219430 0.311212
vt 0.235489 0.311212
vt 0.219430 0.327335
vt 0.250127 0.311212
vt 0.250127 0.327335
vt 0.235489 0.327335
vt 0.219430 0.343239
vt 0.235489 0.343239
vt 0.219430 0.358945
vt 0.250127 0.343239
vt 0.250127 0.358945
vt 0.235489 0.358945
vt 0.219430 0.374522
vt 0.235489 0.374522
vt 0.219430 0.389997
vt 0.250127 0.374522
vt 0.250127 0.389997
vt 0.235489 0.389997
vt 0.219430 0.405390
vt 0.235489 0.405390
vt 0.219430 0.420739
vt 0.250127 0.405390
vt 0.250127 0.420739
vt 0.235489 0.420739
vt 0.219430 0.436089
vt 0.235489 0.436089
vt 0.219430 0.451481
vt 0.235489 0.451481
vt 0.250127 0.436089
vt 0.250127 0.451481
vt 0.219430 0.466956
vt 0.235489 0.466956
vt 0.219430 0.482534
vt 0.235489 0.482534
vt 0.250127 0.466956
vt 0.250127 0.482534
vt 0.219430 0.498240
vt 0.235489 0.498240
vt 0.219430 0.514144
vt 0.235489 0.514144
vt 0.250127 0.498240
vt 0.250127 0.514144
vt 0.219430 0.530267
vt 0.235489 0.530267
vt 0.219430 0.546409
vt 0.235489 0.546409
vt 0.250127 0.530267
vt 0.250127 0.546409
vt 0.219430 0.562357
vt 0.235489 0.562357
vt 0.219430 0.578079
vt 0.235489 0.578079
vt 0.250127 0.562357
vt 0.250127 0.578079
vt 0.219430 0.593601
vt 0.235489 0.593601
vt 0.219430 0.609013
vt 0.235489 0.609013
vt 0.250127 0.593601
vt 0.250127 0.609013
vt 0.219430 0.624415
vt 0.235489 0.624415
vt 0.219430 0.639886
vt 0.250127 0.624415
vt 0.250127 0.639886
vt 0.235489 0.639886
vt 0.219430 0.655466
vt 0.235489 0.655466
vt 0.219430 0.671061
vt 0.250127 0.655466
vt 0.250127 0.671061
vt 0.235489 0.671061
vt 0.219430 0.686580
vt 0.235489 0.686580
vt 0.219430 0.702080
vt 0.250127 0.686580
vt 0.250127 0.702080
vt 0.235489 0.702080
vt 0.219430 0.717631
vt 0.235489 0.717631
vt 0.219430 0.733208
vt 0.250127 0.717631
vt 0.250127 0.733208
vt 0.235489 0.733208
vt 0.219430 0.748771
vt 0.235489 0.748771
vt 0.219430 0.764321
vt 0.250127 0.748771
vt 0.250127 0.764321
vt 0.235489 0.764321
vt 0.219430 0.779866
vt 0.235489 0.779866
vt 0.219430 0.795408
vt 0.250127 0.779866
vt 0.250127 0.795408
vt 0.235489 0.795408
vt 0.219430 0.810945
vt 0.235489 0.810945
vt 0.219430 0.826480
vt 0.250127 0.810945
vt 0.250127 0.826480
vt 0.235489 0.826480
vt 0.276166 0.061613
vt 0.663963 0.302584
vt 0.663962 0.320879
vt 0.670227 0.320879
vt 0.670227 0.302584
vt 0.676493 0.320879
vt 0.670227 0.340503
vt 0.663963 0.340503
vt 0.663962 0.362285
vt 0.670227 0.362285
vt 0.676493 0.362285
vt 0.670227 0.385357
vt 0.676493 0.385357
vt 0.663962 0.385357
vt 0.682761 0.320879
vt 0.689030 0.320879
vt 0.682761 0.340503
vt 0.676493 0.340503
vt 0.682761 0.362285
vt 0.689030 0.362285
vt 0.682761 0.385357
vt 0.689030 0.385357
vt 0.695300 0.320879
vt 0.701576 0.320879
vt 0.695300 0.340503
vt 0.689030 0.340503
vt 0.695300 0.362285
vt 0.701576 0.362285
vt 0.695300 0.385357
vt 0.701576 0.385357
vt 0.707858 0.320879
vt 0.714130 0.320879
vt 0.707858 0.340503
vt 0.701576 0.340503
vt 0.707858 0.362285
vt 0.714130 0.362285
vt 0.707858 0.385357
vt 0.714130 0.385357
vt 0.720380 0.320879
vt 0.726639 0.320879
vt 0.720380 0.340503
vt 0.714130 0.340503
vt 0.720380 0.362285
vt 0.726639 0.362285
vt 0.720380 0.385357
vt 0.726639 0.385357
vt 0.732928 0.320879
vt 0.739211 0.320879
vt 0.732928 0.340503
vt 0.726639 0.340503
vt 0.732928 0.362285
vt 0.739211 0.362285
vt 0.732928 0.385357
vt 0.739211 0.385357
vt 0.745450 0.320879
vt 0.751661 0.320879
vt 0.745450 0.340503
vt 0.739211 0.340503
vt 0.745450 0.362285
vt 0.751661 0.340503
vt 0.751661 0.362285
vt 0.745450 0.385357
vt 0.757877 0.320879
vt 0.764136 0.320879
vt 0.757877 0.340503
vt 0.764136 0.340503
vt 0.757877 0.362285
vt 0.764136 0.362285
vt 0.757877 0.385357
vt 0.751661 0.385357
vt 0.770476 0.320879
vt 0.776908 0.320879
vt 0.770476 0.340503
vt 0.776908 0.340503
vt 0.770476 0.362285
vt 0.776908 0.362285
vt 0.770476 0.385357
vt 0.764136 0.385357
vt 0.783417 0.320879
vt 0.789920 0.320879
vt 0.783418 0.340503
vt 0.789920 0.340503
vt 0.783417 0.362285
vt 0.789920 0.362285
vt 0.783418 0.385357
vt 0.776908 0.385357
vt 0.796333 0.320879
vt 0.802667 0.320879
vt 0.796333 0.340503
vt 0.802667 0.340503
vt 0.796333 0.362285
vt 0.802667 0.362285
vt 0.796333 0.385357
vt 0.789920 0.385357
vt 0.808949 0.320879
vt 0.815190 0.320879
vt 0.808949 0.340503
vt 0.815190 0.340503
vt 0.808949 0.362285
vt 0.815190 0.362285
vt 0.808949 0.385357
vt 0.802667 0.385357
vt 0.821397 0.320879
vt 0.827587 0.320879
vt 0.821397 0.340503
vt 0.827587 0.340503
vt 0.821397 0.362285
vt 0.827587 0.362285
vt 0.821397 0.385357
vt 0.815190 0.385357
vt 0.833777 0.320879
vt 0.839985 0.320879
vt 0.833777 0.340503
vt 0.833777 0.362285
vt 0.839985 0.362285
vt 0.833777 0.385357
vt 0.839985 0.385357
vt 0.827587 0.385357
vt 0.846225 0.320879
vt 0.852507 0.320879
vt 0.846225 0.340503
vt 0.839985 0.340503
vt 0.846225 0.362285
vt 0.852507 0.362285
vt 0.846225 0.385357
vt 0.852507 0.385357
vt 0.858841 0.320879
vt 0.865255 0.320879
vt 0.858841 0.340503
vt 0.852507 0.340503
vt 0.858841 0.362285
vt 0.865255 0.362285
vt 0.858841 0.385357
vt 0.865255 0.385357
vt 0.871757 0.320879
vt 0.878267 0.320879
vt 0.871757 0.340503
vt 0.865255 0.340503
vt 0.871757 0.362285
vt 0.878267 0.362285
vt 0.871757 0.385357
vt 0.878267 0.385357
vt 0.884698 0.320879
vt 0.891038 0.320879
vt 0.884698 0.340503
vt 0.878267 0.340503
vt 0.884698 0.362285
vt 0.891038 0.362285
vt 0.884698 0.385357
vt 0.891038 0.385357
vt 0.897298 0.320879
vt 0.903513 0.320879
vt 0.897298 0.340503
vt 0.891038 0.340503
vt 0.897298 0.362285
vt 0.903513 0.362285
vt 0.897298 0.385357
vt 0.903513 0.385357
vt 0.909724 0.320879
vt 0.915964 0.320879
vt 0.909724 0.340503
vt 0.903513 0.340503
vt 0.909724 0.362285
vt 0.915963 0.340503
vt 0.915963 0.362285
vt 0.909724 0.385357
vt 0.922247 0.320879
vt 0.928536 0.320879
vt 0.922247 0.340503
vt 0.928536 0.340503
vt 0.922247 0.362285
vt 0.928536 0.362285
vt 0.922247 0.385357
vt 0.915963 0.385357
vt 0.934794 0.320879
vt 0.941045 0.320879
vt 0.934794 0.340503
vt 0.941045 0.340503
vt 0.934794 0.362285
vt 0.941045 0.362285
vt 0.934794 0.385357
vt 0.928536 0.385357
vt 0.947316 0.320879
vt 0.953598 0.320879
vt 0.947316 0.340503
vt 0.953598 0.340503
vt 0.947316 0.362285
vt 0.953598 0.362285
vt 0.947316 0.385357
vt 0.941045 0.385357
vt 0.959874 0.320879
vt 0.966145 0.320879
vt 0.959874 0.340503
vt 0.966145 0.340503
vt 0.959874 0.362285
vt 0.966145 0.362285
vt 0.959874 0.385357
vt 0.953598 0.385357
vt 0.972414 0.320879
vt 0.978682 0.320879
vt 0.972414 0.340503
vt 0.978681 0.340503
vt 0.972414 0.362285
vt 0.978681 0.362285
vt 0.972414 0.385357
vt 0.966145 0.385357
vt 0.984947 0.320879
vt 0.991212 0.320879
vt 0.984947 0.340503
vt 0.991212 0.340503
vt 0.984947 0.362285
vt 0.991212 0.362285
vt 0.984947 0.385357
vt 0.978682 0.385357
vt 0.663962 0.283037
vt 0.670227 0.283037
vt 0.069124 0.795408
vt 0.069124 0.810945
vt 0.069124 0.826480
vt 0.057292 0.810945
vt 0.057292 0.826480
vt 0.057292 0.795408
vt 0.045929 0.795408
vt 0.045929 0.810945
vt 0.045930 0.826480
vt 0.036226 0.826480
vt 0.036226 0.795408
vt 0.069124 0.764321
vt 0.069124 0.779866
vt 0.057292 0.779866
vt 0.057292 0.764321
vt 0.045929 0.764321
vt 0.045929 0.779866
vt 0.036226 0.764321
vt 0.069124 0.733208
vt 0.069124 0.748771
vt 0.057292 0.748771
vt 0.057292 0.733208
vt 0.045929 0.733208
vt 0.045929 0.748771
vt 0.036226 0.733208
vt 0.069124 0.702080
vt 0.069124 0.717631
vt 0.057292 0.717631
vt 0.057292 0.702080
vt 0.045929 0.702080
vt 0.045929 0.717631
vt 0.036226 0.702080
vt 0.069124 0.671061
vt 0.069124 0.686580
vt 0.057292 0.686580
vt 0.057292 0.671061
vt 0.045929 0.671061
vt 0.045929 0.686580
vt 0.036226 0.671061
vt 0.069124 0.639886
vt 0.069124 0.655466
vt 0.057292 0.655466
vt 0.057292 0.639886
vt 0.045930 0.639886
vt 0.045929 0.655466
vt 0.036226 0.639886
vt 0.069124 0.609013
vt 0.069124 0.624415
vt 0.057292 0.624415
vt 0.057292 0.609013
vt 0.045930 0.609013
vt 0.045930 0.624415
vt 0.036226 0.609013
vt 0.069124 0.578079
vt 0.069124 0.593601
vt 0.057292 0.593601
vt 0.057292 0.578079
vt 0.045930 0.578079
vt 0.045930 0.593601
vt 0.036226 0.578079
vt 0.069124 0.546409
vt 0.069124 0.562357
vt 0.057292 0.562357
vt 0.057292 0.546409
vt 0.045929 0.546409
vt 0.045929 0.562357
vt 0.036226 0.546409
vt 0.069124 0.514144
vt 0.069124 0.530267
vt 0.057292 0.530267
vt 0.057292 0.514144
vt 0.045929 0.514144
vt 0.045929 0.530267
vt 0.036226 0.514144
vt 0.069124 0.482534
vt 0.069124 0.498240
vt 0.057292 0.498240
vt 0.057292 0.482534
vt 0.045929 0.482534
vt 0.045929 0.498240
vt 0.036226 0.482534
vt 0.069124 0.451481
vt 0.069124 0.466956
vt 0.057292 0.466956
vt 0.057292 0.451481
vt 0.045929 0.451481
vt 0.045929 0.466956
vt 0.036226 0.451481
vt 0.069124 0.420739
vt 0.069124 0.436089
vt 0.057292 0.436089
vt 0.057292 0.420739
vt 0.045929 0.420739
vt 0.045929 0.436089
vt 0.036226 0.420739
vt 0.069124 0.389997
vt 0.069124 0.405390
vt 0.057292 0.405390
vt 0.057292 0.389997
vt 0.045929 0.389997
vt 0.045929 0.405390
vt 0.036226 0.389997
vt 0.069124 0.358945
vt 0.069124 0.374522
vt 0.057292 0.374522
vt 0.057292 0.358945
vt 0.045929 0.358945
vt 0.045929 0.374522
vt 0.036226 0.358945
vt 0.069124 0.327335
vt 0.069124 0.343239
vt 0.057292 0.343239
vt 0.057292 0.327335
vt 0.045929 0.327335
vt 0.045929 0.343239
vt 0.036226 0.327335
vt 0.069124 0.295070
vt 0.069124 0.311212
vt 0.057292 0.311212
vt 0.057292 0.295070
vt 0.045929 0.295070
vt 0.045929 0.311212
vt 0.036226 0.295070
vt 0.069124 0.263400
vt 0.069124 0.279122
vt 0.057292 0.279122
vt 0.057292 0.263400
vt 0.045929 0.263400
vt 0.045929 0.279122
vt 0.036226 0.263400
vt 0.069124 0.232466
vt 0.069124 0.247878
vt 0.057292 0.247878
vt 0.057292 0.232466
vt 0.045929 0.232466
vt 0.045929 0.247878
vt 0.036226 0.232466
vt 0.069124 0.201593
vt 0.069124 0.217064
vt 0.057292 0.217064
vt 0.057292 0.201593
vt 0.045930 0.201593
vt 0.045929 0.217064
vt 0.036226 0.201593
vt 0.069124 0.170418
vt 0.069124 0.186013
vt 0.057292 0.186013
vt 0.057292 0.170418
vt 0.045930 0.170418
vt 0.045930 0.186013
vt 0.036226 0.170418
vt 0.069124 0.139399
vt 0.069124 0.154899
vt 0.057292 0.154899
vt 0.057292 0.139399
vt 0.045930 0.139399
vt 0.045930 0.154899
vt 0.036226 0.139399
vt 0.069124 0.108271
vt 0.069124 0.123848
vt 0.057292 0.123848
vt 0.057292 0.108271
vt 0.045929 0.108271
vt 0.045929 0.123848
vt 0.036226 0.108271
vt 0.069124 0.077159
vt 0.069124 0.092708
vt 0.057292 0.092708
vt 0.057292 0.077159
vt 0.045929 0.077159
vt 0.045929 0.092708
vt 0.036226 0.077159
vt 0.069124 0.046072
vt 0.069124 0.061613
vt 0.057292 0.061613
vt 0.057292 0.046072
vt 0.045929 0.046072
vt 0.045929 0.061613
vt 0.036226 0.046072
vt 0.069124 0.015000
vt 0.069124 0.030534
vt 0.057292 0.030534
vt 0.057292 0.015000
vt 0.045929 0.015000
vt 0.045929 0.030534
vt 0.036226 0.030534
vt 0.036226 0.015000
vt 0.472861 0.944530
vt 0.481867 0.953535
vt 0.488045 0.946563
vt 0.479835 0.938353
vt 0.472673 0.929214
vt 0.485626 0.933223
vt 0.479041 0.924819
vt 0.493176 0.940772
vt 0.140113 0.826480
vt 0.155184 0.826480
vt 0.155184 0.810945
vt 0.155184 0.795408
vt 0.170955 0.826480
vt 0.155184 0.779866
vt 0.155184 0.764321
vt 0.155184 0.748771
vt 0.155184 0.733208
vt 0.155184 0.717631
vt 0.155184 0.702080
vt 0.155184 0.686580
vt 0.155184 0.671061
vt 0.155184 0.655466
vt 0.155184 0.639886
vt 0.155184 0.624415
vt 0.155184 0.609013
vt 0.155184 0.593601
vt 0.155184 0.578079
vt 0.155184 0.562357
vt 0.155184 0.546409
vt 0.155184 0.530267
vt 0.155184 0.514144
vt 0.155184 0.498240
vt 0.155184 0.482534
vt 0.155184 0.466956
vt 0.155184 0.451481
vt 0.155184 0.436089
vt 0.155184 0.420739
vt 0.155184 0.405390
vt 0.155184 0.389997
vt 0.155184 0.374522
vt 0.155184 0.358945
vt 0.155184 0.343239
vt 0.155184 0.327335
vt 0.155184 0.311212
vt 0.155184 0.295070
vt 0.155184 0.279122
vt 0.155184 0.263400
vt 0.155184 0.247878
vt 0.155184 0.232466
vt 0.155184 0.217064
vt 0.155184 0.201593
vt 0.155184 0.186013
vt 0.155184 0.170418
vt 0.155184 0.154899
vt 0.155184 0.139399
vt 0.155184 0.123848
vt 0.155184 0.108271
vt 0.155184 0.092708
vt 0.155184 0.077158
vt 0.155184 0.061613
vt 0.155184 0.046072
vt 0.155184 0.030534
vt 0.155184 0.015000
vt 0.170955 0.030534
vt 0.170955 0.015000
vt 0.186779 0.015000
vt 0.186779 0.030534
vt 0.682761 0.254331
vt 0.682761 0.211406
vt 0.689030 0.211406
vt 0.695300 0.254331
vt 0.695300 0.211406
vt 0.701576 0.211406
vt 0.707858 0.254331
vt 0.707858 0.211406
vt 0.714130 0.211406
vt 0.720380 0.254331
vt 0.720380 0.211406
vt 0.726639 0.211406
vt 0.732928 0.254331
vt 0.732928 0.211406
vt 0.739211 0.211406
vt 0.745450 0.254331
vt 0.745450 0.211406
vt 0.751661 0.211406
vt 0.757877 0.254331
vt 0.757877 0.211406
vt 0.764136 0.211406
vt 0.770476 0.254331
vt 0.770476 0.211406
vt 0.776908 0.211406
vt 0.783418 0.254331
vt 0.783418 0.211406
vt 0.789920 0.211406
vt 0.796333 0.254331
vt 0.796333 0.211406
vt 0.802667 0.211406
vt 0.808949 0.254331
vt 0.808949 0.211406
vt 0.815190 0.211406
vt 0.821397 0.254331
vt 0.821397 0.211406
vt 0.827587 0.211406
vt 0.833777 0.254331
vt 0.833777 0.211406
vt 0.839985 0.211406
vt 0.846225 0.254331
vt 0.846225 0.211407
vt 0.852507 0.211406
vt 0.858841 0.254331
vt 0.858841 0.211407
vt 0.865255 0.211407
vt 0.871757 0.254331
vt 0.871757 0.211407
vt 0.878267 0.211407
vt 0.884698 0.254331
vt 0.884698 0.211407
vt 0.891038 0.211407
vt 0.897298 0.254331
vt 0.897298 0.211407
vt 0.903513 0.211407
vt 0.909724 0.254331
vt 0.909724 0.211407
vt 0.915964 0.211407
vt 0.922247 0.254331
vt 0.922247 0.211407
vt 0.928536 0.211407
vt 0.934794 0.254331
vt 0.934794 0.211407
vt 0.941045 0.211407
vt 0.947316 0.254331
vt 0.947316 0.211407
vt 0.953598 0.211407
vt 0.959874 0.254331
vt 0.959874 0.211407
vt 0.966145 0.211407
vt 0.972414 0.254331
vt 0.972414 0.211407
vt 0.978682 0.211407
vt 0.984947 0.254331
vt 0.984947 0.211407
vt 0.991212 0.211407
vt 0.023929 0.030534
vt 0.023929 0.015000
vt 0.018737 0.015000
vt 0.018737 0.030534
vt 0.018737 0.046072
vt 0.013475 0.030534
vt 0.013475 0.046071
vt 0.013475 0.015000
vt 0.018737 0.061613
vt 0.018737 0.077159
vt 0.013475 0.061613
vt 0.013475 0.077158
vt 0.018737 0.092708
vt 0.018737 0.108271
vt 0.013475 0.092708
vt 0.013475 0.108271
vt 0.018737 0.123848
vt 0.018737 0.139399
vt 0.013475 0.123848
vt 0.013475 0.139399
vt 0.018737 0.154899
vt 0.018737 0.170418
vt 0.013475 0.154899
vt 0.013475 0.170418
vt 0.018737 0.186013
vt 0.018737 0.201593
vt 0.013475 0.186013
vt 0.013475 0.201593
vt 0.018737 0.217064
vt 0.018737 0.232466
vt 0.013475 0.217064
vt 0.013475 0.232466
vt 0.018737 0.247878
vt 0.018737 0.263400
vt 0.013475 0.247878
vt 0.013475 0.263400
vt 0.018737 0.279122
vt 0.018737 0.295070
vt 0.013475 0.279122
vt 0.013475 0.295070
vt 0.018737 0.311212
vt 0.018737 0.327335
vt 0.013475 0.311212
vt 0.013475 0.327335
vt 0.018737 0.343239
vt 0.018737 0.358945
vt 0.013475 0.343239
vt 0.013475 0.358945
vt 0.018737 0.374522
vt 0.018737 0.389997
vt 0.013475 0.374522
vt 0.013475 0.389997
vt 0.018737 0.405390
vt 0.018737 0.420739
vt 0.013475 0.405390
vt 0.013475 0.420739
vt 0.018737 0.436089
vt 0.018737 0.451481
vt 0.013475 0.436089
vt 0.013475 0.451481
vt 0.018737 0.466956
vt 0.018737 0.482534
vt 0.013475 0.466956
vt 0.013475 0.482534
vt 0.018737 0.498240
vt 0.018737 0.514144
vt 0.013475 0.498240
vt 0.013475 0.514144
vt 0.018737 0.530267
vt 0.018737 0.546409
vt 0.013475 0.530267
vt 0.013475 0.546409
vt 0.018737 0.562357
vt 0.018737 0.578079
vt 0.013475 0.562357
vt 0.013475 0.578079
vt 0.018737 0.593601
vt 0.018737 0.609013
vt 0.013475 0.593601
vt 0.013475 0.609013
vt 0.018737 0.624415
vt 0.018737 0.639886
vt 0.013475 0.624415
vt 0.013475 0.639886
vt 0.018737 0.655466
vt 0.018737 0.671061
vt 0.013475 0.655466
vt 0.013475 0.671061
vt 0.018737 0.686580
vt 0.018737 0.702080
vt 0.013475 0.686580
vt 0.013475 0.702080
vt 0.018737 0.717631
vt 0.018737 0.733208
vt 0.013475 0.717631
vt 0.013475 0.733208
vt 0.018737 0.748771
vt 0.018737 0.764321
vt 0.013475 0.748771
vt 0.013475 0.764321
vt 0.018737 0.779866
vt 0.018737 0.795408
vt 0.013475 0.779866
vt 0.013475 0.795408
vt 0.018737 0.810945
vt 0.018737 0.826480
vt 0.013475 0.810945
vt 0.013475 0.826480
vt 0.029281 0.030534
vt 0.029281 0.015000
vt 0.458419 0.825579
vt 0.453191 0.837191
vt 0.461900 0.840496
vt 0.466665 0.829908
vt 0.472672 0.819972
vt 0.473515 0.833504
vt 0.479038 0.824367
vt 0.469133 0.843240
vt 0.564492 0.769893
vt 0.551781 0.769128
vt 0.551784 0.778441
vt 0.563372 0.779139
vt 0.574792 0.781227
vt 0.562442 0.786819
vt 0.572943 0.788739
vt 0.551786 0.786177
vt 0.654210 0.849328
vt 0.650419 0.837167
vt 0.641708 0.840471
vt 0.645165 0.851558
vt 0.647261 0.862981
vt 0.637652 0.853411
vt 0.639579 0.863915
vt 0.634472 0.843216
vt 0.514407 0.973202
vt 0.526565 0.976991
vt 0.528794 0.967947
vt 0.517709 0.964492
vt 0.507122 0.959729
vt 0.520453 0.957258
vt 0.510717 0.952878
vt 0.530645 0.960435
vt 0.446336 0.874589
vt 0.447102 0.887303
vt 0.456349 0.886181
vt 0.455651 0.874590
vt 0.456353 0.863000
vt 0.463388 0.874591
vt 0.464034 0.863934
vt 0.464030 0.885248
vt 0.514394 0.775990
vt 0.502785 0.781216
vt 0.507113 0.789461
vt 0.517698 0.784697
vt 0.528779 0.781241
vt 0.520442 0.791929
vt 0.530632 0.788751
vt 0.510709 0.796310
vt 0.630735 0.804629
vt 0.621726 0.795625
vt 0.615549 0.802599
vt 0.623762 0.810808
vt 0.630928 0.819946
vt 0.617971 0.815940
vt 0.624560 0.824342
vt 0.610419 0.808392
vt 0.645201 0.923594
vt 0.650428 0.911977
vt 0.641717 0.908673
vt 0.636952 0.919263
vt 0.630946 0.929204
vt 0.630100 0.915667
vt 0.624577 0.924807
vt 0.634481 0.905929
vt 0.564517 0.979286
vt 0.577045 0.976991
vt 0.574815 0.967946
vt 0.563394 0.970038
vt 0.551804 0.970740
vt 0.562461 0.962358
vt 0.551804 0.963003
vt 0.572964 0.960434
vt 0.458416 0.923605
vt 0.465005 0.934505
vt 0.466666 0.919277
vt 0.461898 0.908689
vt 0.473517 0.915682
vt 0.469133 0.905946
vt 0.472863 0.804658
vt 0.465008 0.814680
vt 0.479834 0.810834
vt 0.488043 0.802626
vt 0.485624 0.815964
vt 0.493173 0.808416
vt 0.589179 0.775967
vt 0.577018 0.772182
vt 0.585878 0.784678
vt 0.596468 0.789438
vt 0.583136 0.791913
vt 0.592874 0.796290
vt 0.657278 0.874572
vt 0.656509 0.861857
vt 0.647962 0.874573
vt 0.647261 0.886164
vt 0.640223 0.874574
vt 0.639579 0.885232
vt 0.491894 0.961388
vt 0.502793 0.967977
vt 0.497186 0.953722
vt 0.501581 0.947355
vt 0.449403 0.849350
vt 0.447105 0.861877
vt 0.458447 0.851580
vt 0.465959 0.853433
vt 0.539072 0.769901
vt 0.526549 0.772199
vt 0.540197 0.779146
vt 0.541131 0.786825
vt 0.645187 0.825552
vt 0.638594 0.814653
vt 0.636938 0.829882
vt 0.630086 0.833479
vt 0.630756 0.944525
vt 0.638613 0.934497
vt 0.623783 0.938347
vt 0.615572 0.946560
vt 0.617991 0.933215
vt 0.610440 0.940767
vt 0.539092 0.979285
vt 0.551804 0.980056
vt 0.540214 0.970038
vt 0.541146 0.962358
vt 0.449399 0.899831
vt 0.453188 0.911992
vt 0.458443 0.897603
vt 0.465956 0.895752
vt 0.491890 0.787804
vt 0.481867 0.795655
vt 0.497181 0.795468
vt 0.501575 0.801834
vt 0.611697 0.787775
vt 0.600795 0.781189
vt 0.606406 0.795442
vt 0.602012 0.801811
vt 0.654215 0.899816
vt 0.656511 0.887287
vt 0.645169 0.897586
vt 0.637655 0.895735
vt 0.611720 0.961387
vt 0.621749 0.953533
vt 0.606428 0.953720
vt 0.596490 0.959727
vt 0.602033 0.947351
vt 0.592894 0.952875
vt 0.589204 0.973202
vt 0.600819 0.967976
vt 0.585901 0.964491
vt 0.583157 0.957256
vt 0.604177 0.828171
vt 0.598200 0.822196
vt 0.596030 0.824648
vt 0.601727 0.830343
vt 0.598674 0.833049
vt 0.593326 0.827703
vt 0.499422 0.828187
vt 0.494211 0.834839
vt 0.496906 0.836699
vt 0.501873 0.830357
vt 0.507566 0.824661
vt 0.504926 0.833062
vt 0.510271 0.827714
vt 0.500263 0.839016
vt 0.489840 0.842071
vt 0.486370 0.849776
vt 0.489431 0.850937
vt 0.492739 0.843592
vt 0.496351 0.845488
vt 0.493246 0.852383
vt 0.526988 0.940023
vt 0.535056 0.942537
vt 0.535839 0.939358
vt 0.528149 0.936962
vt 0.520803 0.933657
vt 0.529595 0.933147
vt 0.522699 0.930045
vt 0.536815 0.935396
vt 0.543369 0.944058
vt 0.551804 0.944567
vt 0.551804 0.941293
vt 0.543763 0.940807
vt 0.544254 0.936758
vt 0.551803 0.937213
vt 0.591558 0.932178
vt 0.598211 0.926965
vt 0.596039 0.924514
vt 0.589698 0.929483
vt 0.582805 0.933652
vt 0.587380 0.926125
vt 0.580909 0.930040
vt 0.593333 0.921460
vt 0.604187 0.920987
vt 0.609401 0.914335
vt 0.606705 0.912475
vt 0.601735 0.918816
vt 0.598681 0.916111
vt 0.603347 0.910158
vt 0.591546 0.816987
vt 0.584314 0.812616
vt 0.582794 0.815516
vt 0.589688 0.819682
vt 0.587371 0.823040
vt 0.580899 0.819128
vt 0.576607 0.809151
vt 0.568540 0.806639
vt 0.567758 0.809818
vt 0.575448 0.812212
vt 0.574002 0.816027
vt 0.566782 0.813779
vt 0.483856 0.857844
vt 0.482332 0.866155
vt 0.485581 0.866549
vt 0.487034 0.858627
vt 0.490995 0.859603
vt 0.489631 0.867040
vt 0.481823 0.874590
vt 0.482334 0.883025
vt 0.485585 0.882630
vt 0.485097 0.874589
vt 0.489177 0.874589
vt 0.489635 0.882138
vt 0.560239 0.944055
vt 0.568552 0.942532
vt 0.567768 0.939353
vt 0.559844 0.940805
vt 0.559352 0.936755
vt 0.566792 0.935392
vt 0.613773 0.907102
vt 0.617242 0.899395
vt 0.614180 0.898235
vt 0.610873 0.905581
vt 0.607260 0.903685
vt 0.610365 0.896789
vt 0.619756 0.891326
vt 0.621279 0.883013
vt 0.618028 0.882620
vt 0.616576 0.890543
vt 0.612615 0.889568
vt 0.613978 0.882129
vt 0.560228 0.805118
vt 0.551793 0.804608
vt 0.551794 0.807882
vt 0.559834 0.808368
vt 0.559343 0.812418
vt 0.551795 0.811962
vt 0.543358 0.805120
vt 0.535047 0.806644
vt 0.535831 0.809822
vt 0.543754 0.808370
vt 0.544246 0.812419
vt 0.536808 0.813783
vt 0.483858 0.891338
vt 0.486371 0.899407
vt 0.489433 0.898246
vt 0.487038 0.890554
vt 0.490999 0.889577
vt 0.493247 0.896798
vt 0.489840 0.907114
vt 0.494211 0.914347
vt 0.496905 0.912486
vt 0.492739 0.905592
vt 0.496351 0.903695
vt 0.500263 0.910168
vt 0.576620 0.940018
vt 0.584327 0.936551
vt 0.575459 0.936957
vt 0.574012 0.933143
vt 0.621786 0.874577
vt 0.621274 0.866141
vt 0.618023 0.866537
vt 0.618511 0.874578
vt 0.614431 0.874579
vt 0.613973 0.867030
vt 0.619748 0.857828
vt 0.617234 0.849759
vt 0.616569 0.858613
vt 0.612608 0.859591
vt 0.526981 0.809160
vt 0.519276 0.812629
vt 0.520798 0.815527
vt 0.528142 0.812221
vt 0.529590 0.816034
vt 0.522694 0.819139
vt 0.512046 0.817001
vt 0.505395 0.822211
vt 0.513906 0.819694
vt 0.516224 0.823051
vt 0.499424 0.920998
vt 0.505399 0.926973
vt 0.507570 0.924522
vt 0.501874 0.918827
vt 0.504927 0.916120
vt 0.510275 0.921468
vt 0.512051 0.932184
vt 0.519282 0.936556
vt 0.513911 0.929490
vt 0.516228 0.926132
vt 0.978681 0.103082
vt 0.984947 0.080109
vt 0.978682 0.058682
vt 0.978682 0.080109
vt 0.984947 0.058682
vt 0.991212 0.080109
vt 0.966145 0.080109
vt 0.966145 0.058682
vt 0.972414 0.080109
vt 0.972414 0.058682
vt 0.953598 0.080109
vt 0.953598 0.058682
vt 0.959874 0.080109
vt 0.959874 0.058682
vt 0.941045 0.080109
vt 0.941045 0.058682
vt 0.947316 0.080109
vt 0.947316 0.058682
vt 0.928536 0.080109
vt 0.928536 0.058682
vt 0.934794 0.080109
vt 0.934794 0.058682
vt 0.915964 0.080109
vt 0.915963 0.058682
vt 0.922247 0.080109
vt 0.922247 0.058682
vt 0.909724 0.080109
vt 0.903513 0.080109
vt 0.909725 0.058682
vt 0.897298 0.080109
vt 0.891038 0.080109
vt 0.897298 0.058682
vt 0.903513 0.058682
vt 0.884698 0.080109
vt 0.878267 0.080109
vt 0.884698 0.058682
vt 0.891038 0.058682
vt 0.871757 0.080109
vt 0.865255 0.080109
vt 0.871757 0.058682
vt 0.878267 0.058682
vt 0.852507 0.080109
vt 0.858841 0.103082
vt 0.858841 0.080109
vt 0.858841 0.058682
vt 0.865255 0.058682
vt 0.839985 0.080109
vt 0.846225 0.080109
vt 0.846225 0.058682
vt 0.852507 0.058682
vt 0.827587 0.080109
vt 0.827587 0.058682
vt 0.833777 0.080109
vt 0.833777 0.058682
vt 0.821397 0.080109
vt 0.815190 0.080109
vt 0.821397 0.058682
vt 0.808949 0.080109
vt 0.802667 0.058682
vt 0.802667 0.080109
vt 0.808949 0.058682
vt 0.789920 0.080109
vt 0.796333 0.103082
vt 0.789920 0.058682
vt 0.796333 0.080109
vt 0.796333 0.058682
vt 0.776908 0.080109
vt 0.776908 0.058682
vt 0.783418 0.080109
vt 0.783418 0.058682
vt 0.764136 0.080109
vt 0.764136 0.058682
vt 0.770476 0.080109
vt 0.770476 0.058682
vt 0.751661 0.080109
vt 0.751661 0.058682
vt 0.757877 0.080109
vt 0.757877 0.058682
vt 0.745450 0.080109
vt 0.739211 0.080109
vt 0.745450 0.058682
vt 0.732928 0.080109
vt 0.726639 0.080109
vt 0.732928 0.058682
vt 0.739211 0.058682
vt 0.720380 0.080109
vt 0.714130 0.080109
vt 0.720380 0.058682
vt 0.726639 0.058682
vt 0.707858 0.080109
vt 0.701576 0.080109
vt 0.707858 0.058682
vt 0.714130 0.058682
vt 0.695300 0.080109
vt 0.689030 0.080109
vt 0.695300 0.058682
vt 0.701576 0.058682
vt 0.676493 0.080109
vt 0.676493 0.103082
vt 0.682761 0.080109
vt 0.682761 0.058682
vt 0.689030 0.058682
vt 0.663963 0.080109
vt 0.670227 0.080109
vt 0.670227 0.058682
vt 0.676493 0.058682
vt 0.941399 0.401793
vt 0.933640 0.401793
vt 0.933640 0.408721
vt 0.941399 0.408721
vt 0.933640 0.415650
vt 0.929913 0.408721
vt 0.929913 0.415650
vt 0.929913 0.401793
vt 0.941399 0.415650
vt 0.933640 0.422581
vt 0.941399 0.422581
vt 0.933640 0.429514
vt 0.929913 0.422581
vt 0.929913 0.429514
vt 0.941399 0.429514
vt 0.933640 0.436448
vt 0.941399 0.436449
vt 0.933640 0.443389
vt 0.929913 0.436449
vt 0.929913 0.443389
vt 0.941399 0.443389
vt 0.933640 0.450336
vt 0.941399 0.450336
vt 0.933640 0.457271
vt 0.929913 0.450336
vt 0.929913 0.457271
vt 0.941399 0.457271
vt 0.933640 0.464183
vt 0.941399 0.464183
vt 0.933640 0.471104
vt 0.929913 0.464183
vt 0.929913 0.471104
vt 0.941399 0.471104
vt 0.933640 0.478059
vt 0.941399 0.478059
vt 0.933640 0.485007
vt 0.929913 0.478059
vt 0.929913 0.485007
vt 0.941399 0.485007
vt 0.933640 0.491906
vt 0.941399 0.491906
vt 0.933640 0.498775
vt 0.929913 0.491906
vt 0.941399 0.498775
vt 0.933640 0.505648
vt 0.941399 0.505648
vt 0.933640 0.512571
vt 0.929913 0.505648
vt 0.929913 0.512571
vt 0.929913 0.498775
vt 0.941399 0.519582
vt 0.941399 0.512571
vt 0.941399 0.526694
vt 0.933640 0.519582
vt 0.933640 0.526694
vt 0.929913 0.519582
vt 0.941399 0.533893
vt 0.941399 0.541083
vt 0.933640 0.533893
vt 0.933640 0.541083
vt 0.929913 0.533893
vt 0.929913 0.526694
vt 0.941399 0.548175
vt 0.941399 0.555180
vt 0.933640 0.548175
vt 0.933640 0.555180
vt 0.929913 0.548175
vt 0.929913 0.541083
vt 0.941399 0.562127
vt 0.941399 0.569028
vt 0.933640 0.562127
vt 0.933640 0.569028
vt 0.929913 0.562127
vt 0.929913 0.555180
vt 0.941399 0.575893
vt 0.941399 0.582738
vt 0.933640 0.575893
vt 0.933640 0.582738
vt 0.929913 0.575893
vt 0.929913 0.569028
vt 0.933640 0.589583
vt 0.941399 0.589583
vt 0.933640 0.596447
vt 0.929913 0.589583
vt 0.929913 0.596447
vt 0.929913 0.582738
vt 0.941399 0.596447
vt 0.933640 0.603349
vt 0.941399 0.603349
vt 0.933640 0.610296
vt 0.929913 0.603349
vt 0.929913 0.610296
vt 0.941399 0.610296
vt 0.933640 0.617300
vt 0.941399 0.617300
vt 0.933640 0.624392
vt 0.929913 0.617300
vt 0.929913 0.624392
vt 0.941399 0.624392
vt 0.933640 0.631583
vt 0.941399 0.631583
vt 0.933640 0.638782
vt 0.929913 0.631583
vt 0.929913 0.638781
vt 0.941399 0.638781
vt 0.933640 0.645894
vt 0.941399 0.645894
vt 0.933640 0.652905
vt 0.929913 0.645894
vt 0.941399 0.659827
vt 0.941399 0.652905
vt 0.941399 0.666701
vt 0.933640 0.659827
vt 0.933640 0.666701
vt 0.929913 0.659827
vt 0.929913 0.652905
vt 0.941399 0.673569
vt 0.941399 0.680469
vt 0.933640 0.673569
vt 0.933640 0.680469
vt 0.929913 0.673569
vt 0.929913 0.666701
vt 0.941399 0.687417
vt 0.941399 0.694372
vt 0.933640 0.687417
vt 0.933640 0.694372
vt 0.929913 0.687417
vt 0.929913 0.680469
vt 0.941399 0.701292
vt 0.941399 0.708205
vt 0.933640 0.701292
vt 0.933640 0.708205
vt 0.929913 0.701292
vt 0.929913 0.694372
vt 0.941399 0.715140
vt 0.941399 0.722087
vt 0.933640 0.715140
vt 0.933640 0.722087
vt 0.929913 0.715140
vt 0.929913 0.708205
vt 0.941399 0.729027
vt 0.941399 0.735962
vt 0.933640 0.729027
vt 0.933640 0.735962
vt 0.929913 0.729027
vt 0.929913 0.722087
vt 0.941399 0.742894
vt 0.941399 0.749825
vt 0.933640 0.742894
vt 0.933640 0.749825
vt 0.929913 0.742894
vt 0.929913 0.735962
vt 0.941399 0.756754
vt 0.941399 0.763682
vt 0.933640 0.756754
vt 0.933640 0.763682
vt 0.929913 0.756754
vt 0.929913 0.749825
vt 0.689792 0.855815
vt 0.685364 0.858831
vt 0.694127 0.870125
vt 0.707754 0.876302
vt 0.698150 0.866603
vt 0.704196 0.880281
vt 0.690016 0.873724
vt 0.680833 0.861914
vt 0.406458 0.713870
vt 0.406458 0.699665
vt 0.393613 0.699665
vt 0.393613 0.713870
vt 0.393613 0.728070
vt 0.380028 0.713870
vt 0.380028 0.728070
vt 0.380028 0.699665
vt 0.406458 0.657005
vt 0.406458 0.642795
vt 0.393613 0.642795
vt 0.393613 0.657005
vt 0.393613 0.671238
vt 0.380028 0.657005
vt 0.380028 0.671238
vt 0.380028 0.642795
vt 0.898558 0.583286
vt 0.898558 0.578825
vt 0.879993 0.578825
vt 0.879993 0.583286
vt 0.879993 0.587751
vt 0.852993 0.583286
vt 0.852993 0.578825
vt 0.898558 0.592195
vt 0.898558 0.587751
vt 0.898558 0.596632
vt 0.879993 0.592195
vt 0.879993 0.596632
vt 0.852993 0.592195
vt 0.852993 0.587751
vt 0.898558 0.565573
vt 0.898558 0.561129
vt 0.879993 0.561129
vt 0.879993 0.565573
vt 0.879993 0.569986
vt 0.852993 0.565573
vt 0.852993 0.569986
vt 0.852993 0.561129
vt 0.406458 0.600204
vt 0.406458 0.585968
vt 0.393613 0.585968
vt 0.393613 0.600204
vt 0.393613 0.614453
vt 0.380028 0.600204
vt 0.380028 0.614453
vt 0.380028 0.585968
vt 0.406458 0.543676
vt 0.406458 0.529493
vt 0.393613 0.529493
vt 0.393613 0.543676
vt 0.393613 0.557759
vt 0.380028 0.543676
vt 0.380028 0.557759
vt 0.380028 0.529493
vt 0.406458 0.571832
vt 0.406458 0.557759
vt 0.393613 0.571832
vt 0.380028 0.571832
vt 0.406458 0.515129
vt 0.406458 0.500557
vt 0.393613 0.500557
vt 0.393613 0.515129
vt 0.380028 0.515129
vt 0.380028 0.500557
vt 0.898558 0.538270
vt 0.898558 0.533773
vt 0.879993 0.533773
vt 0.879993 0.538270
vt 0.879993 0.542823
vt 0.852993 0.538270
vt 0.852993 0.542823
vt 0.852993 0.533773
vt 0.406458 0.399755
vt 0.406458 0.385730
vt 0.393613 0.385730
vt 0.393613 0.399755
vt 0.393613 0.413820
vt 0.380028 0.399755
vt 0.380028 0.413820
vt 0.380028 0.385730
vt 0.898558 0.502848
vt 0.898558 0.498388
vt 0.879993 0.498387
vt 0.879993 0.502848
vt 0.879993 0.507278
vt 0.852993 0.502848
vt 0.852993 0.507278
vt 0.852993 0.498387
vt 0.898558 0.511685
vt 0.898558 0.507278
vt 0.879993 0.511685
vt 0.879993 0.516080
vt 0.852993 0.511685
vt 0.852993 0.516080
vt 0.898558 0.484721
vt 0.898558 0.480099
vt 0.879993 0.480099
vt 0.879993 0.484721
vt 0.879993 0.489337
vt 0.852993 0.484721
vt 0.852993 0.489337
vt 0.852993 0.480099
vt 0.406458 0.343501
vt 0.406458 0.329268
vt 0.393613 0.329268
vt 0.393613 0.343501
vt 0.393613 0.357641
vt 0.380028 0.343501
vt 0.380028 0.357641
vt 0.380028 0.329268
vt 0.406458 0.285653
vt 0.406458 0.270904
vt 0.393613 0.270904
vt 0.393613 0.285653
vt 0.393613 0.300385
vt 0.380028 0.285653
vt 0.380028 0.300385
vt 0.380028 0.270904
vt 0.406458 0.314917
vt 0.406458 0.300385
vt 0.393613 0.314917
vt 0.380028 0.314917
vt 0.406458 0.256332
vt 0.406458 0.241967
vt 0.393613 0.241967
vt 0.393613 0.256332
vt 0.380028 0.256332
vt 0.380028 0.241967
vt 0.898558 0.457765
vt 0.898558 0.453335
vt 0.879993 0.453335
vt 0.879993 0.457765
vt 0.879993 0.462174
vt 0.852993 0.457765
vt 0.852993 0.462174
vt 0.852993 0.453335
vt 0.406458 0.142828
vt 0.406458 0.128666
vt 0.393613 0.128666
vt 0.393613 0.142828
vt 0.393613 0.157007
vt 0.380028 0.142828
vt 0.380028 0.157007
vt 0.380028 0.128666
vt 0.898558 0.417707
vt 0.879993 0.417707
vt 0.879993 0.422159
vt 0.898558 0.422159
vt 0.879993 0.426615
vt 0.852993 0.422159
vt 0.852993 0.426615
vt 0.852993 0.417707
vt 0.898558 0.426615
vt 0.879993 0.431075
vt 0.898558 0.431075
vt 0.879993 0.435528
vt 0.852993 0.431075
vt 0.852993 0.435528
vt 0.898558 0.408807
vt 0.879993 0.408807
vt 0.879993 0.413256
vt 0.898558 0.413257
vt 0.852993 0.413257
vt 0.852993 0.408807
vt 0.406458 0.086003
vt 0.406458 0.071795
vt 0.393613 0.071795
vt 0.393613 0.086003
vt 0.393613 0.100223
vt 0.380028 0.086003
vt 0.380028 0.100223
vt 0.380028 0.071795
vt 0.406458 0.057591
vt 0.406458 0.043391
vt 0.393613 0.043391
vt 0.393613 0.057591
vt 0.380028 0.057591
vt 0.380028 0.043391
vt 0.406458 0.742267
vt 0.406458 0.728070
vt 0.393613 0.742267
vt 0.393613 0.756461
vt 0.380028 0.742267
vt 0.380028 0.756461
vt 0.809528 0.901891
vt 0.810754 0.907076
vt 0.824422 0.902934
vt 0.835077 0.892396
vt 0.822579 0.897919
vt 0.837524 0.897164
vt 0.826299 0.908059
vt 0.812000 0.912370
vt 0.849860 0.889835
vt 0.857662 0.876996
vt 0.846835 0.885388
vt 0.861219 0.881045
vt 0.852952 0.894387
vt 0.840021 0.902041
vt 0.871402 0.870912
vt 0.875842 0.856572
vt 0.867379 0.867338
vt 0.880260 0.859615
vt 0.875520 0.874565
vt 0.864860 0.885189
vt 0.887665 0.847347
vt 0.888533 0.832419
vt 0.882922 0.844871
vt 0.893530 0.834301
vt 0.892516 0.849870
vt 0.884780 0.862719
vt 0.897782 0.820667
vt 0.895085 0.806008
vt 0.892604 0.819402
vt 0.900367 0.806646
vt 0.903071 0.821953
vt 0.898638 0.836216
vt 0.901248 0.792435
vt 0.895165 0.778843
vt 0.895940 0.792427
vt 0.900433 0.778224
vt 0.906663 0.792442
vt 0.905758 0.807291
vt 0.897941 0.764198
vt 0.888783 0.752404
vt 0.892771 0.765440
vt 0.893788 0.750545
vt 0.903217 0.762936
vt 0.905806 0.777595
vt 0.888003 0.737457
vt 0.876218 0.728193
vt 0.883240 0.739923
vt 0.880655 0.725154
vt 0.892877 0.734939
vt 0.898904 0.748651
vt 0.871836 0.713848
vt 0.858160 0.707716
vt 0.867811 0.717405
vt 0.861709 0.703703
vt 0.875953 0.710207
vt 0.885195 0.722044
vt 0.850449 0.694866
vt 0.835756 0.692194
vt 0.847421 0.699271
vt 0.838226 0.687464
vt 0.853537 0.690362
vt 0.865333 0.699597
vt 0.825215 0.681609
vt 0.810344 0.682526
vt 0.823335 0.686592
vt 0.811615 0.677365
vt 0.827128 0.676518
vt 0.840742 0.682630
vt 0.797625 0.674781
vt 0.783413 0.679174
vt 0.796975 0.680042
vt 0.783438 0.673879
vt 0.798282 0.669413
vt 0.812904 0.672095
vt 0.769240 0.674671
vt 0.756447 0.682325
vt 0.769843 0.679940
vt 0.755222 0.677148
vt 0.768626 0.669295
vt 0.783459 0.668480
vt 0.741572 0.681291
vt 0.730929 0.691815
vt 0.743413 0.686299
vt 0.728485 0.687053
vt 0.739695 0.676173
vt 0.753973 0.671862
vt 0.716163 0.694371
vt 0.708367 0.707195
vt 0.719184 0.698813
vt 0.704814 0.703150
vt 0.713074 0.689824
vt 0.725992 0.682182
vt 0.694638 0.713273
vt 0.690199 0.727601
vt 0.698656 0.716844
vt 0.685785 0.724559
vt 0.690524 0.709622
vt 0.701177 0.699010
vt 0.678384 0.736817
vt 0.677523 0.751734
vt 0.683123 0.739291
vt 0.672530 0.749854
vt 0.673537 0.734299
vt 0.681268 0.721458
vt 0.668301 0.763478
vt 0.671011 0.778123
vt 0.673473 0.764741
vt 0.665737 0.777486
vt 0.663017 0.762197
vt 0.667427 0.747945
vt 0.664862 0.791677
vt 0.670931 0.805248
vt 0.670161 0.791686
vt 0.665673 0.805864
vt 0.659456 0.791671
vt 0.660352 0.776843
vt 0.668155 0.819864
vt 0.677287 0.831639
vt 0.673315 0.818627
vt 0.672293 0.833490
vt 0.662889 0.821121
vt 0.660310 0.806491
vt 0.678053 0.846551
vt 0.682806 0.844099
vt 0.673191 0.849054
vt 0.667188 0.835375
vt 0.726344 0.727661
vt 0.718984 0.734973
vt 0.726751 0.741898
vt 0.733266 0.735532
vt 0.737416 0.751409
vt 0.721174 0.749097
vt 0.712564 0.743119
vt 0.730119 0.891877
vt 0.727613 0.896616
vt 0.740637 0.902519
vt 0.755554 0.901620
vt 0.742547 0.897519
vt 0.754269 0.906796
vt 0.738689 0.907633
vt 0.725052 0.901463
vt 0.605913 0.043390
vt 0.591720 0.043390
vt 0.591720 0.057591
vt 0.605913 0.071795
vt 0.605913 0.057591
vt 0.591720 0.071795
vt 0.577152 0.057591
vt 0.577152 0.043390
vt 0.605913 0.728070
vt 0.591720 0.728070
vt 0.591720 0.742267
vt 0.605913 0.756461
vt 0.605913 0.742267
vt 0.591720 0.756461
vt 0.577152 0.742267
vt 0.577152 0.728070
vt 0.605913 0.699666
vt 0.591720 0.699666
vt 0.591720 0.713870
vt 0.605913 0.713870
vt 0.577152 0.713870
vt 0.577152 0.699666
vt 0.605913 0.671238
vt 0.591720 0.671238
vt 0.591720 0.685458
vt 0.605913 0.685458
vt 0.577152 0.685458
vt 0.577152 0.671238
vt 0.605913 0.642795
vt 0.591720 0.642795
vt 0.591720 0.657005
vt 0.605913 0.657005
vt 0.577152 0.657005
vt 0.577152 0.642795
vt 0.605913 0.614453
vt 0.591720 0.614453
vt 0.591720 0.628633
vt 0.605913 0.628633
vt 0.577152 0.628633
vt 0.577152 0.614453
vt 0.605913 0.585968
vt 0.591720 0.585968
vt 0.591720 0.600204
vt 0.605913 0.600204
vt 0.577152 0.600204
vt 0.577152 0.585968
vt 0.605913 0.557759
vt 0.591720 0.557759
vt 0.591720 0.571832
vt 0.605913 0.571832
vt 0.577152 0.571832
vt 0.577152 0.557759
vt 0.605913 0.529494
vt 0.591720 0.529494
vt 0.591720 0.543676
vt 0.605913 0.543676
vt 0.577152 0.543676
vt 0.577152 0.529493
vt 0.605913 0.500557
vt 0.591720 0.500557
vt 0.591720 0.515129
vt 0.605913 0.515129
vt 0.577152 0.515129
vt 0.577152 0.500557
vt 0.605913 0.471075
vt 0.591720 0.471075
vt 0.591720 0.485807
vt 0.605913 0.485807
vt 0.577152 0.485808
vt 0.577152 0.471075
vt 0.605913 0.442193
vt 0.591720 0.442193
vt 0.591720 0.456544
vt 0.605913 0.456544
vt 0.577152 0.456544
vt 0.577152 0.442193
vt 0.605913 0.413820
vt 0.591720 0.413820
vt 0.591720 0.427960
vt 0.605913 0.427960
vt 0.577152 0.427960
vt 0.577152 0.413820
vt 0.605913 0.385730
vt 0.591720 0.385730
vt 0.591720 0.399755
vt 0.605913 0.399755
vt 0.577152 0.399755
vt 0.577152 0.385730
vt 0.605913 0.357641
vt 0.591720 0.357641
vt 0.591720 0.371705
vt 0.605913 0.371705
vt 0.577152 0.371705
vt 0.577152 0.357641
vt 0.605913 0.329268
vt 0.591720 0.329268
vt 0.591720 0.343501
vt 0.605913 0.343501
vt 0.577152 0.343501
vt 0.577152 0.329268
vt 0.605913 0.300385
vt 0.591720 0.300386
vt 0.591720 0.314917
vt 0.605913 0.314917
vt 0.577152 0.314917
vt 0.577152 0.300386
vt 0.605913 0.270904
vt 0.591720 0.270904
vt 0.591720 0.285653
vt 0.605913 0.285653
vt 0.577152 0.285653
vt 0.577152 0.270904
vt 0.605913 0.241967
vt 0.591720 0.241967
vt 0.591720 0.256332
vt 0.605913 0.256332
vt 0.577152 0.256332
vt 0.577152 0.241967
vt 0.605913 0.213702
vt 0.591720 0.213702
vt 0.591720 0.227784
vt 0.605913 0.227784
vt 0.577152 0.227784
vt 0.577152 0.213702
vt 0.605913 0.185493
vt 0.591720 0.185493
vt 0.591720 0.199629
vt 0.605913 0.199629
vt 0.577152 0.199629
vt 0.577152 0.185493
vt 0.605913 0.157007
vt 0.591720 0.157007
vt 0.591720 0.171257
vt 0.605913 0.171257
vt 0.577152 0.171257
vt 0.577152 0.157007
vt 0.605913 0.128666
vt 0.591720 0.128666
vt 0.591720 0.142828
vt 0.605913 0.142828
vt 0.577152 0.142828
vt 0.577152 0.128666
vt 0.605913 0.100223
vt 0.591720 0.100223
vt 0.591720 0.114456
vt 0.605913 0.114456
vt 0.577152 0.114456
vt 0.577152 0.100223
vt 0.591720 0.086003
vt 0.605913 0.086003
vt 0.577152 0.086003
vt 0.577152 0.071795
vt 0.605913 0.015000
vt 0.591720 0.015000
vt 0.591720 0.029194
vt 0.605913 0.029194
vt 0.577152 0.029194
vt 0.577152 0.015000
vt 0.768287 0.909396
vt 0.782526 0.905006
vt 0.768943 0.904123
vt 0.782499 0.910310
vt 0.767622 0.914777
vt 0.752962 0.912084
vt 0.770496 0.627802
vt 0.770496 0.623354
vt 0.736979 0.623354
vt 0.770496 0.632250
vt 0.736979 0.627802
vt 0.711064 0.627802
vt 0.711064 0.632250
vt 0.711064 0.623354
vt 0.770496 0.618904
vt 0.770496 0.614453
vt 0.736979 0.614453
vt 0.736979 0.618904
vt 0.711064 0.618904
vt 0.711064 0.614453
vt 0.770496 0.610001
vt 0.770496 0.605545
vt 0.736979 0.605545
vt 0.736979 0.610001
vt 0.711064 0.610001
vt 0.711064 0.605545
vt 0.770496 0.596632
vt 0.736979 0.596632
vt 0.736979 0.601085
vt 0.770496 0.601085
vt 0.711064 0.601085
vt 0.711064 0.596632
vt 0.770496 0.587751
vt 0.736979 0.587751
vt 0.736979 0.592195
vt 0.770496 0.592195
vt 0.711064 0.592195
vt 0.711064 0.587751
vt 0.770496 0.578825
vt 0.736979 0.578825
vt 0.736979 0.583286
vt 0.770496 0.583286
vt 0.711064 0.583286
vt 0.711064 0.578825
vt 0.770496 0.574396
vt 0.770496 0.569986
vt 0.736979 0.569986
vt 0.736979 0.574396
vt 0.711064 0.574396
vt 0.711064 0.569986
vt 0.770496 0.565573
vt 0.770496 0.561129
vt 0.736979 0.561129
vt 0.736979 0.565573
vt 0.711064 0.565573
vt 0.711064 0.561129
vt 0.770496 0.556628
vt 0.770496 0.552061
vt 0.736979 0.552061
vt 0.736979 0.556628
vt 0.711064 0.556628
vt 0.711064 0.552061
vt 0.770496 0.542823
vt 0.736979 0.542823
vt 0.736979 0.547440
vt 0.770496 0.547440
vt 0.711064 0.547440
vt 0.711064 0.542823
vt 0.770496 0.533773
vt 0.736979 0.533773
vt 0.736979 0.538270
vt 0.770496 0.538270
vt 0.711064 0.538270
vt 0.711064 0.533773
vt 0.770496 0.524882
vt 0.736979 0.524882
vt 0.736979 0.529313
vt 0.770496 0.529313
vt 0.711064 0.529313
vt 0.711064 0.524882
vt 0.770496 0.516080
vt 0.736979 0.516080
vt 0.736979 0.520475
vt 0.770496 0.520475
vt 0.711064 0.520475
vt 0.711064 0.516080
vt 0.770496 0.511685
vt 0.770496 0.507278
vt 0.736979 0.507278
vt 0.736979 0.511685
vt 0.711064 0.511685
vt 0.711064 0.507278
vt 0.770496 0.502848
vt 0.770496 0.498387
vt 0.736979 0.498387
vt 0.736979 0.502848
vt 0.711064 0.502848
vt 0.711064 0.498387
vt 0.770496 0.493891
vt 0.770496 0.489337
vt 0.736979 0.489337
vt 0.736979 0.493890
vt 0.711064 0.493891
vt 0.711064 0.489337
vt 0.770496 0.484721
vt 0.770496 0.480099
vt 0.736979 0.480099
vt 0.736979 0.484721
vt 0.711064 0.484721
vt 0.711064 0.480099
vt 0.770496 0.471031
vt 0.736979 0.471031
vt 0.736979 0.475533
vt 0.770496 0.475533
vt 0.711064 0.475533
vt 0.711064 0.471031
vt 0.770496 0.462174
vt 0.736979 0.462174
vt 0.736979 0.466587
vt 0.770496 0.466587
vt 0.711064 0.466587
vt 0.711064 0.462174
vt 0.770496 0.457765
vt 0.770496 0.453335
vt 0.736979 0.453335
vt 0.736979 0.457765
vt 0.711064 0.457765
vt 0.711064 0.453335
vt 0.770496 0.448874
vt 0.770496 0.444409
vt 0.736979 0.444409
vt 0.736979 0.448874
vt 0.711064 0.448874
vt 0.711064 0.444409
vt 0.770496 0.439966
vt 0.770496 0.435528
vt 0.736979 0.435528
vt 0.736979 0.439966
vt 0.711064 0.439966
vt 0.711064 0.435528
vt 0.770496 0.431075
vt 0.770496 0.426615
vt 0.736979 0.426615
vt 0.736979 0.431075
vt 0.711064 0.431075
vt 0.711064 0.426615
vt 0.770496 0.417707
vt 0.736979 0.417707
vt 0.736979 0.422160
vt 0.770496 0.422159
vt 0.711064 0.422159
vt 0.711064 0.417707
vt 0.770496 0.408807
vt 0.736979 0.408807
vt 0.736979 0.413257
vt 0.770496 0.413257
vt 0.711064 0.413257
vt 0.711064 0.408807
vt 0.770496 0.399910
vt 0.736979 0.399910
vt 0.736979 0.404358
vt 0.770496 0.404358
vt 0.711064 0.404358
vt 0.711064 0.399910
vt 0.796717 0.909538
vt 0.796115 0.904260
vt 0.797327 0.914922
vt 0.782472 0.915720
vt 0.431514 0.742267
vt 0.431514 0.728070
vt 0.418914 0.728070
vt 0.418914 0.742267
vt 0.418914 0.756461
vt 0.406458 0.756461
vt 0.431514 0.713870
vt 0.431514 0.699665
vt 0.418914 0.699665
vt 0.418914 0.713870
vt 0.431514 0.685458
vt 0.431514 0.671238
vt 0.418914 0.671238
vt 0.418914 0.685458
vt 0.406458 0.685458
vt 0.406458 0.671238
vt 0.431514 0.657005
vt 0.431514 0.642795
vt 0.418914 0.642795
vt 0.418914 0.657005
vt 0.431514 0.628633
vt 0.431514 0.614453
vt 0.418914 0.614453
vt 0.418914 0.628633
vt 0.406458 0.628633
vt 0.406458 0.614453
vt 0.431514 0.600204
vt 0.431514 0.585968
vt 0.418914 0.585968
vt 0.418914 0.600204
vt 0.431514 0.571832
vt 0.431514 0.557759
vt 0.418914 0.557759
vt 0.418914 0.571832
vt 0.431514 0.543676
vt 0.431514 0.529493
vt 0.418914 0.529493
vt 0.418914 0.543676
vt 0.431514 0.515129
vt 0.431514 0.500557
vt 0.418914 0.500557
vt 0.418914 0.515129
vt 0.431514 0.485807
vt 0.431514 0.471075
vt 0.418914 0.471075
vt 0.418914 0.485807
vt 0.406458 0.485807
vt 0.406458 0.471075
vt 0.431514 0.456544
vt 0.431514 0.442193
vt 0.418914 0.442193
vt 0.418914 0.456544
vt 0.406458 0.456544
vt 0.406458 0.442193
vt 0.431514 0.427960
vt 0.431514 0.413820
vt 0.418914 0.413820
vt 0.418914 0.427960
vt 0.406458 0.427960
vt 0.406458 0.413820
vt 0.431514 0.399755
vt 0.431514 0.385730
vt 0.418914 0.385730
vt 0.418914 0.399755
vt 0.431514 0.371705
vt 0.431514 0.357641
vt 0.418914 0.357641
vt 0.418914 0.371705
vt 0.406459 0.371705
vt 0.406458 0.357641
vt 0.431514 0.343501
vt 0.431514 0.329268
vt 0.418914 0.329268
vt 0.418914 0.343501
vt 0.431514 0.314917
vt 0.431514 0.300385
vt 0.418914 0.300385
vt 0.418914 0.314917
vt 0.431514 0.285653
vt 0.431514 0.270904
vt 0.418914 0.270904
vt 0.418914 0.285653
vt 0.431514 0.256332
vt 0.431514 0.241967
vt 0.418914 0.241967
vt 0.418914 0.256332
vt 0.431514 0.227784
vt 0.431514 0.213702
vt 0.418914 0.213702
vt 0.418914 0.227784
vt 0.406458 0.227784
vt 0.406458 0.213702
vt 0.431514 0.199629
vt 0.431514 0.185493
vt 0.418914 0.185493
vt 0.418914 0.199629
vt 0.406458 0.199629
vt 0.406458 0.185493
vt 0.431514 0.171257
vt 0.431514 0.157007
vt 0.418914 0.157007
vt 0.418914 0.171257
vt 0.406458 0.171257
vt 0.406458 0.157007
vt 0.431514 0.142828
vt 0.431514 0.128666
vt 0.418914 0.128666
vt 0.418914 0.142828
vt 0.431514 0.114456
vt 0.431514 0.100223
vt 0.418914 0.100223
vt 0.418914 0.114456
vt 0.406458 0.114456
vt 0.406458 0.100223
vt 0.431514 0.086003
vt 0.431514 0.071795
vt 0.418914 0.071795
vt 0.418914 0.086003
vt 0.563645 0.728070
vt 0.550219 0.728070
vt 0.550219 0.742267
vt 0.563645 0.742267
vt 0.563645 0.756461
vt 0.577152 0.756461
vt 0.550219 0.756461
vt 0.563645 0.015000
vt 0.550219 0.015000
vt 0.550219 0.029194
vt 0.563645 0.029194
vt 0.563645 0.043390
vt 0.550219 0.043390
vt 0.563645 0.699666
vt 0.550219 0.699666
vt 0.550219 0.713870
vt 0.563645 0.713870
vt 0.852993 0.399910
vt 0.812940 0.399910
vt 0.812940 0.404358
vt 0.852993 0.404358
vt 0.812940 0.408807
vt 0.563645 0.671238
vt 0.550219 0.671238
vt 0.550219 0.685458
vt 0.563645 0.685458
vt 0.490229 0.699666
vt 0.490229 0.713870
vt 0.505506 0.713870
vt 0.505506 0.699666
vt 0.520576 0.713870
vt 0.505506 0.728070
vt 0.490229 0.728070
vt 0.563645 0.642795
vt 0.550219 0.642795
vt 0.550219 0.657005
vt 0.563645 0.657005
vt 0.490229 0.671238
vt 0.490229 0.685458
vt 0.505506 0.685458
vt 0.505506 0.671238
vt 0.520576 0.685458
vt 0.563645 0.614453
vt 0.550219 0.614453
vt 0.550219 0.628633
vt 0.563645 0.628633
vt 0.490229 0.642795
vt 0.490229 0.657005
vt 0.505506 0.657005
vt 0.505506 0.642795
vt 0.520576 0.657005
vt 0.563645 0.585968
vt 0.550219 0.585968
vt 0.550219 0.600204
vt 0.563645 0.600204
vt 0.490229 0.614453
vt 0.490229 0.628633
vt 0.505506 0.628633
vt 0.505506 0.614453
vt 0.520576 0.628633
vt 0.563645 0.557759
vt 0.550219 0.557759
vt 0.550219 0.571832
vt 0.563645 0.571832
vt 0.490229 0.585968
vt 0.490229 0.600204
vt 0.505506 0.600204
vt 0.505506 0.585968
vt 0.520576 0.600204
vt 0.563645 0.529494
vt 0.550219 0.529493
vt 0.550219 0.543676
vt 0.563645 0.543676
vt 0.490229 0.557759
vt 0.490229 0.571832
vt 0.505506 0.571832
vt 0.505506 0.557759
vt 0.520576 0.571832
vt 0.563645 0.500557
vt 0.550219 0.500557
vt 0.550219 0.515129
vt 0.563645 0.515129
vt 0.490229 0.529493
vt 0.490229 0.543676
vt 0.505506 0.543676
vt 0.505506 0.529494
vt 0.520576 0.543676
vt 0.563645 0.471075
vt 0.550219 0.471075
vt 0.550219 0.485808
vt 0.563645 0.485807
vt 0.490229 0.500557
vt 0.490229 0.515129
vt 0.505506 0.515129
vt 0.505506 0.500557
vt 0.520576 0.515129
vt 0.563645 0.442193
vt 0.550219 0.442193
vt 0.550219 0.456544
vt 0.563645 0.456544
vt 0.490229 0.471075
vt 0.490229 0.485807
vt 0.505506 0.485807
vt 0.505506 0.471075
vt 0.520576 0.485808
vt 0.563645 0.413820
vt 0.550219 0.413820
vt 0.550219 0.427960
vt 0.563645 0.427960
vt 0.490229 0.442193
vt 0.490229 0.456544
vt 0.505506 0.456544
vt 0.505506 0.442193
vt 0.520576 0.456544
vt 0.563645 0.385730
vt 0.550219 0.385730
vt 0.550219 0.399755
vt 0.563645 0.399755
vt 0.490229 0.413820
vt 0.490229 0.427960
vt 0.505506 0.427960
vt 0.505506 0.413820
vt 0.520576 0.427960
vt 0.563645 0.357641
vt 0.550219 0.357641
vt 0.550219 0.371705
vt 0.563645 0.371705
vt 0.490229 0.385730
vt 0.490229 0.399755
vt 0.505506 0.399755
vt 0.505506 0.385730
vt 0.520576 0.399755
vt 0.563645 0.329268
vt 0.550219 0.329268
vt 0.550219 0.343501
vt 0.563645 0.343501
vt 0.490229 0.357641
vt 0.490229 0.371705
vt 0.505506 0.371705
vt 0.505506 0.357641
vt 0.520576 0.371705
vt 0.563645 0.300386
vt 0.550219 0.300386
vt 0.550219 0.314917
vt 0.563645 0.314917
vt 0.490229 0.329268
vt 0.490229 0.343501
vt 0.505506 0.343501
vt 0.505506 0.329268
vt 0.520576 0.343501
vt 0.563645 0.270904
vt 0.550219 0.270904
vt 0.550219 0.285653
vt 0.563645 0.285653
vt 0.490229 0.300385
vt 0.490229 0.314917
vt 0.505506 0.314917
vt 0.505506 0.300386
vt 0.520576 0.314917
vt 0.563645 0.241967
vt 0.550219 0.241967
vt 0.550219 0.256332
vt 0.563645 0.256332
vt 0.490229 0.270904
vt 0.490229 0.285653
vt 0.505506 0.285653
vt 0.505506 0.270904
vt 0.520576 0.285653
vt 0.563645 0.213702
vt 0.550219 0.213702
vt 0.550219 0.227784
vt 0.563645 0.227784
vt 0.490229 0.241967
vt 0.490229 0.256332
vt 0.505506 0.256332
vt 0.505506 0.241967
vt 0.520576 0.256332
vt 0.563645 0.185493
vt 0.550219 0.185493
vt 0.550219 0.199629
vt 0.563645 0.199629
vt 0.490229 0.213702
vt 0.490229 0.227784
vt 0.505506 0.227784
vt 0.505506 0.213702
vt 0.520576 0.227784
vt 0.563645 0.157007
vt 0.550219 0.157007
vt 0.550219 0.171257
vt 0.563645 0.171257
vt 0.490229 0.185493
vt 0.490229 0.199629
vt 0.505506 0.199629
vt 0.505506 0.185493
vt 0.520576 0.199629
vt 0.563645 0.128666
vt 0.550219 0.128666
vt 0.550219 0.142828
vt 0.563645 0.142828
vt 0.490229 0.157007
vt 0.490229 0.171257
vt 0.505506 0.171257
vt 0.505506 0.157007
vt 0.520576 0.171257
vt 0.563645 0.100223
vt 0.550219 0.100223
vt 0.550219 0.114456
vt 0.563645 0.114456
vt 0.490229 0.128666
vt 0.490229 0.142828
vt 0.505506 0.142828
vt 0.505506 0.128666
vt 0.520576 0.142828
vt 0.563645 0.071795
vt 0.550219 0.071795
vt 0.550219 0.086003
vt 0.563645 0.086003
vt 0.490229 0.100223
vt 0.490229 0.114456
vt 0.505506 0.114456
vt 0.505506 0.100223
vt 0.520576 0.114456
vt 0.550219 0.057591
vt 0.563645 0.057591
vt 0.490229 0.071795
vt 0.490229 0.086003
vt 0.505506 0.086003
vt 0.505506 0.071795
vt 0.520576 0.086003
vt 0.490229 0.742267
vt 0.505506 0.742267
vt 0.520576 0.742267
vt 0.505506 0.756461
vt 0.490229 0.756461
vt 0.490229 0.043391
vt 0.490229 0.057591
vt 0.505506 0.057591
vt 0.505506 0.043391
vt 0.520576 0.057591
vt 0.490229 0.029194
vt 0.490229 0.015000
vt 0.474503 0.015000
vt 0.474503 0.029194
vt 0.474503 0.043391
vt 0.459092 0.029194
vt 0.459092 0.043391
vt 0.459092 0.015000
vt 0.431514 0.029194
vt 0.431514 0.015000
vt 0.418914 0.015000
vt 0.418914 0.029194
vt 0.418914 0.043391
vt 0.406458 0.029194
vt 0.406458 0.015000
vt 0.898558 0.627802
vt 0.898558 0.623354
vt 0.879993 0.623354
vt 0.879993 0.627802
vt 0.879993 0.632250
vt 0.852993 0.627802
vt 0.852993 0.623354
vt 0.393613 0.685458
vt 0.380028 0.685458
vt 0.898558 0.435528
vt 0.879993 0.439966
vt 0.898558 0.439966
vt 0.879993 0.444409
vt 0.852993 0.439966
vt 0.852993 0.444409
vt 0.393613 0.114456
vt 0.380028 0.114456
vt 0.898558 0.448874
vt 0.898558 0.444409
vt 0.879993 0.448874
vt 0.852993 0.448874
vt 0.898558 0.466587
vt 0.898558 0.462174
vt 0.879993 0.466587
vt 0.879993 0.471031
vt 0.852993 0.466587
vt 0.852993 0.471031
vt 0.393613 0.185493
vt 0.393613 0.199629
vt 0.393613 0.213702
vt 0.380028 0.199629
vt 0.380028 0.213702
vt 0.380028 0.185493
vt 0.393613 0.171257
vt 0.380028 0.171257
vt 0.393613 0.227784
vt 0.380028 0.227784
vt 0.898558 0.493891
vt 0.898558 0.489337
vt 0.879993 0.493890
vt 0.852993 0.493891
vt 0.898558 0.475533
vt 0.898558 0.471031
vt 0.879993 0.475533
vt 0.852993 0.475533
vt 0.898558 0.520475
vt 0.898558 0.516080
vt 0.879993 0.520475
vt 0.879993 0.524882
vt 0.852993 0.520475
vt 0.852993 0.524882
vt 0.393613 0.371705
vt 0.380028 0.371705
vt 0.898558 0.529313
vt 0.898558 0.524882
vt 0.879993 0.529313
vt 0.852993 0.529313
vt 0.898558 0.547440
vt 0.898558 0.542823
vt 0.879993 0.547440
vt 0.879993 0.552061
vt 0.852993 0.547440
vt 0.852993 0.552061
vt 0.393613 0.442193
vt 0.393613 0.456544
vt 0.393613 0.471075
vt 0.380028 0.456544
vt 0.380028 0.471075
vt 0.380028 0.442193
vt 0.393613 0.427960
vt 0.380028 0.427960
vt 0.393613 0.485807
vt 0.380028 0.485807
vt 0.898558 0.574396
vt 0.898558 0.569986
vt 0.879993 0.574396
vt 0.852993 0.574396
vt 0.898558 0.556628
vt 0.898558 0.552061
vt 0.879993 0.556628
vt 0.852993 0.556628
vt 0.898558 0.601085
vt 0.898558 0.605545
vt 0.879993 0.601085
vt 0.879993 0.605545
vt 0.852993 0.601085
vt 0.852993 0.596632
vt 0.393613 0.628633
vt 0.380028 0.628633
vt 0.898558 0.610001
vt 0.898558 0.614453
vt 0.879993 0.610001
vt 0.879993 0.614453
vt 0.852993 0.610001
vt 0.852993 0.605545
vt 0.898558 0.618904
vt 0.879993 0.618904
vt 0.852993 0.618904
vt 0.852993 0.614453
vt 0.393613 0.015000
vt 0.393613 0.029194
vt 0.380028 0.029194
vt 0.380028 0.015000
vt 0.444790 0.029194
vt 0.444790 0.015000
vt 0.444790 0.043391
vt 0.431514 0.043391
vt 0.474503 0.057591
vt 0.474503 0.071795
vt 0.459092 0.057591
vt 0.459092 0.071795
vt 0.431514 0.057591
vt 0.444790 0.057591
vt 0.444790 0.071795
vt 0.474503 0.086003
vt 0.474503 0.100223
vt 0.459092 0.086003
vt 0.459092 0.100223
vt 0.444790 0.086003
vt 0.444790 0.100223
vt 0.474503 0.114456
vt 0.474503 0.128666
vt 0.459092 0.114456
vt 0.459092 0.128666
vt 0.444790 0.114456
vt 0.444790 0.128666
vt 0.474503 0.142828
vt 0.474503 0.157007
vt 0.459092 0.142828
vt 0.459092 0.157007
vt 0.444790 0.142828
vt 0.444791 0.157007
vt 0.474503 0.171257
vt 0.474503 0.185493
vt 0.459092 0.171257
vt 0.459092 0.185493
vt 0.444790 0.171257
vt 0.444791 0.185493
vt 0.474503 0.199629
vt 0.474503 0.213702
vt 0.459092 0.199629
vt 0.459092 0.213702
vt 0.444790 0.199629
vt 0.444791 0.213702
vt 0.474503 0.227784
vt 0.474503 0.241967
vt 0.459092 0.227784
vt 0.459092 0.241967
vt 0.444790 0.227784
vt 0.444791 0.241967
vt 0.474503 0.256332
vt 0.474503 0.270904
vt 0.459092 0.256332
vt 0.459092 0.270904
vt 0.444790 0.256332
vt 0.444791 0.270904
vt 0.474503 0.285653
vt 0.474503 0.300385
vt 0.459092 0.285653
vt 0.459092 0.300385
vt 0.444790 0.285653
vt 0.444791 0.300385
vt 0.474503 0.314917
vt 0.474503 0.329268
vt 0.459092 0.314917
vt 0.459092 0.329268
vt 0.444790 0.314917
vt 0.444791 0.329268
vt 0.474503 0.343501
vt 0.474503 0.357641
vt 0.459092 0.343501
vt 0.459092 0.357641
vt 0.444790 0.343501
vt 0.444791 0.357641
vt 0.474503 0.371705
vt 0.474503 0.385730
vt 0.459092 0.371705
vt 0.459092 0.385730
vt 0.444791 0.371705
vt 0.444791 0.385730
vt 0.474503 0.399755
vt 0.474503 0.413820
vt 0.459092 0.399755
vt 0.459092 0.413820
vt 0.444790 0.399755
vt 0.444790 0.413820
vt 0.474503 0.427960
vt 0.474503 0.442193
vt 0.459092 0.427960
vt 0.459092 0.442193
vt 0.444790 0.427960
vt 0.444790 0.442193
vt 0.474503 0.456544
vt 0.474503 0.471075
vt 0.459092 0.456544
vt 0.459092 0.471075
vt 0.444790 0.456544
vt 0.444790 0.471075
vt 0.474503 0.485807
vt 0.474503 0.500557
vt 0.459092 0.485807
vt 0.459092 0.500557
vt 0.444790 0.485807
vt 0.444790 0.500557
vt 0.474503 0.515129
vt 0.474503 0.529493
vt 0.459092 0.515129
vt 0.459092 0.529493
vt 0.444790 0.515129
vt 0.444790 0.529493
vt 0.474503 0.543676
vt 0.474503 0.557759
vt 0.459092 0.543676
vt 0.459092 0.557759
vt 0.444790 0.543676
vt 0.444790 0.557759
vt 0.474503 0.571832
vt 0.474503 0.585968
vt 0.459092 0.571832
vt 0.459092 0.585968
vt 0.444790 0.571832
vt 0.444790 0.585968
vt 0.474503 0.600204
vt 0.474503 0.614453
vt 0.459092 0.600204
vt 0.459092 0.614453
vt 0.444790 0.600204
vt 0.444790 0.614453
vt 0.474503 0.628633
vt 0.474503 0.642795
vt 0.459092 0.628633
vt 0.459092 0.642795
vt 0.444790 0.628633
vt 0.444790 0.642795
vt 0.474503 0.657005
vt 0.474503 0.671238
vt 0.459092 0.657005
vt 0.459092 0.671238
vt 0.444790 0.657005
vt 0.444790 0.671238
vt 0.474503 0.685458
vt 0.474503 0.699666
vt 0.459092 0.685458
vt 0.459092 0.699666
vt 0.444790 0.685458
vt 0.444790 0.699666
vt 0.474503 0.713870
vt 0.474503 0.728070
vt 0.459092 0.713870
vt 0.459092 0.728070
vt 0.444790 0.713870
vt 0.444790 0.728070
vt 0.474503 0.742267
vt 0.474503 0.756461
vt 0.459092 0.742267
vt 0.459092 0.756461
vt 0.444790 0.742267
vt 0.444790 0.756461
vt 0.431514 0.756461
vt 0.418914 0.057591
vt 0.326772 0.015000
vt 0.326772 0.029194
vt 0.338780 0.029194
vt 0.338780 0.015000
vt 0.351596 0.029194
vt 0.338780 0.043391
vt 0.326772 0.043391
vt 0.351596 0.015000
vt 0.365670 0.029194
vt 0.365670 0.015000
vt 0.365670 0.043391
vt 0.351596 0.043391
vt 0.326772 0.057591
vt 0.338780 0.057591
vt 0.351596 0.057591
vt 0.338780 0.071795
vt 0.326772 0.071795
vt 0.365670 0.057591
vt 0.365670 0.071795
vt 0.351596 0.071795
vt 0.326772 0.086003
vt 0.338780 0.086003
vt 0.351596 0.086003
vt 0.338780 0.100223
vt 0.326772 0.100223
vt 0.365670 0.086003
vt 0.365670 0.100223
vt 0.351596 0.100223
vt 0.326772 0.114456
vt 0.338780 0.114456
vt 0.351596 0.114456
vt 0.338780 0.128666
vt 0.326772 0.128666
vt 0.365670 0.114456
vt 0.365670 0.128666
vt 0.351596 0.128666
vt 0.326772 0.142828
vt 0.338780 0.142828
vt 0.351596 0.142828
vt 0.338780 0.157007
vt 0.326772 0.157007
vt 0.365670 0.142828
vt 0.365670 0.157007
vt 0.351596 0.157007
vt 0.326772 0.171257
vt 0.338780 0.171257
vt 0.351596 0.171257
vt 0.338780 0.185493
vt 0.326772 0.185493
vt 0.365670 0.171257
vt 0.365670 0.185493
vt 0.351596 0.185493
vt 0.326772 0.199629
vt 0.338780 0.199629
vt 0.351596 0.199629
vt 0.338780 0.213702
vt 0.326772 0.213702
vt 0.365670 0.199629
vt 0.365670 0.213702
vt 0.351596 0.213702
vt 0.326772 0.227784
vt 0.338780 0.227784
vt 0.351596 0.227784
vt 0.338780 0.241967
vt 0.326772 0.241967
vt 0.365670 0.227784
vt 0.365670 0.241967
vt 0.351596 0.241967
vt 0.326772 0.256332
vt 0.338780 0.256332
vt 0.351596 0.256332
vt 0.338780 0.270904
vt 0.326772 0.270904
vt 0.365670 0.256332
vt 0.365670 0.270904
vt 0.351596 0.270904
vt 0.326772 0.285653
vt 0.338780 0.285653
vt 0.351596 0.285653
vt 0.338780 0.300385
vt 0.326772 0.300385
vt 0.365670 0.285653
vt 0.365670 0.300385
vt 0.351596 0.300385
vt 0.326772 0.314917
vt 0.338780 0.314917
vt 0.351596 0.314917
vt 0.338780 0.329268
vt 0.326772 0.329268
vt 0.365670 0.314917
vt 0.365670 0.329268
vt 0.351596 0.329268
vt 0.326772 0.343501
vt 0.338780 0.343501
vt 0.351596 0.343501
vt 0.338780 0.357641
vt 0.326772 0.357641
vt 0.365670 0.343501
vt 0.365670 0.357641
vt 0.351596 0.357641
vt 0.326772 0.371705
vt 0.338780 0.371705
vt 0.351596 0.371705
vt 0.338780 0.385730
vt 0.326772 0.385730
vt 0.365670 0.371705
vt 0.365670 0.385730
vt 0.351596 0.385730
vt 0.326772 0.399755
vt 0.338780 0.399755
vt 0.351596 0.399755
vt 0.338780 0.413820
vt 0.326772 0.413820
vt 0.365670 0.399755
vt 0.365670 0.413820
vt 0.351596 0.413820
vt 0.326772 0.427960
vt 0.338780 0.427960
vt 0.351596 0.427960
vt 0.338780 0.442193
vt 0.326772 0.442193
vt 0.365670 0.427960
vt 0.365670 0.442193
vt 0.351596 0.442193
vt 0.326772 0.456544
vt 0.338780 0.456544
vt 0.351596 0.456544
vt 0.338780 0.471075
vt 0.326772 0.471075
vt 0.365670 0.456544
vt 0.365670 0.471075
vt 0.351596 0.471075
vt 0.326772 0.485807
vt 0.338780 0.485807
vt 0.351596 0.485807
vt 0.338780 0.500557
vt 0.326772 0.500557
vt 0.365670 0.485807
vt 0.365670 0.500557
vt 0.351596 0.500557
vt 0.326772 0.515129
vt 0.338780 0.515129
vt 0.351596 0.515129
vt 0.338780 0.529493
vt 0.326772 0.529494
vt 0.365670 0.515129
vt 0.365670 0.529493
vt 0.351596 0.529493
vt 0.326772 0.543676
vt 0.338780 0.543676
vt 0.351596 0.543676
vt 0.338780 0.557759
vt 0.326772 0.557759
vt 0.365670 0.543676
vt 0.365670 0.557759
vt 0.351596 0.557759
vt 0.326772 0.571832
vt 0.338780 0.571832
vt 0.351596 0.571832
vt 0.338780 0.585968
vt 0.326772 0.585968
vt 0.365670 0.571832
vt 0.365670 0.585968
vt 0.351596 0.585968
vt 0.326772 0.600204
vt 0.338780 0.600204
vt 0.351596 0.600204
vt 0.338780 0.614453
vt 0.326772 0.614453
vt 0.365670 0.600204
vt 0.365670 0.614453
vt 0.351596 0.614453
vt 0.326772 0.628633
vt 0.338780 0.628633
vt 0.351596 0.628633
vt 0.338780 0.642795
vt 0.326772 0.642795
vt 0.365670 0.628633
vt 0.365670 0.642795
vt 0.351596 0.642795
vt 0.326772 0.657005
vt 0.338780 0.657005
vt 0.351596 0.657005
vt 0.338780 0.671238
vt 0.326772 0.671238
vt 0.365670 0.657005
vt 0.365670 0.671238
vt 0.351596 0.671238
vt 0.326772 0.685458
vt 0.338780 0.685458
vt 0.351596 0.685458
vt 0.338780 0.699666
vt 0.326772 0.699666
vt 0.365670 0.685458
vt 0.365670 0.699666
vt 0.351596 0.699666
vt 0.326772 0.713870
vt 0.338780 0.713870
vt 0.351596 0.713870
vt 0.338780 0.728070
vt 0.326772 0.728070
vt 0.365670 0.713870
vt 0.365670 0.728070
vt 0.351596 0.728070
vt 0.326772 0.742267
vt 0.338780 0.742267
vt 0.351596 0.742267
vt 0.338780 0.756461
vt 0.326772 0.756461
vt 0.365670 0.742267
vt 0.365670 0.756461
vt 0.351596 0.756461
vt 0.898558 0.404358
vt 0.898558 0.399910
vt 0.879993 0.399910
vt 0.879993 0.404358
vt 0.618236 0.728070
vt 0.629385 0.728070
vt 0.618236 0.742267
vt 0.618236 0.756461
vt 0.629385 0.756461
vt 0.640391 0.728070
vt 0.629385 0.742267
vt 0.651431 0.728070
vt 0.640391 0.742267
vt 0.640391 0.756461
vt 0.651432 0.756461
vt 0.618236 0.699666
vt 0.629385 0.699666
vt 0.618236 0.713870
vt 0.640391 0.699666
vt 0.629386 0.713870
vt 0.651431 0.699666
vt 0.640391 0.713870
vt 0.618236 0.671238
vt 0.629385 0.671238
vt 0.618236 0.685458
vt 0.640391 0.671238
vt 0.629386 0.685458
vt 0.651431 0.671238
vt 0.640391 0.685458
vt 0.618236 0.642795
vt 0.629385 0.642795
vt 0.618236 0.657005
vt 0.640391 0.642795
vt 0.629386 0.657005
vt 0.651431 0.642795
vt 0.640391 0.657005
vt 0.618236 0.614453
vt 0.629385 0.614453
vt 0.618236 0.628633
vt 0.640391 0.614453
vt 0.629386 0.628633
vt 0.651431 0.614453
vt 0.640391 0.628633
vt 0.618236 0.585968
vt 0.629385 0.585968
vt 0.618236 0.600204
vt 0.640391 0.585968
vt 0.629386 0.600204
vt 0.651431 0.585968
vt 0.640391 0.600204
vt 0.618236 0.557759
vt 0.629385 0.557759
vt 0.618236 0.571832
vt 0.640391 0.557759
vt 0.629386 0.571832
vt 0.651431 0.557759
vt 0.640391 0.571832
vt 0.618236 0.529494
vt 0.629385 0.529494
vt 0.618236 0.543676
vt 0.640391 0.529494
vt 0.629386 0.543676
vt 0.651431 0.529494
vt 0.640391 0.543676
vt 0.618236 0.500557
vt 0.629385 0.500557
vt 0.618236 0.515129
vt 0.640391 0.500557
vt 0.629386 0.515129
vt 0.651431 0.500557
vt 0.640391 0.515129
vt 0.618236 0.471075
vt 0.629385 0.471075
vt 0.618236 0.485807
vt 0.640391 0.471075
vt 0.629386 0.485808
vt 0.651431 0.471075
vt 0.640391 0.485807
vt 0.618236 0.442193
vt 0.629385 0.442193
vt 0.618236 0.456544
vt 0.640391 0.442193
vt 0.629386 0.456544
vt 0.651431 0.442193
vt 0.640391 0.456544
vt 0.618236 0.413820
vt 0.629385 0.413820
vt 0.618236 0.427960
vt 0.640391 0.413820
vt 0.629386 0.427960
vt 0.651431 0.413820
vt 0.640391 0.427960
vt 0.618236 0.385730
vt 0.629385 0.385730
vt 0.618236 0.399755
vt 0.640391 0.385730
vt 0.629386 0.399755
vt 0.651431 0.385730
vt 0.640391 0.399755
vt 0.618236 0.357641
vt 0.629385 0.357641
vt 0.618236 0.371705
vt 0.640391 0.357641
vt 0.629386 0.371705
vt 0.651431 0.357641
vt 0.640391 0.371705
vt 0.618236 0.329268
vt 0.629385 0.329268
vt 0.618236 0.343501
vt 0.640391 0.329268
vt 0.629386 0.343501
vt 0.651431 0.329268
vt 0.640391 0.343501
vt 0.618236 0.300385
vt 0.629385 0.300385
vt 0.618236 0.314917
vt 0.640391 0.300385
vt 0.629386 0.314917
vt 0.651431 0.300385
vt 0.640391 0.314917
vt 0.618236 0.270904
vt 0.629385 0.270904
vt 0.618236 0.285653
vt 0.640391 0.270904
vt 0.629386 0.285653
vt 0.651431 0.270904
vt 0.640391 0.285653
vt 0.618236 0.241967
vt 0.629385 0.241967
vt 0.618236 0.256332
vt 0.640391 0.241967
vt 0.629385 0.256332
vt 0.651431 0.241967
vt 0.640391 0.256332
vt 0.618236 0.213702
vt 0.629385 0.213702
vt 0.618236 0.227784
vt 0.640391 0.213702
vt 0.629385 0.227784
vt 0.651431 0.213702
vt 0.640391 0.227784
vt 0.618236 0.185493
vt 0.629385 0.185493
vt 0.618236 0.199629
vt 0.640391 0.185493
vt 0.629385 0.199629
vt 0.651431 0.185493
vt 0.640391 0.199629
vt 0.618236 0.157007
vt 0.629385 0.157007
vt 0.618236 0.171257
vt 0.640391 0.157007
vt 0.629385 0.171257
vt 0.651431 0.157007
vt 0.640391 0.171257
vt 0.618236 0.128666
vt 0.629385 0.128666
vt 0.618236 0.142828
vt 0.640391 0.128666
vt 0.629386 0.142828
vt 0.651431 0.128666
vt 0.640391 0.142828
vt 0.618236 0.100223
vt 0.629385 0.100223
vt 0.618236 0.114456
vt 0.640391 0.100223
vt 0.629386 0.114456
vt 0.651431 0.100223
vt 0.640391 0.114456
vt 0.618236 0.071795
vt 0.629385 0.071795
vt 0.618236 0.086003
vt 0.640391 0.071795
vt 0.629386 0.086003
vt 0.651431 0.071795
vt 0.640391 0.086003
vt 0.618236 0.043390
vt 0.629385 0.043390
vt 0.618236 0.057591
vt 0.640391 0.043390
vt 0.629386 0.057591
vt 0.651431 0.043390
vt 0.640391 0.057591
vt 0.618236 0.015000
vt 0.629385 0.015000
vt 0.618236 0.029194
vt 0.640391 0.015000
vt 0.629386 0.029194
vt 0.651432 0.015000
vt 0.640391 0.029194
vt 0.826566 0.875932
vt 0.829925 0.882420
vt 0.840499 0.876101
vt 0.822565 0.868208
vt 0.836378 0.870064
vt 0.845413 0.863049
vt 0.839669 0.856511
vt 0.850237 0.868542
vt 0.535702 0.756461
vt 0.520576 0.756461
vt 0.535702 0.742267
vt 0.535702 0.728070
vt 0.520576 0.728070
vt 0.535702 0.713870
vt 0.535702 0.699666
vt 0.520576 0.699666
vt 0.535702 0.685458
vt 0.535702 0.671238
vt 0.520576 0.671238
vt 0.535702 0.657005
vt 0.535702 0.642795
vt 0.520576 0.642795
vt 0.535702 0.628633
vt 0.535702 0.614453
vt 0.520576 0.614453
vt 0.535702 0.600204
vt 0.535702 0.585968
vt 0.520576 0.585968
vt 0.535702 0.571832
vt 0.535702 0.557759
vt 0.520576 0.557759
vt 0.535702 0.543676
vt 0.535702 0.529494
vt 0.520576 0.529493
vt 0.535702 0.515129
vt 0.535702 0.500557
vt 0.520576 0.500557
vt 0.535702 0.485807
vt 0.535702 0.471075
vt 0.520576 0.471075
vt 0.535702 0.456544
vt 0.535702 0.442193
vt 0.520576 0.442193
vt 0.535702 0.427960
vt 0.535702 0.413820
vt 0.520576 0.413820
vt 0.535702 0.399755
vt 0.535702 0.385730
vt 0.520576 0.385730
vt 0.535702 0.371705
vt 0.535702 0.357641
vt 0.520576 0.357641
vt 0.535702 0.343501
vt 0.535702 0.329268
vt 0.520576 0.329268
vt 0.535702 0.314917
vt 0.535702 0.300386
vt 0.520576 0.300386
vt 0.535702 0.285653
vt 0.535702 0.270904
vt 0.520576 0.270904
vt 0.535702 0.256332
vt 0.535702 0.241967
vt 0.520576 0.241967
vt 0.535702 0.227784
vt 0.535702 0.213702
vt 0.520576 0.213702
vt 0.535702 0.199629
vt 0.535702 0.185493
vt 0.520576 0.185493
vt 0.535702 0.171257
vt 0.535702 0.157007
vt 0.520576 0.157007
vt 0.535702 0.142828
vt 0.535702 0.128666
vt 0.520576 0.128666
vt 0.535702 0.114456
vt 0.535702 0.100223
vt 0.520576 0.100223
vt 0.535702 0.086003
vt 0.535702 0.071795
vt 0.520576 0.071795
vt 0.535702 0.057591
vt 0.535702 0.043390
vt 0.520576 0.043390
vt 0.535702 0.029194
vt 0.535702 0.015000
vt 0.520576 0.015000
vt 0.505506 0.029194
vt 0.505506 0.015000
vt 0.520576 0.029194
vt 0.812940 0.413257
vt 0.812940 0.417707
vt 0.812940 0.422160
vt 0.812940 0.426615
vt 0.812940 0.431075
vt 0.812940 0.435528
vt 0.812940 0.439966
vt 0.812940 0.444409
vt 0.812940 0.448874
vt 0.812940 0.453335
vt 0.812940 0.457765
vt 0.812940 0.462174
vt 0.812940 0.466587
vt 0.812940 0.471031
vt 0.812940 0.475533
vt 0.812940 0.480099
vt 0.812940 0.484721
vt 0.812940 0.489337
vt 0.812940 0.493890
vt 0.812940 0.498387
vt 0.812940 0.502848
vt 0.812940 0.507278
vt 0.812940 0.511685
vt 0.812940 0.516080
vt 0.812940 0.520475
vt 0.812940 0.524882
vt 0.812940 0.529313
vt 0.812940 0.533773
vt 0.812940 0.538270
vt 0.812940 0.542823
vt 0.812940 0.547440
vt 0.812940 0.552061
vt 0.812940 0.556628
vt 0.812940 0.561129
vt 0.812940 0.565573
vt 0.812940 0.569986
vt 0.812940 0.574396
vt 0.812940 0.578825
vt 0.812940 0.583286
vt 0.812940 0.587751
vt 0.812940 0.592195
vt 0.812940 0.596632
vt 0.812940 0.601085
vt 0.812940 0.605545
vt 0.812940 0.610001
vt 0.812940 0.614453
vt 0.812940 0.618904
vt 0.812940 0.623354
vt 0.852993 0.632250
vt 0.812940 0.627802
vt 0.812940 0.632250
vt 0.711273 0.872368
vt 0.718464 0.884768
vt 0.715227 0.867945
vt 0.721482 0.880434
vt 0.732593 0.887207
vt 0.735370 0.881969
vt 0.744438 0.892590
vt 0.756835 0.896508
vt 0.758277 0.890762
vt 0.769600 0.898903
vt 0.782553 0.899749
vt 0.782582 0.893826
vt 0.795514 0.899031
vt 0.808305 0.896763
vt 0.806922 0.890997
vt 0.820745 0.892968
vt 0.832654 0.887695
vt 0.843850 0.881010
vt 0.854161 0.873010
vt 0.863421 0.863810
vt 0.871490 0.853558
vt 0.866610 0.850169
vt 0.878245 0.842413
vt 0.883601 0.830548
vt 0.878061 0.828436
vt 0.887488 0.818140
vt 0.889859 0.805369
vt 0.883980 0.804642
vt 0.890680 0.792414
vt 0.889944 0.779457
vt 0.884062 0.780151
vt 0.887654 0.766677
vt 0.883841 0.754252
vt 0.878289 0.756333
vt 0.878548 0.742361
vt 0.871850 0.731187
vt 0.866953 0.734541
vt 0.863841 0.720906
vt 0.854650 0.711669
vt 0.850707 0.716102
vt 0.844420 0.703616
vt 0.833304 0.696863
vt 0.830540 0.702108
vt 0.821462 0.691514
vt 0.809074 0.687629
vt 0.807640 0.693371
vt 0.796322 0.685255
vt 0.783385 0.684425
vt 0.783354 0.690342
vt 0.770439 0.685161
vt 0.757665 0.687444
vt 0.759043 0.693200
vt 0.745242 0.691242
vt 0.733349 0.696509
vt 0.736074 0.701777
vt 0.722165 0.703186
vt 0.711864 0.711178
vt 0.715785 0.715642
vt 0.702612 0.720370
vt 0.694547 0.730614
vt 0.699424 0.734002
vt 0.687796 0.741751
vt 0.682449 0.753608
vt 0.687984 0.755722
vt 0.678581 0.766007
vt 0.676226 0.778766
vt 0.682093 0.779496
vt 0.675410 0.791702
vt 0.676142 0.804637
vt 0.682013 0.803948
vt 0.678422 0.817395
vt 0.682220 0.829799
vt 0.687763 0.827727
vt 0.687490 0.841673
vt 0.694155 0.852838
vt 0.699049 0.849496
vt 0.702121 0.863121
vt 0.715410 0.889159
vt 0.712291 0.893647
vt 0.700564 0.884343
vt 0.876819 0.781003
vt 0.881896 0.768073
vt 0.868191 0.782018
vt 0.874806 0.769789
vt 0.871455 0.758889
vt 0.863316 0.761933
vt 0.805880 0.700441
vt 0.795585 0.691125
vt 0.803784 0.708864
vt 0.794685 0.698355
vt 0.783325 0.697629
vt 0.783295 0.706310
vt 0.705422 0.738164
vt 0.693042 0.744521
vt 0.699496 0.747925
vt 0.694797 0.758321
vt 0.702911 0.761415
vt 0.782616 0.886532
vt 0.794833 0.893145
vt 0.782655 0.877845
vt 0.793992 0.885899
vt 0.805216 0.883903
vt 0.803182 0.875454
vt 0.871243 0.825836
vt 0.881737 0.816713
vt 0.863125 0.822737
vt 0.874660 0.814953
vt 0.876745 0.803746
vt 0.868127 0.802677
vt 0.845856 0.721551
vt 0.841043 0.708492
vt 0.840079 0.728037
vt 0.836888 0.714487
vt 0.827140 0.708559
vt 0.823089 0.716241
vt 0.739430 0.708256
vt 0.725513 0.708090
vt 0.743429 0.715970
vt 0.729631 0.714120
vt 0.720605 0.721129
vt 0.689243 0.803100
vt 0.684170 0.816005
vt 0.697858 0.802088
vt 0.691249 0.814297
vt 0.694586 0.825181
vt 0.702715 0.822147
vt 0.738783 0.875525
vt 0.746562 0.887057
vt 0.742848 0.867851
vt 0.749171 0.880250
vt 0.760047 0.883690
vt 0.762155 0.875265
vt 0.858984 0.859851
vt 0.853530 0.854986
vt 0.860608 0.846003
vt 0.853462 0.841042
vt 0.873283 0.745098
vt 0.866808 0.748461
vt 0.860932 0.738664
vt 0.853761 0.743573
vt 0.771117 0.691039
vt 0.771960 0.698276
vt 0.760749 0.700284
vt 0.762788 0.708721
vt 0.684323 0.767438
vt 0.691391 0.769196
vt 0.689316 0.780392
vt 0.697922 0.781458
vt 0.818676 0.887406
vt 0.816127 0.880565
vt 0.884758 0.792398
vt 0.877467 0.792376
vt 0.819349 0.697048
vt 0.816752 0.703857
vt 0.707044 0.724325
vt 0.712495 0.729187
vt 0.692748 0.838947
vt 0.699216 0.835596
vt 0.705068 0.845387
vt 0.712237 0.840492
vt 0.770340 0.893027
vt 0.771248 0.885792
vt 0.872996 0.839643
vt 0.866538 0.836237
vt 0.859387 0.724829
vt 0.853911 0.729650
vt 0.747306 0.696795
vt 0.749854 0.703625
vt 0.681320 0.791723
vt 0.688598 0.791745
vt 0.706579 0.859210
vt 0.712060 0.854401
vt 0.720088 0.862507
vt 0.725876 0.856032
vt 0.724873 0.875567
vt 0.729041 0.869581
vt 0.734535 0.721296
vt 0.740408 0.729881
vt 0.748256 0.725267
vt 0.748478 0.741669
vt 0.859095 0.752466
vt 0.849864 0.757264
vt 0.853502 0.765608
vt 0.837186 0.763859
vt 0.845114 0.749496
vt 0.866361 0.771831
vt 0.856252 0.774279
vt 0.857786 0.783243
vt 0.842367 0.777647
vt 0.792988 0.877269
vt 0.791782 0.866939
vt 0.782700 0.867370
vt 0.790121 0.852747
vt 0.800723 0.865265
vt 0.772328 0.877174
vt 0.773622 0.866858
vt 0.764699 0.865104
vt 0.775400 0.852684
vt 0.718586 0.848674
vt 0.726399 0.841815
vt 0.720882 0.834583
vt 0.737128 0.832388
vt 0.732855 0.848222
vt 0.706921 0.831604
vt 0.716146 0.826819
vt 0.712519 0.818482
vt 0.728818 0.820236
vt 0.752893 0.711760
vt 0.756536 0.721497
vt 0.765250 0.718899
vt 0.761547 0.734873
vt 0.772970 0.706897
vt 0.774182 0.717220
vt 0.783258 0.716780
vt 0.775851 0.731403
vt 0.868782 0.792349
vt 0.858383 0.792315
vt 0.857732 0.801384
vt 0.844096 0.792267
vt 0.866231 0.812855
vt 0.856141 0.810339
vt 0.853337 0.818995
vt 0.842279 0.806878
vt 0.752279 0.872141
vt 0.756003 0.862433
vt 0.747753 0.858594
vt 0.761120 0.849095
vt 0.699682 0.812261
vt 0.709778 0.809820
vt 0.708250 0.800868
vt 0.723653 0.806460
vt 0.697270 0.791772
vt 0.707655 0.791807
vt 0.708306 0.782748
vt 0.721930 0.791855
vt 0.793615 0.706969
vt 0.792330 0.717283
vt 0.801250 0.719024
vt 0.790562 0.731454
vt 0.813657 0.711969
vt 0.809946 0.721680
vt 0.818198 0.725504
vt 0.804840 0.735021
vt 0.858848 0.832179
vt 0.849646 0.827317
vt 0.844846 0.835059
vt 0.837010 0.820636
vt 0.847036 0.849194
vt 0.839264 0.842262
vt 0.832743 0.848631
vt 0.828594 0.832743
vt 0.734004 0.862454
vt 0.739946 0.853921
vt 0.748108 0.842198
vt 0.699812 0.771290
vt 0.709893 0.773801
vt 0.712692 0.765151
vt 0.723746 0.777258
vt 0.707182 0.751978
vt 0.716378 0.756834
vt 0.729008 0.763509
vt 0.831939 0.721624
vt 0.826010 0.730166
vt 0.833110 0.735859
vt 0.817860 0.741899
vt 0.847389 0.735390
vt 0.839581 0.742263
vt 0.828855 0.751703
vt 0.831470 0.862879
vt 0.825594 0.854285
vt 0.817737 0.858901
vt 0.817521 0.842488
vt 0.813089 0.872419
vt 0.809447 0.862671
vt 0.804439 0.849284
vt 0.688751 0.623354
vt 0.688750 0.627802
vt 0.688751 0.632250
vt 0.667995 0.627802
vt 0.667995 0.632250
vt 0.667995 0.623354
vt 0.688751 0.614453
vt 0.688750 0.618904
vt 0.667995 0.618904
vt 0.667995 0.614453
vt 0.688751 0.605545
vt 0.688750 0.610001
vt 0.667995 0.610001
vt 0.667995 0.605545
vt 0.688751 0.596632
vt 0.688750 0.601085
vt 0.667995 0.601085
vt 0.667995 0.596632
vt 0.688751 0.587751
vt 0.688750 0.592195
vt 0.667995 0.592195
vt 0.667995 0.587751
vt 0.688751 0.578825
vt 0.688750 0.583286
vt 0.667995 0.583286
vt 0.667995 0.578825
vt 0.688751 0.569986
vt 0.688750 0.574396
vt 0.667995 0.574396
vt 0.667995 0.569986
vt 0.688751 0.561129
vt 0.688750 0.565573
vt 0.667995 0.565573
vt 0.667995 0.561129
vt 0.688751 0.552061
vt 0.688750 0.556628
vt 0.667995 0.556628
vt 0.667995 0.552061
vt 0.688751 0.542823
vt 0.688750 0.547440
vt 0.667995 0.547440
vt 0.667995 0.542823
vt 0.688751 0.533773
vt 0.688750 0.538270
vt 0.667995 0.538270
vt 0.667995 0.533773
vt 0.688751 0.524882
vt 0.688750 0.529313
vt 0.667995 0.529313
vt 0.667995 0.524882
vt 0.688751 0.516080
vt 0.688750 0.520475
vt 0.667995 0.520475
vt 0.667995 0.516080
vt 0.688751 0.507278
vt 0.688750 0.511685
vt 0.667995 0.511685
vt 0.667995 0.507278
vt 0.688751 0.498388
vt 0.688750 0.502848
vt 0.667995 0.502848
vt 0.667995 0.498388
vt 0.688751 0.489337
vt 0.688750 0.493890
vt 0.667995 0.493891
vt 0.667995 0.489337
vt 0.688751 0.480099
vt 0.688750 0.484721
vt 0.667995 0.484721
vt 0.667995 0.480099
vt 0.688751 0.471031
vt 0.688750 0.475533
vt 0.667995 0.475533
vt 0.667995 0.471031
vt 0.688751 0.462174
vt 0.688750 0.466587
vt 0.667995 0.466587
vt 0.667995 0.462174
vt 0.688751 0.453335
vt 0.688750 0.457765
vt 0.667995 0.457765
vt 0.667995 0.453335
vt 0.688751 0.444409
vt 0.688750 0.448874
vt 0.667995 0.448874
vt 0.667995 0.444409
vt 0.688751 0.435528
vt 0.688750 0.439966
vt 0.667995 0.439966
vt 0.667995 0.435528
vt 0.688751 0.426615
vt 0.688750 0.431075
vt 0.667995 0.431075
vt 0.667995 0.426615
vt 0.688751 0.417707
vt 0.688750 0.422159
vt 0.667995 0.422159
vt 0.667995 0.417707
vt 0.688751 0.408807
vt 0.688750 0.413257
vt 0.667995 0.413257
vt 0.667995 0.408807
vt 0.688751 0.399910
vt 0.688750 0.404358
vt 0.667995 0.404358
vt 0.667995 0.399910
vt 0.925875 0.415650
vt 0.925875 0.408721
vt 0.925875 0.401793
vt 0.925875 0.429514
vt 0.925875 0.422581
vt 0.925875 0.443389
vt 0.925875 0.436448
vt 0.925875 0.457271
vt 0.925875 0.450336
vt 0.925875 0.471104
vt 0.925875 0.464183
vt 0.925875 0.485007
vt 0.925875 0.478059
vt 0.925875 0.498775
vt 0.925875 0.491906
vt 0.925875 0.512571
vt 0.925875 0.505648
vt 0.925875 0.526694
vt 0.925875 0.519582
vt 0.925875 0.541083
vt 0.925875 0.533893
vt 0.925875 0.555180
vt 0.925875 0.548175
vt 0.925875 0.569028
vt 0.925875 0.562127
vt 0.921874 0.582738
vt 0.925875 0.582738
vt 0.925875 0.575893
vt 0.925875 0.596447
vt 0.925875 0.589583
vt 0.925875 0.610296
vt 0.925875 0.603349
vt 0.925875 0.624392
vt 0.925875 0.617300
vt 0.925875 0.638782
vt 0.925876 0.631583
vt 0.925875 0.652905
vt 0.925876 0.645894
vt 0.925875 0.666701
vt 0.925876 0.659827
vt 0.925875 0.680469
vt 0.925876 0.673569
vt 0.925875 0.694372
vt 0.925876 0.687417
vt 0.925875 0.708205
vt 0.925876 0.701292
vt 0.925875 0.722087
vt 0.925876 0.715140
vt 0.925875 0.735962
vt 0.925876 0.729027
vt 0.925875 0.749825
vt 0.925876 0.742894
vt 0.921874 0.763682
vt 0.925875 0.763682
vt 0.925875 0.756754
vt 0.929913 0.763682
vt 0.978682 0.037009
vt 0.978682 0.015000
vt 0.984947 0.037009
vt 0.984947 0.015000
vt 0.991212 0.037009
vt 0.991212 0.058682
vt 0.966145 0.037009
vt 0.966145 0.015000
vt 0.972414 0.037009
vt 0.972414 0.015000
vt 0.953598 0.037009
vt 0.953598 0.015000
vt 0.959874 0.037009
vt 0.959874 0.015000
vt 0.941045 0.037009
vt 0.941045 0.015000
vt 0.947316 0.037009
vt 0.947316 0.015000
vt 0.928536 0.037009
vt 0.928536 0.015000
vt 0.934794 0.037009
vt 0.934794 0.015000
vt 0.915964 0.037009
vt 0.915964 0.015000
vt 0.922247 0.037009
vt 0.922247 0.015000
vt 0.909724 0.037009
vt 0.903513 0.015000
vt 0.903513 0.037009
vt 0.909724 0.015000
vt 0.897298 0.037009
vt 0.891038 0.037009
vt 0.897298 0.015000
vt 0.884698 0.037009
vt 0.878267 0.037009
vt 0.884698 0.015000
vt 0.891038 0.015000
vt 0.871757 0.037009
vt 0.865255 0.037009
vt 0.871757 0.015000
vt 0.878267 0.015000
vt 0.858841 0.037009
vt 0.852507 0.037009
vt 0.858841 0.015000
vt 0.865255 0.015000
vt 0.839985 0.058682
vt 0.846225 0.037009
vt 0.839985 0.037009
vt 0.846225 0.015000
vt 0.852507 0.015000
vt 0.833777 0.037009
vt 0.827587 0.037009
vt 0.833777 0.015000
vt 0.839985 0.015000
vt 0.815190 0.037009
vt 0.815190 0.058682
vt 0.815190 0.015000
vt 0.821397 0.037009
vt 0.821397 0.015000
vt 0.802667 0.037009
vt 0.802667 0.015000
vt 0.808949 0.037009
vt 0.808949 0.015000
vt 0.789920 0.037009
vt 0.789920 0.015000
vt 0.796333 0.037009
vt 0.796333 0.015000
vt 0.776908 0.037009
vt 0.776908 0.015000
vt 0.783418 0.037009
vt 0.783418 0.015000
vt 0.764136 0.037009
vt 0.764136 0.015000
vt 0.770476 0.037009
vt 0.770476 0.015000
vt 0.751661 0.037009
vt 0.751661 0.015000
vt 0.757877 0.037009
vt 0.757877 0.015000
vt 0.745450 0.037009
vt 0.739211 0.037009
vt 0.745450 0.015000
vt 0.732928 0.037009
vt 0.726639 0.037009
vt 0.732928 0.015000
vt 0.739211 0.015000
vt 0.720380 0.037009
vt 0.714130 0.037009
vt 0.720380 0.015000
vt 0.726639 0.015000
vt 0.707858 0.037009
vt 0.701576 0.037009
vt 0.707858 0.015000
vt 0.714130 0.015000
vt 0.695300 0.037009
vt 0.689030 0.037009
vt 0.695300 0.015000
vt 0.701576 0.015000
vt 0.682761 0.037009
vt 0.676493 0.037009
vt 0.682761 0.015000
vt 0.689030 0.015000
vt 0.663963 0.058682
vt 0.670227 0.037009
vt 0.663962 0.037009
vt 0.670227 0.015000
vt 0.676493 0.015000
vt 0.977350 0.756754
vt 0.977350 0.749825
vt 0.956989 0.749825
vt 0.977350 0.763682
vt 0.956989 0.756754
vt 0.956989 0.763682
vt 0.977350 0.742894
vt 0.977350 0.735961
vt 0.956989 0.735962
vt 0.956989 0.742894
vt 0.977350 0.729027
vt 0.977350 0.722087
vt 0.956989 0.722087
vt 0.956989 0.729027
vt 0.977350 0.715140
vt 0.977350 0.708205
vt 0.956989 0.708205
vt 0.956989 0.715140
vt 0.977350 0.701292
vt 0.977350 0.694372
vt 0.956989 0.694372
vt 0.956989 0.701292
vt 0.977350 0.687417
vt 0.977350 0.680469
vt 0.956989 0.680469
vt 0.956989 0.687417
vt 0.977350 0.673569
vt 0.977350 0.666701
vt 0.956989 0.666701
vt 0.956989 0.673569
vt 0.977350 0.652905
vt 0.956989 0.652905
vt 0.956989 0.659827
vt 0.977350 0.659827
vt 0.977350 0.638782
vt 0.956989 0.638782
vt 0.956989 0.645894
vt 0.977350 0.645894
vt 0.977350 0.624392
vt 0.956989 0.624392
vt 0.956989 0.631583
vt 0.977350 0.631583
vt 0.977350 0.610296
vt 0.956989 0.610296
vt 0.956989 0.617300
vt 0.977350 0.617300
vt 0.977350 0.596448
vt 0.956989 0.596448
vt 0.956989 0.603349
vt 0.977350 0.603349
vt 0.977350 0.582738
vt 0.956989 0.582738
vt 0.956989 0.589583
vt 0.977350 0.589583
vt 0.977350 0.575893
vt 0.977350 0.569028
vt 0.956989 0.569028
vt 0.956989 0.575893
vt 0.977350 0.562127
vt 0.977350 0.555180
vt 0.956989 0.555180
vt 0.956989 0.562127
vt 0.977350 0.548175
vt 0.977350 0.541083
vt 0.956989 0.541083
vt 0.956989 0.548175
vt 0.977350 0.533893
vt 0.977350 0.526694
vt 0.956989 0.526694
vt 0.956989 0.533893
vt 0.977350 0.519582
vt 0.977350 0.512571
vt 0.956989 0.512571
vt 0.956989 0.519582
vt 0.977350 0.498775
vt 0.956989 0.498775
vt 0.956989 0.505648
vt 0.977350 0.505648
vt 0.977350 0.485007
vt 0.956989 0.485007
vt 0.956989 0.491906
vt 0.977350 0.491906
vt 0.977350 0.471104
vt 0.956989 0.471104
vt 0.956989 0.478059
vt 0.977350 0.478059
vt 0.977350 0.457271
vt 0.956989 0.457271
vt 0.956989 0.464183
vt 0.977350 0.464183
vt 0.977350 0.443389
vt 0.956989 0.443389
vt 0.956989 0.450336
vt 0.977350 0.450336
vt 0.977350 0.429514
vt 0.956989 0.429514
vt 0.956989 0.436448
vt 0.977350 0.436448
vt 0.977350 0.415650
vt 0.956989 0.415650
vt 0.956989 0.422581
vt 0.977350 0.422581
vt 0.977350 0.401793
vt 0.956989 0.401793
vt 0.956989 0.408721
vt 0.977350 0.408721
vt 0.506906 0.939639
vt 0.515073 0.944576
vt 0.517253 0.940422
vt 0.509571 0.935778
vt 0.502504 0.930242
vt 0.492644 0.927005
vt 0.499393 0.933754
vt 0.496156 0.923894
vt 0.490618 0.916827
vt 0.506901 0.809547
vt 0.499389 0.815432
vt 0.502500 0.818943
vt 0.509566 0.813407
vt 0.517247 0.808763
vt 0.523768 0.800693
vt 0.515066 0.804609
vt 0.525432 0.805078
vt 0.534001 0.802406
vt 0.628546 0.855657
vt 0.625704 0.846543
vt 0.621317 0.848209
vt 0.623989 0.856781
vt 0.625610 0.865614
vt 0.630846 0.874575
vt 0.630269 0.865047
vt 0.626153 0.874576
vt 0.625614 0.883539
vt 0.579832 0.948490
vt 0.588537 0.944573
vt 0.586356 0.940418
vt 0.578169 0.944102
vt 0.569597 0.946773
vt 0.481819 0.911325
vt 0.486757 0.919493
vt 0.485973 0.909144
vt 0.482288 0.900957
vt 0.475061 0.893507
vt 0.477901 0.902621
vt 0.479618 0.892384
vt 0.477998 0.883552
vt 0.542264 0.796131
vt 0.532878 0.797852
vt 0.542831 0.800787
vt 0.551791 0.800242
vt 0.561315 0.796126
vt 0.551789 0.795551
vt 0.560752 0.800783
vt 0.569582 0.802398
vt 0.628551 0.893492
vt 0.630271 0.884103
vt 0.623996 0.892370
vt 0.621326 0.900943
vt 0.621796 0.911310
vt 0.625713 0.902605
vt 0.617641 0.909130
vt 0.612996 0.916815
vt 0.561331 0.953049
vt 0.570720 0.951330
vt 0.560766 0.948391
vt 0.551804 0.948934
vt 0.472764 0.874590
vt 0.473340 0.884118
vt 0.477456 0.874590
vt 0.477997 0.865629
vt 0.475061 0.855677
vt 0.473340 0.865064
vt 0.479616 0.856799
vt 0.482287 0.848228
vt 0.579815 0.800680
vt 0.570703 0.797843
vt 0.578154 0.805067
vt 0.586341 0.808749
vt 0.596688 0.809529
vt 0.588519 0.804593
vt 0.594025 0.813391
vt 0.601094 0.818926
vt 0.610971 0.926995
vt 0.616859 0.919480
vt 0.607457 0.923884
vt 0.601108 0.930234
vt 0.596706 0.939634
vt 0.604221 0.933747
vt 0.594040 0.935772
vt 0.542276 0.953050
vt 0.551803 0.953627
vt 0.542842 0.948393
vt 0.534011 0.946776
vt 0.523777 0.948492
vt 0.532888 0.951331
vt 0.525440 0.944106
vt 0.481818 0.837862
vt 0.477900 0.846565
vt 0.485973 0.840042
vt 0.490617 0.832358
vt 0.492641 0.822181
vt 0.486755 0.829693
vt 0.496153 0.825292
vt 0.610955 0.822160
vt 0.604204 0.815412
vt 0.607444 0.825273
vt 0.612984 0.832339
vt 0.621784 0.837839
vt 0.616844 0.829672
vt 0.617630 0.840022
vt 0.620281 0.827297
vt 0.625482 0.835897
vt 0.629610 0.845061
vt 0.606972 0.812285
vt 0.614080 0.819389
vt 0.483317 0.827321
vt 0.489515 0.819412
vt 0.496620 0.812307
vt 0.473995 0.845084
vt 0.478119 0.835921
vt 0.531889 0.955386
vt 0.522296 0.952396
vt 0.513133 0.948274
vt 0.551803 0.957803
vt 0.541773 0.957196
vt 0.606992 0.936874
vt 0.599079 0.943072
vt 0.590478 0.948271
vt 0.620297 0.921853
vt 0.614098 0.929766
vt 0.590459 0.800894
vt 0.599059 0.806091
vt 0.571700 0.793788
vt 0.581294 0.796775
vt 0.469195 0.864560
vt 0.471007 0.854677
vt 0.469193 0.884622
vt 0.468588 0.874591
vt 0.571719 0.955385
vt 0.561835 0.957196
vt 0.629619 0.904086
vt 0.625495 0.913250
vt 0.634417 0.884606
vt 0.632606 0.894491
vt 0.551788 0.791375
vt 0.561817 0.791980
vt 0.531877 0.793798
vt 0.541759 0.791986
vt 0.473995 0.904103
vt 0.471005 0.894507
vt 0.483320 0.921866
vt 0.478121 0.913266
vt 0.581313 0.952395
vt 0.634416 0.864542
vt 0.635023 0.874574
vt 0.632602 0.854656
vt 0.513125 0.800912
vt 0.522286 0.796789
vt 0.504528 0.806111
vt 0.496623 0.936880
vt 0.489518 0.929775
vt 0.504534 0.943076
vt 0.797658 0.733405
vt 0.792449 0.754248
vt 0.798943 0.750425
vt 0.811270 0.738610
vt 0.782997 0.792064
vt 0.801224 0.757605
vt 0.722962 0.799137
vt 0.744293 0.796625
vt 0.738418 0.791912
vt 0.723008 0.784579
vt 0.744322 0.787238
vt 0.832663 0.826591
vt 0.815013 0.814322
vt 0.816279 0.821757
vt 0.822946 0.837489
vt 0.808749 0.821346
vt 0.733351 0.757558
vt 0.750994 0.769819
vt 0.749726 0.762388
vt 0.743059 0.746666
vt 0.757251 0.762799
vt 0.808447 0.755445
vt 0.823245 0.746926
vt 0.808944 0.762966
vt 0.739744 0.781254
vt 0.726534 0.770446
vt 0.746597 0.778126
vt 0.808199 0.828870
vt 0.810901 0.845737
vt 0.800987 0.826664
vt 0.816472 0.762602
vt 0.832880 0.757878
vt 0.815153 0.770026
vt 0.743587 0.771219
vt 0.798650 0.833832
vt 0.797238 0.850850
vt 0.792179 0.829960
vt 0.822552 0.771475
vt 0.839618 0.770814
vt 0.819497 0.778364
vt 0.757799 0.755278
vt 0.755092 0.738420
vt 0.765006 0.757482
vt 0.788198 0.836360
vt 0.782761 0.852545
vt 0.782845 0.831055
vt 0.826335 0.781539
vt 0.843061 0.784977
vt 0.821719 0.787495
vt 0.767337 0.750316
vt 0.768741 0.733305
vt 0.773805 0.754184
vt 0.777452 0.836315
vt 0.768302 0.850724
vt 0.773524 0.829880
vt 0.742730 0.837167
vt 0.757039 0.821140
vt 0.749515 0.821500
vt 0.733115 0.826214
vt 0.750840 0.814080
vt 0.827598 0.792212
vt 0.843018 0.799550
vt 0.821691 0.796891
vt 0.777780 0.747783
vt 0.783206 0.731599
vt 0.783132 0.753083
vt 0.767028 0.833695
vt 0.754694 0.845494
vt 0.764752 0.826508
vt 0.743448 0.812630
vt 0.726395 0.813286
vt 0.746507 0.805747
vt 0.826271 0.802879
vt 0.839487 0.813695
vt 0.819413 0.806010
vt 0.788520 0.747820
vt 0.757530 0.828660
vt 0.739676 0.802574
vt 0.822423 0.812921
vt 0.551795 0.819111
vt 0.558489 0.819459
vt 0.565072 0.820720
vt 0.557178 0.830266
vt 0.551797 0.830388
vt 0.496732 0.881275
vt 0.496270 0.874588
vt 0.496728 0.867901
vt 0.507157 0.874587
vt 0.507927 0.879915
vt 0.597462 0.906098
vt 0.593371 0.911408
vt 0.588591 0.916109
vt 0.585221 0.904190
vt 0.588179 0.899692
vt 0.565080 0.928450
vt 0.558497 0.929713
vt 0.551804 0.930064
vt 0.557185 0.918906
vt 0.562381 0.917500
vt 0.571488 0.822659
vt 0.577578 0.825459
vt 0.567629 0.832838
vt 0.562374 0.831670
vt 0.597457 0.843064
vt 0.600973 0.848771
vt 0.603674 0.854906
vt 0.591334 0.853833
vt 0.588176 0.849472
vt 0.497882 0.861299
vt 0.499930 0.854917
vt 0.508453 0.863904
vt 0.507924 0.869260
vt 0.583350 0.920288
vt 0.577586 0.923709
vt 0.577165 0.911328
vt 0.581112 0.907668
vt 0.545110 0.929716
vt 0.538526 0.928455
vt 0.546422 0.918909
vt 0.551804 0.918786
vt 0.583343 0.828878
vt 0.588586 0.833055
vt 0.577160 0.837839
vt 0.572338 0.835445
vt 0.502632 0.848783
vt 0.506147 0.843076
vt 0.512271 0.853841
vt 0.510475 0.858915
vt 0.532110 0.926515
vt 0.526021 0.923714
vt 0.535971 0.916335
vt 0.541225 0.917504
vt 0.593366 0.837754
vt 0.585218 0.844975
vt 0.581108 0.841498
vt 0.510235 0.837765
vt 0.515012 0.833064
vt 0.518384 0.844983
vt 0.515428 0.849481
vt 0.520256 0.920294
vt 0.515015 0.916116
vt 0.526440 0.911334
vt 0.531261 0.913728
vt 0.605721 0.861290
vt 0.606875 0.867893
vt 0.595150 0.863897
vt 0.593129 0.858908
vt 0.520253 0.828888
vt 0.526017 0.825468
vt 0.526438 0.837846
vt 0.522491 0.841505
vt 0.510236 0.911416
vt 0.506146 0.906105
vt 0.518384 0.904195
vt 0.522492 0.907674
vt 0.607337 0.874581
vt 0.606880 0.881269
vt 0.596450 0.874583
vt 0.595679 0.869255
vt 0.532106 0.822666
vt 0.538520 0.820723
vt 0.535967 0.832844
vt 0.531259 0.835453
vt 0.502631 0.900397
vt 0.499932 0.894262
vt 0.512270 0.895336
vt 0.515427 0.899697
vt 0.605726 0.887872
vt 0.603679 0.894255
vt 0.595155 0.885268
vt 0.595683 0.879911
vt 0.545102 0.819460
vt 0.546416 0.830267
vt 0.541220 0.831673
vt 0.497886 0.887878
vt 0.508455 0.885272
vt 0.510476 0.890261
vt 0.600978 0.900390
vt 0.591337 0.895332
vt 0.593132 0.890257
vt 0.571496 0.926510
vt 0.567636 0.916330
vt 0.572344 0.913723
vt 0.578279 0.884625
vt 0.580495 0.889643
vt 0.551802 0.874586
vt 0.575105 0.890670
vt 0.558579 0.902077
vt 0.555709 0.906753
vt 0.551803 0.902901
vt 0.551798 0.846272
vt 0.555704 0.842419
vt 0.558575 0.847093
vt 0.523695 0.878000
vt 0.519399 0.874587
vt 0.523693 0.871174
vt 0.576057 0.896072
vt 0.570578 0.895779
vt 0.547897 0.906755
vt 0.545027 0.902080
vt 0.563289 0.844286
vt 0.564958 0.849512
vt 0.520340 0.866833
vt 0.525327 0.864547
vt 0.570210 0.901253
vt 0.564962 0.899657
vt 0.540312 0.904887
vt 0.538643 0.899661
vt 0.570206 0.847915
vt 0.570576 0.853389
vt 0.523111 0.859529
vt 0.528500 0.858503
vt 0.576055 0.853095
vt 0.575104 0.858498
vt 0.527547 0.853100
vt 0.533025 0.853394
vt 0.533394 0.901257
vt 0.533025 0.895782
vt 0.578277 0.864542
vt 0.583264 0.866828
vt 0.579911 0.871171
vt 0.533393 0.847920
vt 0.538642 0.849516
vt 0.527547 0.896076
vt 0.528499 0.890672
vt 0.584207 0.874584
vt 0.579912 0.877997
vt 0.580494 0.859523
vt 0.540309 0.844290
vt 0.545023 0.847095
vt 0.523110 0.889646
vt 0.525328 0.884628
vt 0.583266 0.882339
vt 0.563294 0.904883
vt 0.547892 0.842420
vt 0.520341 0.882341
vt 0.921874 0.401793
vt 0.314241 0.624415
vt 0.314241 0.217064
vt 0.991212 0.385357
vt 0.736979 0.632250
vt 0.898558 0.632250
vt 0.651432 0.742267
vt 0.651432 0.713870
vt 0.651432 0.685458
vt 0.651432 0.657005
vt 0.651432 0.628633
vt 0.651432 0.600204
vt 0.651432 0.571832
vt 0.651432 0.543676
vt 0.651432 0.515129
vt 0.651432 0.485807
vt 0.651432 0.456544
vt 0.651432 0.427960
vt 0.651432 0.399755
vt 0.651432 0.371705
vt 0.651432 0.343501
vt 0.651432 0.314917
vt 0.651432 0.285653
vt 0.651432 0.256332
vt 0.651432 0.227784
vt 0.651432 0.199629
vt 0.651432 0.171257
vt 0.651432 0.142828
vt 0.651432 0.114456
vt 0.651432 0.086003
vt 0.651432 0.057591
vt 0.651432 0.029194
vt 0.991212 0.015000
vt 0.827587 0.015000
vt 0.663963 0.015000
s 0
usemtl ceramic_vase_01
f 1145/1/1 1280/2/1 3851/3/1
f 1277/4/2 3851/3/2 1278/5/2
f 3851/3/3 1279/6/3 4/7/4
f 1280/2/5 1146/8/5 1279/6/5
f 1146/8/6 1283/9/6 3852/10/7
f 1279/6/8 3852/10/9 1281/11/8
f 3852/10/10 1282/12/11 6/13/11
f 1283/9/12 1147/14/12 1282/12/12
f 1147/14/13 1286/15/13 3853/16/13
f 1282/12/14 3853/16/14 1284/17/14
f 3853/16/15 1285/18/15 8/19/15
f 1286/15/16 1148/20/16 1285/18/16
f 1148/20/17 1289/21/17 3854/22/17
f 1285/18/18 3854/22/18 1287/23/18
f 3854/22/19 1288/24/19 10/25/19
f 1289/21/20 1149/26/20 1288/24/20
f 1149/26/21 1292/27/21 3855/28/21
f 1288/24/22 3855/28/22 1290/29/22
f 3855/28/23 1291/30/23 12/31/23
f 1292/27/24 1150/32/24 1291/30/24
f 1150/32/25 1295/33/25 3856/34/26
f 1291/30/27 3856/34/28 1293/35/27
f 3856/34/29 1294/36/30 14/37/30
f 1295/33/31 1151/38/31 1294/36/31
f 1151/38/32 1298/39/32 3857/40/32
f 1294/36/33 3857/40/33 1296/41/33
f 3857/40/34 1297/42/34 16/43/34
f 1298/39/35 1152/44/35 1297/42/35
f 1152/44/36 1301/45/36 3858/46/36
f 1297/42/37 3858/46/37 1299/47/37
f 1299/47/38 3858/46/38 1300/48/38
f 3858/46/39 1301/45/39 1153/49/39
f 1300/48/40 1153/49/40 1304/50/40
f 18/51/41 1300/48/41 3859/52/41
f 1302/53/42 3859/52/42 1303/54/42
f 3859/52/43 1304/50/43 1154/55/43
f 1303/54/44 1154/55/44 1307/56/44
f 20/57/45 1303/54/45 3860/58/45
f 1305/59/46 3860/58/46 1306/60/46
f 3860/58/47 1307/56/47 1155/61/47
f 1306/60/48 1155/61/48 1310/62/48
f 22/63/49 1306/60/49 3861/64/49
f 1308/65/50 3861/64/50 1309/66/50
f 3861/64/51 1310/62/51 1156/67/51
f 1309/66/52 1156/67/52 1313/68/52
f 24/69/53 1309/66/53 3862/70/53
f 1311/71/54 3862/70/54 1312/72/54
f 3862/70/55 1313/68/55 1157/73/55
f 1312/72/56 1157/73/56 1316/74/56
f 26/75/57 1312/72/57 3863/76/57
f 1314/77/58 3863/76/58 1315/78/58
f 3863/76/59 1316/74/59 1158/79/59
f 1158/79/60 1319/80/60 3864/81/60
f 1315/78/61 3864/81/61 1317/82/61
f 3864/81/62 1318/83/62 30/84/62
f 1319/80/63 1159/85/63 1318/83/63
f 1159/85/64 1322/86/64 3865/87/64
f 1318/83/65 3865/87/65 1320/88/65
f 3865/87/66 1321/89/66 32/90/66
f 1322/86/67 1160/91/67 1321/89/67
f 1160/91/68 1325/92/68 3866/93/69
f 1321/89/70 3866/93/71 1323/94/70
f 3866/93/72 1324/95/73 34/96/73
f 1325/92/74 1161/97/74 1324/95/74
f 1161/97/75 1328/98/75 3867/99/75
f 1324/95/76 3867/99/76 1326/100/76
f 3867/99/77 1327/101/77 36/102/77
f 1328/98/78 1162/103/78 1327/101/78
f 1162/103/79 1331/104/79 3868/105/79
f 1327/101/80 3868/105/80 1329/106/80
f 3868/105/81 1330/107/81 38/108/81
f 1331/104/82 1163/109/82 1330/107/82
f 1163/109/83 1334/110/83 3869/111/84
f 1330/107/85 3869/111/86 1332/112/85
f 1332/112/87 3869/111/88 1333/113/87
f 3869/111/89 1334/110/90 1164/114/90
f 1333/113/91 1164/114/91 1337/115/91
f 40/116/92 1333/113/92 3870/117/92
f 1335/118/93 3870/117/94 1336/119/94
f 3870/117/95 1337/115/95 1165/120/95
f 1336/119/96 1165/120/96 1340/121/96
f 42/122/97 1336/119/97 3871/123/97
f 1338/124/98 3871/123/98 1339/125/98
f 3871/123/99 1340/121/99 1166/126/99
f 1339/125/100 1166/126/100 1343/127/100
f 44/128/101 1339/125/101 3872/129/101
f 1341/130/102 3872/129/102 1342/131/102
f 3872/129/103 1343/127/103 1167/132/103
f 1342/131/104 1167/132/104 1346/133/104
f 46/134/105 1342/131/105 3873/135/105
f 1344/136/106 3873/135/106 1345/137/106
f 3873/135/107 1346/133/107 1168/138/107
f 1345/137/108 1168/138/108 1349/139/108
f 48/140/109 1345/137/109 3874/141/109
f 1347/142/110 3874/141/110 1348/143/110
f 3874/141/111 1349/139/111 1169/144/111
f 1348/143/112 1169/144/112 1352/145/112
f 50/146/113 1348/143/113 3875/147/113
f 1350/148/114 3875/147/114 1351/149/114
f 3875/147/115 1352/145/115 1170/150/115
f 1351/149/116 1170/150/116 1354/151/116
f 52/152/117 1351/149/117 3876/153/118
f 1353/154/119 3876/153/120 1277/155/119
f 3876/153/121 1354/151/122 1145/156/122
f 519/157/123 1358/158/123 3877/159/123
f 1355/160/124 3877/159/124 1356/161/124
f 1356/161/125 3877/159/125 1357/162/125
f 3877/159/126 1358/158/126 470/163/126
f 106/164/127 1362/165/127 3878/166/127
f 1359/167/128 3878/166/128 1360/168/128
f 3878/166/129 1361/169/129 265/170/129
f 1362/165/130 105/171/130 1361/169/130
f 108/172/131 1366/173/131 3879/174/131
f 1363/175/132 3879/174/132 1364/176/132
f 3879/174/133 1365/177/133 337/178/133
f 1366/173/134 107/179/134 1365/177/134
f 1367/180/135 333/181/135 1370/182/135
f 73/183/136 1367/180/136 3880/184/136
f 3880/184/137 1369/185/137 74/186/137
f 1370/182/138 294/187/138 1369/185/138
f 1369/185/139 294/187/139 1373/188/139
f 74/186/140 1369/185/140 3881/189/140
f 3881/189/141 1372/190/141 75/191/141
f 1373/188/142 267/192/142 1372/190/142
f 1374/193/143 297/194/143 1377/195/143
f 71/196/144 1374/193/144 3882/197/144
f 3882/197/145 1376/198/145 72/199/145
f 1377/195/146 270/200/146 1376/198/146
f 110/201/147 1381/202/147 3883/203/147
f 1378/204/148 3883/203/148 1379/205/148
f 3883/203/149 1380/206/149 295/207/149
f 1381/202/150 109/208/150 1380/206/150
f 1382/209/151 112/210/151 1385/211/151
f 298/212/152 1382/209/152 3884/213/152
f 1383/214/153 3884/213/153 1384/215/153
f 3884/213/154 1385/211/154 111/216/154
f 1384/215/155 111/216/155 1387/217/155
f 271/218/156 1384/215/156 3885/219/156
f 3885/219/157 1378/204/157 334/220/157
f 1387/217/158 110/201/158 1378/204/158
f 1388/221/159 113/222/159 1390/223/159
f 331/224/160 1388/221/160 3886/225/160
f 1389/226/161 3886/225/161 1382/209/161
f 3886/225/162 1390/223/162 112/210/162
f 1391/227/163 300/228/163 1394/229/163
f 68/230/164 1391/227/164 3887/231/164
f 3887/231/165 1393/232/165 69/233/165
f 1394/229/166 273/234/166 1393/232/166
f 1395/235/167 117/236/167 1398/237/167
f 277/238/168 1395/235/168 3888/239/168
f 1396/240/169 3888/239/169 1397/241/169
f 3888/239/170 1398/237/170 116/242/170
f 1399/243/171 324/244/171 1402/245/171
f 64/246/172 1399/243/172 3889/247/172
f 3889/247/173 1401/248/173 65/249/173
f 1402/245/174 303/250/174 1401/248/174
f 1401/248/175 303/250/175 1405/251/176
f 65/249/177 1401/248/177 3890/252/177
f 3890/252/178 1404/253/178 66/254/178
f 1405/251/179 276/255/180 1404/253/180
f 1406/256/181 306/257/181 1409/258/181
f 62/259/182 1406/256/182 3891/260/182
f 3891/260/183 1408/261/183 63/262/183
f 1409/258/184 279/263/184 1408/261/184
f 119/264/185 1413/265/185 3892/266/185
f 1410/267/186 3892/266/186 1411/268/186
f 3892/266/187 1412/269/187 304/270/187
f 1413/265/188 118/271/188 1412/269/188
f 121/272/189 1417/273/189 3893/274/189
f 1414/275/190 3893/274/190 1415/276/190
f 3893/274/191 1416/277/191 280/278/191
f 1417/273/192 120/279/192 1416/277/192
f 120/279/193 1419/280/193 3894/281/193
f 1416/277/194 3894/281/194 1418/282/194
f 3894/281/195 1410/267/195 325/283/195
f 1419/280/196 119/264/196 1410/267/196
f 122/284/197 1422/285/197 3895/286/197
f 1420/287/198 3895/286/198 1421/288/198
f 3895/286/199 1414/275/199 307/289/199
f 1422/285/200 121/272/200 1414/275/200
f 1423/290/201 309/291/201 1426/292/201
f 59/293/202 1423/290/202 3896/294/202
f 3896/294/203 1425/295/203 60/296/203
f 1426/292/204 282/297/204 1425/295/204
f 1427/298/205 126/299/205 1430/300/205
f 286/301/206 1427/298/206 3897/302/206
f 1428/303/207 3897/302/207 1429/304/207
f 3897/302/208 1430/300/208 125/305/208
f 1431/306/209 315/307/209 1434/308/209
f 55/309/210 1431/306/210 3898/310/210
f 3898/310/211 1433/311/211 56/312/211
f 1434/308/212 312/313/212 1433/311/212
f 1433/311/213 312/313/213 1437/314/213
f 56/312/214 1433/311/214 3899/315/214
f 3899/315/215 1436/316/215 57/317/215
f 1437/314/216 285/318/216 1436/316/216
f 1438/319/217 288/320/217 1440/321/217
f 54/322/218 1438/319/218 3900/323/218
f 3900/323/219 1431/306/219 55/309/219
f 1440/321/220 315/307/220 1431/306/220
f 1441/324/221 128/325/221 1444/326/221
f 316/327/222 1441/324/222 3901/328/222
f 1442/329/223 3901/328/223 1443/330/223
f 3901/328/224 1444/326/224 127/331/224
f 1445/332/225 129/333/225 1447/334/225
f 289/335/226 1445/332/226 3902/336/226
f 1446/337/227 3902/336/227 1441/324/227
f 3902/336/228 1447/334/228 128/325/228
f 105/171/229 1450/338/229 3903/339/229
f 1361/169/230 3903/339/230 1448/340/230
f 3903/339/231 1449/341/231 261/342/231
f 1450/338/232 130/343/232 1449/341/232
f 477/344/233 1454/345/233 3904/346/233
f 1451/347/234 3904/346/234 1452/348/234
f 1452/348/235 3904/346/235 1453/349/235
f 3904/346/236 1454/345/236 479/350/236
f 479/350/237 1457/351/237 3905/352/237
f 1453/349/238 3905/352/238 1455/353/238
f 1455/353/239 3905/352/239 1456/354/239
f 3905/352/240 1457/351/240 481/355/240
f 481/355/241 1460/356/241 3906/357/241
f 1456/354/242 3906/357/242 1458/358/242
f 1458/358/243 3906/357/243 1459/359/243
f 3906/357/244 1460/356/244 483/360/244
f 483/360/245 1463/361/245 3907/362/245
f 1459/359/246 3907/362/246 1461/363/246
f 1461/363/247 3907/362/247 1462/364/247
f 3907/362/248 1463/361/248 485/365/248
f 485/365/249 1466/366/249 3908/367/249
f 1462/364/250 3908/367/250 1464/368/250
f 1464/368/251 3908/367/251 1465/369/251
f 3908/367/252 1466/366/252 487/370/252
f 487/370/253 1469/371/253 3909/372/253
f 1465/369/254 3909/372/254 1467/373/254
f 1467/373/255 3909/372/255 1468/374/255
f 3909/372/256 1469/371/256 489/375/256
f 489/375/257 1472/376/257 3910/377/257
f 1468/374/258 3910/377/258 1470/378/258
f 1470/378/259 3910/377/259 1471/379/259
f 3910/377/260 1472/376/260 491/380/260
f 491/380/261 1475/381/261 3911/382/261
f 1471/379/262 3911/382/262 1473/383/262
f 1473/383/263 3911/382/263 1474/384/263
f 3911/382/264 1475/381/264 493/385/264
f 493/385/265 1478/386/265 3912/387/265
f 1474/384/266 3912/387/266 1476/388/266
f 1476/388/267 3912/387/267 1477/389/267
f 3912/387/268 1478/386/268 495/390/268
f 495/390/269 1481/391/269 3913/392/269
f 1477/389/270 3913/392/270 1479/393/270
f 1479/393/271 3913/392/271 1480/394/271
f 3913/392/272 1481/391/272 497/395/272
f 497/395/273 1484/396/273 3914/397/273
f 1480/394/274 3914/397/274 1482/398/274
f 1482/398/275 3914/397/275 1483/399/275
f 3914/397/276 1484/396/276 499/400/276
f 499/400/277 1487/401/277 3915/402/277
f 1483/399/278 3915/402/278 1485/403/278
f 1485/403/279 3915/402/279 1486/404/279
f 3915/402/280 1487/401/280 501/405/280
f 501/405/281 1490/406/281 3916/407/281
f 1486/404/282 3916/407/282 1488/408/282
f 1488/408/283 3916/407/283 1489/409/283
f 3916/407/284 1490/406/284 503/410/284
f 503/410/285 1493/411/285 3917/412/285
f 1489/409/286 3917/412/286 1491/413/286
f 1491/413/287 3917/412/287 1492/414/287
f 3917/412/288 1493/411/288 505/415/288
f 505/415/289 1496/416/289 3918/417/289
f 1492/414/290 3918/417/290 1494/418/290
f 1494/418/291 3918/417/291 1495/419/291
f 3918/417/292 1496/416/292 507/420/292
f 507/420/293 1499/421/293 3919/422/293
f 1495/419/294 3919/422/294 1497/423/294
f 1497/423/295 3919/422/295 1498/424/295
f 3919/422/296 1499/421/296 509/425/296
f 509/425/297 1502/426/297 3920/427/297
f 1498/424/298 3920/427/298 1500/428/298
f 1500/428/299 3920/427/299 1501/429/299
f 3920/427/300 1502/426/300 511/430/300
f 511/430/301 1505/431/301 3921/432/301
f 1501/429/302 3921/432/302 1503/433/302
f 1503/433/303 3921/432/303 1504/434/303
f 3921/432/304 1505/431/304 513/435/304
f 513/435/305 1508/436/305 3922/437/305
f 1504/434/306 3922/437/306 1506/438/306
f 1506/438/307 3922/437/307 1507/439/307
f 3922/437/308 1508/436/308 515/440/308
f 515/440/309 1511/441/309 3923/442/309
f 1507/439/310 3923/442/310 1509/443/310
f 1509/443/311 3923/442/311 1510/444/311
f 3923/442/312 1511/441/312 517/445/312
f 517/445/313 1513/446/313 3924/447/313
f 1510/444/314 3924/447/314 1512/448/314
f 1512/448/315 3924/447/315 1355/160/315
f 3924/447/316 1513/446/316 519/157/316
f 1514/449/317 1198/450/317 1517/451/317
f 1514/449/318 3925/452/318 1515/453/318
f 3925/452/319 1516/454/319 526/455/319
f 3925/452/320 1517/451/320 527/456/320
f 471/457/321 1521/458/321 3926/459/321
f 1518/460/322 3926/459/322 1519/461/322
f 1519/461/323 3926/459/323 1520/462/323
f 3926/459/324 1521/458/324 473/463/324
f 340/464/325 1525/465/325 3927/466/325
f 1522/467/326 3927/466/326 1523/468/326
f 1523/468/327 3927/466/327 1524/469/327
f 3927/466/328 1525/465/328 343/470/328
f 412/471/329 1529/472/329 3928/473/329
f 1526/474/330 3928/473/330 1527/475/330
f 1527/475/331 3928/473/331 1528/476/331
f 3928/473/332 1529/472/332 414/477/332
f 409/478/333 1532/479/333 3929/480/333
f 1530/481/334 3929/480/334 1531/482/334
f 1531/482/335 3929/480/335 1526/474/335
f 3929/480/336 1532/479/336 412/471/336
f 406/483/337 1535/484/337 3930/485/337
f 1533/486/338 3930/485/338 1534/487/338
f 1534/487/339 3930/485/339 1530/481/339
f 3930/485/340 1535/484/340 409/478/340
f 403/488/341 1538/489/341 3931/490/341
f 1536/491/342 3931/490/342 1537/492/342
f 1537/492/343 3931/490/343 1533/486/343
f 3931/490/344 1538/489/344 406/483/344
f 400/493/345 1541/494/345 3932/495/345
f 1539/496/346 3932/495/346 1540/497/346
f 1540/497/347 3932/495/347 1536/491/347
f 3932/495/348 1541/494/348 403/488/348
f 397/498/349 1544/499/349 3933/500/349
f 1542/501/350 3933/500/350 1543/502/350
f 1543/502/351 3933/500/351 1539/496/351
f 3933/500/352 1544/499/352 400/493/352
f 394/503/353 1547/504/353 3934/505/353
f 1545/506/354 3934/505/354 1546/507/354
f 1546/507/355 3934/505/355 1542/501/355
f 3934/505/356 1547/504/356 397/498/356
f 391/508/357 1550/509/357 3935/510/357
f 1548/511/358 3935/510/358 1549/512/358
f 1549/512/359 3935/510/359 1545/506/359
f 3935/510/360 1550/509/360 394/503/360
f 388/513/361 1553/514/361 3936/515/361
f 1551/516/362 3936/515/362 1552/517/362
f 1552/517/363 3936/515/363 1548/511/363
f 3936/515/364 1553/514/364 391/508/364
f 385/518/365 1556/519/365 3937/520/365
f 1554/521/366 3937/520/366 1555/522/366
f 1555/522/367 3937/520/367 1551/516/367
f 3937/520/368 1556/519/368 388/513/368
f 382/523/369 1559/524/369 3938/525/369
f 1557/526/370 3938/525/370 1558/527/370
f 1558/527/371 3938/525/371 1554/521/371
f 3938/525/372 1559/524/372 385/518/372
f 379/528/373 1562/529/373 3939/530/373
f 1560/531/374 3939/530/374 1561/532/374
f 1561/532/375 3939/530/375 1557/526/375
f 3939/530/376 1562/529/376 382/523/376
f 376/533/377 1565/534/377 3940/535/377
f 1563/536/378 3940/535/378 1564/537/378
f 1564/537/379 3940/535/379 1560/531/379
f 3940/535/380 1565/534/380 379/528/380
f 373/538/381 1568/539/381 3941/540/381
f 1566/541/382 3941/540/382 1567/542/382
f 1567/542/383 3941/540/383 1563/536/383
f 3941/540/384 1568/539/384 376/533/384
f 370/543/385 1571/544/385 3942/545/385
f 1569/546/386 3942/545/386 1570/547/386
f 1570/547/387 3942/545/387 1566/541/387
f 3942/545/388 1571/544/388 373/538/388
f 367/548/389 1574/549/389 3943/550/389
f 1572/551/390 3943/550/390 1573/552/390
f 1573/552/391 3943/550/391 1569/546/391
f 3943/550/392 1574/549/392 370/543/392
f 364/553/393 1577/554/393 3944/555/393
f 1575/556/394 3944/555/394 1576/557/394
f 1576/557/395 3944/555/395 1572/551/395
f 3944/555/396 1577/554/396 367/548/396
f 361/558/397 1580/559/397 3945/560/397
f 1578/561/398 3945/560/398 1579/562/398
f 1579/562/399 3945/560/399 1575/556/399
f 3945/560/400 1580/559/400 364/553/400
f 358/563/401 1583/564/401 3946/565/401
f 1581/566/402 3946/565/402 1582/567/402
f 1582/567/403 3946/565/403 1578/561/403
f 3946/565/404 1583/564/404 361/558/404
f 355/568/405 1586/569/405 3947/570/405
f 1584/571/406 3947/570/406 1585/572/406
f 1585/572/407 3947/570/407 1581/566/407
f 3947/570/408 1586/569/408 358/563/408
f 352/573/409 1589/574/409 3948/575/409
f 1587/576/410 3948/575/410 1588/577/410
f 1588/577/411 3948/575/411 1584/571/411
f 3948/575/412 1589/574/412 355/568/412
f 349/578/413 1592/579/413 3949/580/413
f 1590/581/414 3949/580/414 1591/582/414
f 1591/582/415 3949/580/415 1587/576/415
f 3949/580/416 1592/579/416 352/573/416
f 346/583/417 1595/584/417 3950/585/417
f 1593/586/418 3950/585/418 1594/587/418
f 1594/587/419 3950/585/419 1590/581/419
f 3950/585/420 1595/584/420 349/578/420
f 343/470/421 1597/588/421 3951/589/421
f 1524/469/422 3951/589/422 1596/590/422
f 1596/590/423 3951/589/423 1593/586/423
f 3951/589/424 1597/588/424 346/583/424
f 414/591/425 1599/592/425 3952/593/425
f 1528/594/426 3952/593/426 1598/595/426
f 1598/595/427 3952/593/427 1522/467/427
f 3952/593/428 1599/592/428 340/464/428
f 473/463/429 1602/596/429 3953/597/429
f 1520/462/430 3953/597/430 1600/598/430
f 1600/598/431 3953/597/431 1601/599/431
f 3953/597/432 1602/596/432 475/600/432
f 1603/601/433 136/602/433 1606/603/433
f 1603/601/434 3954/604/434 1604/605/434
f 3954/604/435 1605/606/435 79/607/435
f 3954/604/436 1606/603/436 133/608/436
f 1607/609/437 139/610/437 1609/611/437
f 103/612/438 1607/609/438 3955/613/438
f 1608/614/439 3955/613/439 1603/601/439
f 3955/613/440 1609/611/440 136/602/440
f 1610/615/441 142/616/441 1612/617/441
f 102/618/442 1610/615/442 3956/619/442
f 1611/620/443 3956/619/443 1607/609/443
f 3956/619/444 1612/617/444 139/610/444
f 1613/621/445 145/622/445 1615/623/445
f 101/624/446 1613/621/446 3957/625/446
f 1614/626/447 3957/625/447 1610/615/447
f 3957/625/448 1615/623/448 142/616/448
f 1616/627/449 148/628/449 1618/629/449
f 100/630/450 1616/627/450 3958/631/450
f 1617/632/451 3958/631/451 1613/621/451
f 3958/631/452 1618/629/452 145/622/452
f 1619/633/453 151/634/453 1621/635/453
f 99/636/454 1619/633/454 3959/637/454
f 1620/638/455 3959/637/455 1616/627/455
f 3959/637/456 1621/635/456 148/628/456
f 154/639/457 1624/640/457 3960/641/457
f 1622/642/458 3960/641/458 1623/643/458
f 1623/643/459 3960/641/459 1619/633/459
f 3960/641/460 1624/640/460 151/634/460
f 157/644/461 1627/645/461 3961/646/461
f 1625/647/462 3961/646/462 1626/648/462
f 3961/646/463 1622/642/463 98/649/463
f 1627/645/464 154/639/464 1622/642/464
f 160/650/465 1630/651/465 3962/652/465
f 1628/653/466 3962/652/466 1629/654/466
f 3962/652/467 1625/647/467 97/655/467
f 1630/651/468 157/644/468 1625/647/468
f 163/656/469 1633/657/469 3963/658/469
f 1631/659/470 3963/658/470 1632/660/470
f 3963/658/471 1628/653/471 96/661/471
f 1633/657/472 160/650/472 1628/653/472
f 1634/662/473 166/663/473 1636/664/473
f 94/665/474 1634/662/474 3964/666/474
f 3964/666/475 1631/659/475 95/667/475
f 1636/664/476 163/656/476 1631/659/476
f 1637/668/477 169/669/477 1639/670/477
f 93/671/478 1637/668/478 3965/672/478
f 1638/673/479 3965/672/479 1634/662/479
f 3965/672/480 1639/670/480 166/663/480
f 1640/674/481 172/675/481 1642/676/481
f 92/677/482 1640/674/482 3966/678/482
f 1641/679/483 3966/678/483 1637/668/483
f 3966/678/484 1642/676/484 169/669/484
f 175/680/485 1645/681/485 3967/682/485
f 1643/683/486 3967/682/486 1644/684/486
f 3967/682/487 1640/674/487 92/677/487
f 1645/681/488 172/675/488 1640/674/488
f 178/685/489 1648/686/489 3968/687/489
f 1646/688/490 3968/687/490 1647/689/490
f 3968/687/491 1643/683/491 91/690/491
f 1648/686/492 175/680/492 1643/683/492
f 1649/691/493 181/692/493 1651/693/493
f 89/694/494 1649/691/494 3969/695/494
f 3969/695/495 1646/688/495 90/696/495
f 1651/693/496 178/685/496 1646/688/496
f 1652/697/497 184/698/497 1654/699/497
f 88/700/498 1652/697/498 3970/701/498
f 1653/702/499 3970/701/499 1649/691/499
f 3970/701/500 1654/699/500 181/692/500
f 1655/703/501 187/704/501 1657/705/501
f 87/706/502 1655/703/502 3971/707/502
f 1656/708/503 3971/707/503 1652/697/503
f 3971/707/504 1657/705/504 184/698/504
f 1658/709/505 190/710/505 1660/711/505
f 86/712/506 1658/709/506 3972/713/506
f 1659/714/507 3972/713/507 1655/703/507
f 3972/713/508 1660/711/508 187/704/508
f 193/715/509 1663/716/509 3973/717/509
f 1661/718/510 3973/717/510 1662/719/510
f 1662/719/511 3973/717/511 1658/709/511
f 3973/717/512 1663/716/512 190/710/512
f 196/720/513 1666/721/513 3974/722/513
f 1664/723/514 3974/722/514 1665/724/514
f 3974/722/515 1661/718/515 85/725/515
f 1666/721/516 193/715/516 1661/718/516
f 199/726/517 1669/727/517 3975/728/517
f 1667/729/518 3975/728/518 1668/730/518
f 3975/728/519 1664/723/519 84/731/519
f 1669/727/520 196/720/520 1664/723/520
f 202/732/521 1672/733/521 3976/734/521
f 1670/735/522 3976/734/522 1671/736/522
f 3976/734/523 1667/729/523 83/737/523
f 1672/733/524 199/726/524 1667/729/524
f 205/738/525 1675/739/525 3977/740/525
f 1673/741/526 3977/740/526 1674/742/526
f 3977/740/527 1670/735/527 82/743/527
f 1675/739/528 202/732/528 1670/735/528
f 208/744/529 1678/745/529 3978/746/529
f 1676/747/530 3978/746/530 1677/748/530
f 3978/746/531 1673/741/531 81/749/531
f 1678/745/532 205/738/532 1673/741/532
f 133/750/533 1680/751/533 3979/752/533
f 79/753/534 1605/754/534 3979/752/534
f 1679/755/535 3979/752/535 1676/747/535
f 1680/751/536 208/744/536 1676/747/536
f 475/600/537 1682/756/537 3980/757/537
f 1601/599/538 3980/757/538 1681/758/538
f 1681/758/539 3980/757/539 1451/347/539
f 3980/757/540 1682/756/540 477/344/540
f 257/759/541 1685/760/541 3981/761/541
f 1683/762/542 3981/761/542 1450/338/542
f 3981/761/543 1684/763/543 130/343/543
f 1685/760/544 259/764/544 1684/763/544
f 1686/765/545 255/766/545 1687/767/545
f 1686/765/546 3982/768/546 1362/165/546
f 3982/768/547 1683/762/547 105/171/547
f 3982/768/548 1687/767/548 257/759/548
f 1688/769/549 253/770/549 1690/771/549
f 1688/769/550 3983/772/550 1689/773/550
f 3983/772/551 1686/765/551 106/164/551
f 3983/772/552 1690/771/552 255/766/552
f 1691/774/553 251/775/553 1692/776/553
f 1691/774/554 3984/777/554 1366/173/554
f 3984/777/555 1688/769/555 107/179/555
f 3984/777/556 1692/776/556 253/770/556
f 1693/778/557 249/779/557 1695/780/557
f 1693/778/558 3985/781/558 1694/782/558
f 3985/781/559 1691/774/559 108/172/559
f 3985/781/560 1695/780/560 251/775/560
f 1696/783/561 247/784/561 1697/785/561
f 1696/783/562 3986/786/562 1381/202/562
f 3986/786/563 1693/778/563 109/208/563
f 3986/786/564 1697/785/564 249/779/564
f 245/787/565 1699/788/565 3987/789/565
f 111/216/566 1698/790/566 3987/789/566
f 3987/789/567 1696/783/567 110/201/567
f 3987/789/568 1699/788/568 247/784/568
f 243/791/569 1701/792/569 3988/793/569
f 112/210/570 1700/794/570 3988/793/570
f 1385/211/571 3988/793/571 1698/790/571
f 1701/792/572 245/787/572 1698/790/572
f 241/795/573 1703/796/573 3989/797/573
f 113/222/574 1702/798/574 3989/797/574
f 1390/223/575 3989/797/575 1700/794/575
f 1703/796/576 243/791/576 1700/794/576
f 239/799/577 1706/800/577 3990/801/577
f 114/802/578 1704/803/578 3990/801/578
f 1705/804/579 3990/801/579 1702/798/579
f 1706/800/580 241/795/580 1702/798/580
f 237/805/581 1709/806/581 3991/807/581
f 115/808/582 1707/809/582 3991/807/582
f 1708/810/583 3991/807/583 1704/803/583
f 1709/806/584 239/799/584 1704/803/584
f 235/811/585 1712/812/585 3992/813/585
f 116/242/586 1710/814/586 3992/813/586
f 1711/815/587 3992/813/587 1707/809/587
f 1712/812/588 237/805/588 1707/809/588
f 1713/816/589 233/817/589 1714/818/589
f 117/236/590 1713/816/590 3993/819/590
f 1398/237/591 3993/819/591 1710/814/591
f 3993/819/592 1714/818/592 235/811/592
f 231/820/593 1717/821/593 3994/822/593
f 1715/823/594 3994/822/594 1716/824/594
f 3994/822/595 1713/816/595 117/236/595
f 1717/821/596 233/817/596 1713/816/596
f 1718/825/597 229/826/597 1719/827/597
f 1718/825/598 3995/828/598 1413/265/598
f 3995/828/599 1715/823/599 118/271/599
f 3995/828/600 1719/827/600 231/820/600
f 1720/829/601 227/830/601 1721/831/601
f 1720/829/602 3996/832/602 1419/280/602
f 3996/832/603 1718/825/603 119/264/603
f 3996/832/604 1721/831/604 229/826/604
f 1722/833/605 225/834/605 1723/835/605
f 1722/833/606 3997/836/606 1417/273/606
f 3997/836/607 1720/829/607 120/279/607
f 3997/836/608 1723/835/608 227/830/608
f 1724/837/609 223/838/609 1725/839/609
f 1724/837/610 3998/840/610 1422/285/610
f 3998/840/611 1722/833/611 121/272/611
f 3998/840/612 1725/839/612 225/834/612
f 1726/841/613 221/842/613 1728/843/613
f 1726/841/614 3999/844/614 1727/845/614
f 3999/844/615 1724/837/615 122/284/615
f 3999/844/616 1728/843/616 223/838/616
f 219/846/617 1731/847/617 4000/848/617
f 124/849/618 1729/850/618 4000/848/618
f 4000/848/619 1726/841/619 123/851/619
f 4000/848/620 1731/847/620 221/842/620
f 217/852/621 1734/853/621 4001/854/621
f 125/305/622 1732/855/622 4001/854/622
f 1733/856/623 4001/854/623 1729/850/623
f 1734/853/624 219/846/624 1729/850/624
f 215/857/625 1736/858/625 4002/859/625
f 126/299/626 1735/860/626 4002/859/626
f 1430/300/627 4002/859/627 1732/855/627
f 1736/858/628 217/852/628 1732/855/628
f 213/861/629 1739/862/629 4003/863/629
f 127/331/630 1737/864/630 4003/863/630
f 1738/865/631 4003/863/631 1735/860/631
f 1739/862/632 215/857/632 1735/860/632
f 211/866/633 1741/867/633 4004/868/633
f 128/325/634 1740/869/634 4004/868/634
f 1444/326/635 4004/868/635 1737/864/635
f 1741/867/636 213/861/636 1737/864/636
f 1742/870/637 467/871/637 1744/872/637
f 1742/870/638 4005/873/638 1743/874/638
f 4005/873/639 1527/475/639 132/875/639
f 4005/873/640 1744/872/640 206/876/640
f 1745/877/641 418/878/641 1743/879/641
f 1745/877/642 4006/880/642 1746/881/642
f 4006/880/643 1598/595/643 134/882/643
f 4006/880/644 1743/879/644 132/883/644
f 1747/884/645 465/885/645 1748/886/645
f 1747/884/646 4007/887/646 1744/872/646
f 4007/887/647 1531/482/647 206/876/647
f 4007/887/648 1748/886/648 203/888/648
f 53/889/649 1751/890/649 4008/891/649
f 1749/892/650 4008/891/650 1680/751/650
f 4008/891/651 1750/893/651 208/744/651
f 1751/890/652 54/322/652 1750/893/652
f 1752/894/653 463/895/653 1753/896/653
f 1752/894/654 4009/897/654 1748/886/654
f 4009/897/655 1534/487/655 203/888/655
f 4009/897/656 1753/896/656 200/898/656
f 204/899/657 1757/900/657 4010/901/657
f 207/902/658 1754/903/658 4010/901/658
f 1755/904/659 4010/901/659 1756/905/659
f 1757/900/660 466/906/660 1756/905/660
f 1758/907/661 461/908/661 1759/909/661
f 1758/907/662 4011/910/662 1753/896/662
f 4011/910/663 1537/492/663 200/898/663
f 4011/910/664 1759/909/664 197/911/664
f 201/912/665 1762/913/665 4012/914/665
f 204/899/666 1760/915/666 4012/914/666
f 1757/900/667 4012/914/667 1761/916/667
f 1762/913/668 464/917/668 1761/916/668
f 1763/918/669 459/919/669 1764/920/669
f 1763/918/670 4013/921/670 1759/909/670
f 4013/921/671 1540/497/671 197/911/671
f 4013/921/672 1764/920/672 194/922/672
f 198/923/673 1767/924/673 4014/925/673
f 201/912/674 1765/926/674 4014/925/674
f 1762/913/675 4014/925/675 1766/927/675
f 1767/924/676 462/928/676 1766/927/676
f 1768/929/677 457/930/677 1769/931/677
f 1768/929/678 4015/932/678 1764/920/678
f 4015/932/679 1543/502/679 194/922/679
f 4015/932/680 1769/931/680 191/933/680
f 195/934/681 1772/935/681 4016/936/681
f 198/923/682 1770/937/682 4016/936/682
f 1767/924/683 4016/936/683 1771/938/683
f 1772/935/684 460/939/684 1771/938/684
f 1773/940/685 455/941/685 1774/942/685
f 1773/940/686 4017/943/686 1769/931/686
f 4017/943/687 1546/507/687 191/933/687
f 4017/943/688 1774/942/688 188/944/688
f 192/945/689 1777/946/689 4018/947/689
f 195/934/690 1775/948/690 4018/947/690
f 1772/935/691 4018/947/691 1776/949/691
f 1777/946/692 458/950/692 1776/949/692
f 1778/951/693 453/952/693 1779/953/693
f 1778/951/694 4019/954/694 1774/942/694
f 4019/954/695 1549/512/695 188/944/695
f 4019/954/696 1779/953/696 185/955/696
f 189/956/697 1782/957/697 4020/958/697
f 192/945/698 1780/959/698 4020/958/698
f 1777/946/699 4020/958/699 1781/960/699
f 1782/957/700 456/961/700 1781/960/700
f 1783/962/701 451/963/701 1784/964/701
f 1783/962/702 4021/965/702 1779/953/702
f 4021/965/703 1552/517/703 185/955/703
f 4021/965/704 1784/964/704 182/966/704
f 186/967/705 1787/968/705 4022/969/705
f 189/956/706 1785/970/706 4022/969/706
f 1782/957/707 4022/969/707 1786/971/707
f 1787/968/708 454/972/708 1786/971/708
f 1788/973/709 449/974/709 1789/975/709
f 1788/973/710 4023/976/710 1784/964/710
f 4023/976/711 1555/522/711 182/966/711
f 4023/976/712 1789/975/712 179/977/712
f 183/978/713 1792/979/713 4024/980/713
f 186/967/714 1790/981/714 4024/980/714
f 1787/968/715 4024/980/715 1791/982/715
f 1792/979/716 452/983/716 1791/982/716
f 1793/984/717 447/985/717 1794/986/717
f 1793/984/718 4025/987/718 1789/975/718
f 4025/987/719 1558/527/719 179/977/719
f 4025/987/720 1794/986/720 176/988/720
f 180/989/721 1797/990/721 4026/991/721
f 183/978/722 1795/992/722 4026/991/722
f 1792/979/723 4026/991/723 1796/993/723
f 1797/990/724 450/994/724 1796/993/724
f 1798/995/725 445/996/725 1799/997/725
f 1798/995/726 4027/998/726 1794/986/726
f 4027/998/727 1561/532/727 176/988/727
f 4027/998/728 1799/997/728 173/999/728
f 177/1000/729 1802/1001/729 4028/1002/729
f 180/989/730 1800/1003/730 4028/1002/730
f 1797/990/731 4028/1002/731 1801/1004/731
f 1802/1001/732 448/1005/732 1801/1004/732
f 1803/1006/733 443/1007/733 1804/1008/733
f 1803/1006/734 4029/1009/734 1799/997/734
f 4029/1009/735 1564/537/735 173/999/735
f 4029/1009/736 1804/1008/736 170/1010/736
f 174/1011/737 1807/1012/737 4030/1013/737
f 177/1000/738 1805/1014/738 4030/1013/738
f 1802/1001/739 4030/1013/739 1806/1015/739
f 1807/1012/740 446/1016/740 1806/1015/740
f 1808/1017/741 441/1018/741 1809/1019/741
f 1808/1017/742 4031/1020/742 1804/1008/742
f 4031/1020/743 1567/542/743 170/1010/743
f 4031/1020/744 1809/1019/744 167/1021/744
f 171/1022/745 1812/1023/745 4032/1024/745
f 174/1011/746 1810/1025/746 4032/1024/746
f 1807/1012/747 4032/1024/747 1811/1026/747
f 1812/1023/748 444/1027/748 1811/1026/748
f 1813/1028/749 439/1029/749 1814/1030/749
f 1813/1028/750 4033/1031/750 1809/1019/750
f 4033/1031/751 1570/547/751 167/1021/751
f 4033/1031/752 1814/1030/752 164/1032/752
f 168/1033/753 1817/1034/753 4034/1035/753
f 171/1022/754 1815/1036/754 4034/1035/754
f 1812/1023/755 4034/1035/755 1816/1037/755
f 1817/1034/756 442/1038/756 1816/1037/756
f 1818/1039/757 437/1040/757 1819/1041/757
f 1818/1039/758 4035/1042/758 1814/1030/758
f 4035/1042/759 1573/552/759 164/1032/759
f 4035/1042/760 1819/1041/760 161/1043/760
f 165/1044/761 1822/1045/761 4036/1046/761
f 168/1033/762 1820/1047/762 4036/1046/762
f 1817/1034/763 4036/1046/763 1821/1048/763
f 1822/1045/764 440/1049/764 1821/1048/764
f 1823/1050/765 435/1051/765 1824/1052/765
f 1823/1050/766 4037/1053/766 1819/1041/766
f 4037/1053/767 1576/557/767 161/1043/767
f 4037/1053/768 1824/1052/768 158/1054/768
f 162/1055/769 1827/1056/769 4038/1057/769
f 165/1044/770 1825/1058/770 4038/1057/770
f 1822/1045/771 4038/1057/771 1826/1059/771
f 1827/1056/772 438/1060/772 1826/1059/772
f 1828/1061/773 433/1062/773 1829/1063/773
f 1828/1061/774 4039/1064/774 1824/1052/774
f 4039/1064/775 1579/562/775 158/1054/775
f 4039/1064/776 1829/1063/776 155/1065/776
f 159/1066/777 1832/1067/777 4040/1068/777
f 162/1055/778 1830/1069/778 4040/1068/778
f 1827/1056/779 4040/1068/779 1831/1070/779
f 1832/1067/780 436/1071/780 1831/1070/780
f 1833/1072/781 431/1073/781 1834/1074/781
f 1833/1072/782 4041/1075/782 1829/1063/782
f 4041/1075/783 1582/567/783 155/1065/783
f 4041/1075/784 1834/1074/784 152/1076/784
f 156/1077/785 1837/1078/785 4042/1079/785
f 159/1066/786 1835/1080/786 4042/1079/786
f 1832/1067/787 4042/1079/787 1836/1081/787
f 1837/1078/788 434/1082/788 1836/1081/788
f 1838/1083/789 429/1084/789 1839/1085/789
f 1838/1083/790 4043/1086/790 1834/1074/790
f 4043/1086/791 1585/572/791 152/1076/791
f 4043/1086/792 1839/1085/792 149/1087/792
f 153/1088/793 1842/1089/793 4044/1090/793
f 156/1077/794 1840/1091/794 4044/1090/794
f 1837/1078/795 4044/1090/795 1841/1092/795
f 1842/1089/796 432/1093/796 1841/1092/796
f 1843/1094/797 427/1095/797 1844/1096/797
f 1843/1094/798 4045/1097/798 1839/1085/798
f 4045/1097/799 1588/577/799 149/1087/799
f 4045/1097/800 1844/1096/800 146/1098/800
f 150/1099/801 1847/1100/801 4046/1101/801
f 153/1088/802 1845/1102/802 4046/1101/802
f 1842/1089/803 4046/1101/803 1846/1103/803
f 1847/1100/804 430/1104/804 1846/1103/804
f 1848/1105/805 425/1106/805 1849/1107/805
f 1848/1105/806 4047/1108/806 1844/1096/806
f 4047/1108/807 1591/582/807 146/1098/807
f 4047/1108/808 1849/1107/808 143/1109/808
f 147/1110/809 1852/1111/809 4048/1112/809
f 150/1099/810 1850/1113/810 4048/1112/810
f 1847/1100/811 4048/1112/811 1851/1114/811
f 1852/1111/812 428/1115/812 1851/1114/812
f 1853/1116/813 423/1117/813 1854/1118/813
f 1853/1116/814 4049/1119/814 1849/1107/814
f 4049/1119/815 1594/587/815 143/1109/815
f 4049/1119/816 1854/1118/816 140/1120/816
f 144/1121/817 1857/1122/817 4050/1123/817
f 147/1110/818 1855/1124/818 4050/1123/818
f 1852/1111/819 4050/1123/819 1856/1125/819
f 1857/1122/820 426/1126/820 1856/1125/820
f 1858/1127/821 421/1128/821 1859/1129/821
f 1858/1127/822 4051/1130/822 1854/1118/822
f 4051/1130/823 1596/590/823 140/1120/823
f 4051/1130/824 1859/1129/824 137/1131/824
f 141/1132/825 1862/1133/825 4052/1134/825
f 144/1121/826 1860/1135/826 4052/1134/826
f 1857/1122/827 4052/1134/827 1861/1136/827
f 1862/1133/828 424/1137/828 1861/1136/828
f 1863/1138/829 419/1139/829 1746/881/829
f 1863/1138/830 4053/1140/830 1859/1129/830
f 4053/1140/831 1523/468/831 137/1131/831
f 4053/1140/832 1746/881/832 134/882/832
f 138/1141/833 1866/1142/833 4054/1143/833
f 141/1132/834 1864/1144/834 4054/1143/834
f 1862/1133/835 4054/1143/835 1865/1145/835
f 1866/1142/836 422/1146/836 1865/1145/836
f 207/902/837 1755/904/837 4055/1147/837
f 131/1148/838 1867/1149/838 4055/1147/838
f 1868/1150/839 4055/1147/839 1869/1151/839
f 1755/904/840 468/1152/840 1869/1151/840
f 135/1153/841 1872/1154/841 4056/1155/841
f 138/1141/842 1870/1156/842 4056/1155/842
f 1866/1142/843 4056/1155/843 1871/1157/843
f 1872/1154/844 420/1158/844 1871/1157/844
f 131/1159/845 1876/1160/845 4057/1161/845
f 1873/1162/846 4057/1161/846 1874/1163/846
f 4057/1161/847 1875/1164/847 210/1165/847
f 1876/1160/848 135/1153/848 1875/1164/848
f 1684/1166/849 259/1167/849 1879/1168/849
f 130/1169/850 1684/1166/850 4058/1170/850
f 1877/1171/851 4058/1170/851 1878/1172/851
f 4058/1170/852 1879/1168/852 209/1173/852
f 1880/1174/853 264/1175/853 1883/1176/853
f 78/1177/854 1880/1174/854 4059/1178/854
f 4059/1178/855 1882/1179/855 53/1180/855
f 1883/1176/856 262/1181/856 1882/1179/856
f 107/179/857 1689/773/857 4060/1182/857
f 1365/177/858 4060/1182/858 1884/1183/858
f 4060/1182/859 1359/167/859 292/1184/859
f 1689/773/860 106/164/860 1359/167/860
f 1436/316/861 285/318/861 1887/1185/861
f 57/317/862 1436/316/862 4061/1186/862
f 4061/1186/863 1886/1187/863 58/1188/863
f 1887/1185/864 318/1189/864 1886/1187/864
f 1443/330/865 127/331/865 1738/865/865
f 313/1190/866 1443/330/866 4062/1191/866
f 1888/1192/867 4062/1191/867 1427/298/867
f 4062/1191/868 1738/865/868 126/299/868
f 1886/1187/869 318/1189/869 1890/1193/869
f 58/1188/870 1886/1187/870 4063/1194/870
f 4063/1194/871 1423/290/871 59/293/871
f 1890/1193/872 309/291/872 1423/290/872
f 1425/295/873 282/297/873 1893/1195/873
f 60/296/874 1425/295/874 4064/1196/874
f 4064/1196/875 1892/1197/875 61/1198/875
f 1893/1195/876 321/1199/876 1892/1197/876
f 1894/1200/877 124/849/877 1730/1201/877
f 310/1202/878 1894/1200/878 4065/1203/878
f 4065/1203/879 1896/1204/879 283/1205/879
f 1730/1201/880 123/851/880 1896/1204/880
f 1429/304/881 125/305/881 1733/856/881
f 319/1206/882 1429/304/882 4066/1207/882
f 1897/1208/883 4066/1207/883 1894/1200/883
f 4066/1207/884 1733/856/884 124/849/884
f 123/851/885 1727/845/885 4067/1209/885
f 1896/1204/886 4067/1209/886 1898/1210/886
f 4067/1209/887 1420/287/887 322/1211/887
f 1727/845/888 122/284/888 1420/287/888
f 1408/261/889 279/263/889 1900/1212/889
f 63/262/890 1408/261/890 4068/1213/890
f 4068/1213/891 1399/243/891 64/246/891
f 1900/1212/892 324/244/892 1399/243/892
f 1892/1197/893 321/1199/893 1902/1214/893
f 61/1198/894 1892/1197/894 4069/1215/894
f 4069/1215/895 1406/256/895 62/259/895
f 1902/1214/896 306/257/896 1406/256/896
f 1404/253/897 276/255/897 1905/1216/897
f 66/254/898 1404/253/898 4070/1217/898
f 4070/1217/899 1904/1218/899 67/1219/899
f 1905/1216/900 327/1220/900 1904/1218/900
f 118/271/901 1716/824/901 4071/1221/901
f 1412/269/902 4071/1221/902 1906/1222/902
f 4071/1221/903 1395/235/903 277/238/903
f 1716/824/904 117/236/904 1395/235/904
f 1904/1218/905 327/1220/905 1908/1223/905
f 67/1219/906 1904/1218/906 4072/1224/906
f 4072/1224/907 1391/227/907 68/230/907
f 1908/1223/908 300/228/908 1391/227/908
f 1393/232/909 273/234/909 1911/1225/909
f 69/233/910 1393/232/910 4073/1226/910
f 4073/1226/911 1910/1227/911 70/1228/911
f 1911/1225/912 330/1229/912 1910/1227/912
f 1912/1230/913 115/808/913 1708/810/913
f 301/1231/914 1912/1230/914 4074/1232/914
f 1913/1233/915 4074/1232/915 1914/1234/915
f 4074/1232/916 1708/810/916 114/802/916
f 1397/241/917 116/242/917 1711/815/917
f 328/1235/918 1397/241/918 4075/1236/918
f 1915/1237/919 4075/1236/919 1912/1230/919
f 4075/1236/920 1711/815/920 115/808/920
f 1914/1234/921 114/802/921 1705/804/921
f 274/1238/922 1914/1234/922 4076/1239/922
f 1916/1240/923 4076/1239/923 1388/221/923
f 4076/1239/924 1705/804/924 113/222/924
f 1376/198/925 270/200/925 1918/1241/925
f 72/199/926 1376/198/926 4077/1242/926
f 4077/1242/927 1367/180/927 73/183/927
f 1918/1241/928 333/181/928 1367/180/928
f 1910/1227/929 330/1229/929 1920/1243/929
f 70/1228/930 1910/1227/930 4078/1244/930
f 4078/1244/931 1374/193/931 71/196/931
f 1920/1243/932 297/194/932 1374/193/932
f 1372/190/933 267/192/933 1923/1245/933
f 75/191/934 1372/190/934 4079/1246/934
f 4079/1246/935 1922/1247/935 76/1248/935
f 1923/1245/936 336/1249/936 1922/1247/936
f 109/208/937 1694/782/937 4080/1250/937
f 1380/206/938 4080/1250/938 1924/1251/938
f 4080/1250/939 1363/175/939 268/1252/939
f 1694/782/940 108/172/940 1363/175/940
f 1922/1247/941 336/1249/941 1927/1253/941
f 76/1248/942 1922/1247/942 4081/1254/942
f 4081/1254/943 1926/1255/943 77/1256/943
f 1927/1253/944 291/1257/944 1926/1255/944
f 1926/1255/945 291/1257/945 1929/1258/945
f 77/1256/946 1926/1255/946 4082/1259/946
f 4082/1259/947 1880/1174/947 78/1177/947
f 1929/1258/948 264/1175/948 1880/1174/948
f 1449/1260/949 130/1169/949 1877/1171/949
f 261/1261/950 1449/1260/950 4083/1262/950
f 1930/1263/951 4083/1262/951 1445/332/951
f 4083/1262/952 1877/1171/952 129/333/952
f 1879/1168/953 259/1167/953 1932/1264/953
f 209/1173/954 1879/1168/954 4084/1265/954
f 1931/1266/955 4084/1265/955 1874/1163/955
f 4084/1265/956 1932/1264/956 260/1267/956
f 135/1153/957 1870/1156/957 4085/1268/957
f 1875/1164/958 4085/1268/958 1933/1269/958
f 4085/1268/959 1934/1270/959 212/1271/959
f 1870/1156/960 138/1141/960 1934/1270/960
f 1935/1272/961 209/1173/961 1931/1266/961
f 211/866/962 1935/1272/962 4086/1273/962
f 1936/1274/963 4086/1273/963 1933/1269/963
f 4086/1273/964 1931/1266/964 210/1165/964
f 138/1141/965 1864/1144/965 4087/1275/965
f 1934/1270/966 4087/1275/966 1937/1276/966
f 4087/1275/967 1938/1277/967 214/1278/967
f 1864/1144/968 141/1132/968 1938/1277/968
f 1741/867/969 211/866/969 1936/1274/969
f 213/861/970 1741/867/970 4088/1279/970
f 1939/1280/971 4088/1279/971 1937/1276/971
f 4088/1279/972 1936/1274/972 212/1271/972
f 141/1132/973 1860/1135/973 4089/1281/973
f 1938/1277/974 4089/1281/974 1940/1282/974
f 4089/1281/975 1941/1283/975 216/1284/975
f 1860/1135/976 144/1121/976 1941/1283/976
f 1739/862/977 213/861/977 1939/1280/977
f 215/857/978 1739/862/978 4090/1285/978
f 1942/1286/979 4090/1285/979 1940/1282/979
f 4090/1285/980 1939/1280/980 214/1278/980
f 144/1121/981 1855/1124/981 4091/1287/981
f 1941/1283/982 4091/1287/982 1943/1288/982
f 4091/1287/983 1944/1289/983 218/1290/983
f 1855/1124/984 147/1110/984 1944/1289/984
f 1736/858/985 215/857/985 1942/1286/985
f 217/852/986 1736/858/986 4092/1291/986
f 1945/1292/987 4092/1291/987 1943/1288/987
f 4092/1291/988 1942/1286/988 216/1284/988
f 147/1110/989 1850/1113/989 4093/1293/989
f 1944/1289/990 4093/1293/990 1946/1294/990
f 4093/1293/991 1947/1295/991 220/1296/991
f 1850/1113/992 150/1099/992 1947/1295/992
f 1734/853/993 217/852/993 1945/1292/993
f 219/846/994 1734/853/994 4094/1297/994
f 1948/1298/995 4094/1297/995 1946/1294/995
f 4094/1297/996 1945/1292/996 218/1290/996
f 150/1099/997 1845/1102/997 4095/1299/997
f 1947/1295/998 4095/1299/998 1949/1300/998
f 1949/1300/999 4095/1299/999 1950/1301/999
f 4095/1299/1000 1845/1102/1000 153/1088/1000
f 1731/847/1001 219/846/1001 1948/1298/1001
f 1731/847/1002 4096/1302/1002 1951/1303/1002
f 4096/1302/1003 1949/1300/1003 222/1304/1003
f 4096/1302/1004 1948/1298/1004 220/1296/1004
f 1950/1301/1005 153/1088/1005 1840/1091/1005
f 222/1304/1006 1950/1301/1006 4097/1305/1006
f 1952/1306/1007 4097/1305/1007 1953/1307/1007
f 4097/1305/1008 1840/1091/1008 156/1077/1008
f 221/842/1009 1951/1303/1009 4098/1308/1009
f 1728/843/1010 4098/1308/1010 1954/1309/1010
f 4098/1308/1011 1952/1306/1011 224/1310/1011
f 1951/1303/1012 222/1304/1012 1952/1306/1012
f 1953/1307/1013 156/1077/1013 1835/1080/1013
f 224/1310/1014 1953/1307/1014 4099/1311/1014
f 1955/1312/1015 4099/1311/1015 1956/1313/1015
f 4099/1311/1016 1835/1080/1016 159/1066/1016
f 223/838/1017 1954/1309/1017 4100/1314/1017
f 1725/839/1018 4100/1314/1018 1957/1315/1018
f 4100/1314/1019 1955/1312/1019 226/1316/1019
f 1954/1309/1020 224/1310/1020 1955/1312/1020
f 1956/1313/1021 159/1066/1021 1830/1069/1021
f 226/1316/1022 1956/1313/1022 4101/1317/1022
f 1958/1318/1023 4101/1317/1023 1959/1319/1023
f 4101/1317/1024 1830/1069/1024 162/1055/1024
f 225/834/1025 1957/1315/1025 4102/1320/1025
f 1723/835/1026 4102/1320/1026 1960/1321/1026
f 4102/1320/1027 1958/1318/1027 228/1322/1027
f 1957/1315/1028 226/1316/1028 1958/1318/1028
f 1959/1319/1029 162/1055/1029 1825/1058/1029
f 228/1322/1030 1959/1319/1030 4103/1323/1030
f 1961/1324/1031 4103/1323/1031 1962/1325/1031
f 4103/1323/1032 1825/1058/1032 165/1044/1032
f 227/830/1033 1960/1321/1033 4104/1326/1033
f 1721/831/1034 4104/1326/1034 1963/1327/1034
f 4104/1326/1035 1961/1324/1035 230/1328/1035
f 1960/1321/1036 228/1322/1036 1961/1324/1036
f 1962/1325/1037 165/1044/1037 1820/1047/1037
f 230/1328/1038 1962/1325/1038 4105/1329/1038
f 1964/1330/1039 4105/1329/1039 1965/1331/1039
f 4105/1329/1040 1820/1047/1040 168/1033/1040
f 229/826/1041 1963/1327/1041 4106/1332/1041
f 1719/827/1042 4106/1332/1042 1966/1333/1042
f 4106/1332/1043 1964/1330/1043 232/1334/1043
f 1963/1327/1044 230/1328/1044 1964/1330/1044
f 1965/1331/1045 168/1033/1045 1815/1036/1045
f 232/1334/1046 1965/1331/1046 4107/1335/1046
f 1967/1336/1047 4107/1335/1047 1968/1337/1047
f 4107/1335/1048 1815/1036/1048 171/1022/1048
f 231/820/1049 1966/1333/1049 4108/1338/1049
f 1717/821/1050 4108/1338/1050 1969/1339/1050
f 4108/1338/1051 1967/1336/1051 234/1340/1051
f 1966/1333/1052 232/1334/1052 1967/1336/1052
f 171/1022/1053 1810/1025/1053 4109/1341/1053
f 1968/1337/1054 4109/1341/1054 1970/1342/1054
f 4109/1341/1055 1971/1343/1055 236/1344/1055
f 1810/1025/1056 174/1011/1056 1971/1343/1056
f 1714/818/1057 233/817/1057 1969/1339/1057
f 235/811/1058 1714/818/1058 4110/1345/1058
f 1972/1346/1059 4110/1345/1059 1970/1342/1059
f 4110/1345/1060 1969/1339/1060 234/1340/1060
f 174/1011/1061 1805/1014/1061 4111/1347/1061
f 1971/1343/1062 4111/1347/1062 1973/1348/1062
f 4111/1347/1063 1974/1349/1063 238/1350/1063
f 1805/1014/1064 177/1000/1064 1974/1349/1064
f 1712/812/1065 235/811/1065 1972/1346/1065
f 237/805/1066 1712/812/1066 4112/1351/1066
f 1975/1352/1067 4112/1351/1067 1973/1348/1067
f 4112/1351/1068 1972/1346/1068 236/1344/1068
f 177/1000/1069 1800/1003/1069 4113/1353/1069
f 1974/1349/1070 4113/1353/1070 1976/1354/1070
f 4113/1353/1071 1977/1355/1071 240/1356/1071
f 1800/1003/1072 180/989/1072 1977/1355/1072
f 1709/806/1073 237/805/1073 1975/1352/1073
f 239/799/1074 1709/806/1074 4114/1357/1074
f 1978/1358/1075 4114/1357/1075 1976/1354/1075
f 4114/1357/1076 1975/1352/1076 238/1350/1076
f 180/989/1077 1795/992/1077 4115/1359/1077
f 1977/1355/1078 4115/1359/1078 1979/1360/1078
f 4115/1359/1079 1980/1361/1079 242/1362/1079
f 1795/992/1080 183/978/1080 1980/1361/1080
f 1706/800/1081 239/799/1081 1978/1358/1081
f 241/795/1082 1706/800/1082 4116/1363/1082
f 1981/1364/1083 4116/1363/1083 1979/1360/1083
f 4116/1363/1084 1978/1358/1084 240/1356/1084
f 183/978/1085 1790/981/1085 4117/1365/1085
f 1980/1361/1086 4117/1365/1086 1982/1366/1086
f 4117/1365/1087 1983/1367/1087 244/1368/1087
f 1790/981/1088 186/967/1088 1983/1367/1088
f 1703/796/1089 241/795/1089 1981/1364/1089
f 243/791/1090 1703/796/1090 4118/1369/1090
f 1984/1370/1091 4118/1369/1091 1982/1366/1091
f 4118/1369/1092 1981/1364/1092 242/1362/1092
f 186/967/1093 1785/970/1093 4119/1371/1093
f 1983/1367/1094 4119/1371/1094 1985/1372/1094
f 4119/1371/1095 1986/1373/1095 246/1374/1095
f 1785/970/1096 189/956/1096 1986/1373/1096
f 1701/792/1097 243/791/1097 1984/1370/1097
f 245/787/1098 1701/792/1098 4120/1375/1098
f 1987/1376/1099 4120/1375/1099 1985/1372/1099
f 4120/1375/1100 1984/1370/1100 244/1368/1100
f 189/956/1101 1780/959/1101 4121/1377/1101
f 1986/1373/1102 4121/1377/1102 1988/1378/1102
f 1988/1378/1103 4121/1377/1103 1989/1379/1103
f 4121/1377/1104 1780/959/1104 192/945/1104
f 1699/788/1105 245/787/1105 1987/1376/1105
f 1699/788/1106 4122/1380/1106 1990/1381/1106
f 4122/1380/1107 1988/1378/1107 248/1382/1107
f 4122/1380/1108 1987/1376/1108 246/1374/1108
f 1989/1379/1109 192/945/1109 1775/948/1109
f 248/1382/1110 1989/1379/1110 4123/1383/1110
f 1991/1384/1111 4123/1383/1111 1992/1385/1111
f 4123/1383/1112 1775/948/1112 195/934/1112
f 247/784/1113 1990/1381/1113 4124/1386/1113
f 1697/785/1114 4124/1386/1114 1993/1387/1114
f 4124/1386/1115 1991/1384/1115 250/1388/1115
f 1990/1381/1116 248/1382/1116 1991/1384/1116
f 1992/1385/1117 195/934/1117 1770/937/1117
f 250/1388/1118 1992/1385/1118 4125/1389/1118
f 1994/1390/1119 4125/1389/1119 1995/1391/1119
f 4125/1389/1120 1770/937/1120 198/923/1120
f 249/779/1121 1993/1387/1121 4126/1392/1121
f 1695/780/1122 4126/1392/1122 1996/1393/1122
f 4126/1392/1123 1994/1390/1123 252/1394/1123
f 1993/1387/1124 250/1388/1124 1994/1390/1124
f 1995/1391/1125 198/923/1125 1765/926/1125
f 252/1394/1126 1995/1391/1126 4127/1395/1126
f 1997/1396/1127 4127/1395/1127 1998/1397/1127
f 4127/1395/1128 1765/926/1128 201/912/1128
f 251/775/1129 1996/1393/1129 4128/1398/1129
f 1692/776/1130 4128/1398/1130 1999/1399/1130
f 4128/1398/1131 1997/1396/1131 254/1400/1131
f 1996/1393/1132 252/1394/1132 1997/1396/1132
f 1998/1397/1133 201/912/1133 1760/915/1133
f 254/1400/1134 1998/1397/1134 4129/1401/1134
f 2000/1402/1135 4129/1401/1135 2001/1403/1135
f 4129/1401/1136 1760/915/1136 204/899/1136
f 253/770/1137 1999/1399/1137 4130/1404/1137
f 1690/771/1138 4130/1404/1138 2002/1405/1138
f 4130/1404/1139 2000/1402/1139 256/1406/1139
f 1999/1399/1140 254/1400/1140 2000/1402/1140
f 2001/1403/1141 204/899/1141 1754/903/1141
f 256/1406/1142 2001/1403/1142 4131/1407/1142
f 2003/1408/1143 4131/1407/1143 2004/1409/1143
f 4131/1407/1144 1754/903/1144 207/902/1144
f 255/766/1145 2002/1405/1145 4132/1410/1145
f 1687/767/1146 4132/1410/1146 2005/1411/1146
f 4132/1410/1147 2003/1408/1147 258/1412/1147
f 2002/1405/1148 256/1406/1148 2003/1408/1148
f 2004/1409/1149 207/902/1149 1867/1149/1149
f 258/1412/1150 2004/1409/1150 4133/1413/1150
f 2006/1414/1151 4133/1413/1151 1873/1415/1151
f 4133/1413/1152 1867/1149/1152 131/1148/1152
f 257/759/1153 2005/1411/1153 4134/1416/1153
f 1685/760/1154 4134/1416/1154 1932/1417/1154
f 4134/1416/1155 2006/1414/1155 260/1418/1155
f 2005/1411/1156 258/1412/1156 2006/1414/1156
f 209/1173/1157 1935/1272/1157 4135/1419/1157
f 129/333/1158 1878/1172/1158 4135/1419/1158
f 1447/334/1159 4135/1419/1159 1740/869/1159
f 1935/1272/1160 211/866/1160 1740/869/1160
f 262/1420/1161 2010/1421/1161 4136/1422/1161
f 288/320/1162 2007/1423/1162 4136/1422/1162
f 2008/1424/1163 4136/1422/1163 2009/1425/1163
f 2010/1421/1164 263/1426/1164 2009/1425/1164
f 263/1426/1165 2012/1427/1165 4137/1428/1165
f 2009/1425/1166 4137/1428/1166 2011/1429/1166
f 4137/1428/1167 1930/1430/1167 289/1431/1167
f 2012/1427/1168 261/1432/1168 1930/1430/1168
f 288/320/1169 2008/1424/1169 4138/1433/1169
f 315/307/1170 1440/321/1170 4138/1433/1170
f 2013/1434/1171 4138/1433/1171 2014/1435/1171
f 2008/1424/1172 290/1436/1172 2014/1435/1172
f 290/1436/1173 2011/1429/1173 4139/1437/1173
f 2014/1435/1174 4139/1437/1174 2015/1438/1174
f 4139/1437/1175 1446/1439/1175 316/1440/1175
f 2011/1429/1176 289/1431/1176 1446/1439/1176
f 315/307/1177 2013/1434/1177 4140/1441/1177
f 312/313/1178 1434/308/1178 4140/1441/1178
f 2016/1442/1179 4140/1441/1179 2017/1443/1179
f 2013/1434/1180 317/1444/1180 2017/1443/1180
f 317/1444/1181 2015/1438/1181 4141/1445/1181
f 2017/1443/1182 4141/1445/1182 2018/1446/1182
f 4141/1445/1183 1442/1447/1183 313/1448/1183
f 2015/1438/1184 316/1440/1184 1442/1447/1184
f 312/313/1185 2016/1442/1185 4142/1449/1185
f 285/318/1186 1437/314/1186 4142/1449/1186
f 2019/1450/1187 4142/1449/1187 2020/1451/1187
f 2016/1442/1188 314/1452/1188 2020/1451/1188
f 314/1452/1189 2018/1446/1189 4143/1453/1189
f 2020/1451/1190 4143/1453/1190 2021/1454/1190
f 4143/1453/1191 1888/1455/1191 286/1456/1191
f 2018/1446/1192 313/1448/1192 1888/1455/1192
f 285/318/1193 2019/1450/1193 4144/1457/1193
f 318/1189/1194 1887/1185/1194 4144/1457/1194
f 2022/1458/1195 4144/1457/1195 2023/1459/1195
f 2019/1450/1196 287/1460/1196 2023/1459/1196
f 287/1460/1197 2021/1454/1197 4145/1461/1197
f 2023/1459/1198 4145/1461/1198 2024/1462/1198
f 4145/1461/1199 1428/1463/1199 319/1464/1199
f 2021/1454/1200 286/1456/1200 1428/1463/1200
f 318/1189/1201 2022/1458/1201 4146/1465/1201
f 309/291/1202 1890/1193/1202 4146/1465/1202
f 2025/1466/1203 4146/1465/1203 2026/1467/1203
f 2022/1458/1204 320/1468/1204 2026/1467/1204
f 320/1468/1205 2024/1462/1205 4147/1469/1205
f 2026/1467/1206 4147/1469/1206 2027/1470/1206
f 4147/1469/1207 1897/1471/1207 310/1472/1207
f 2024/1462/1208 319/1464/1208 1897/1471/1208
f 309/291/1209 2025/1466/1209 4148/1473/1209
f 282/297/1210 1426/292/1210 4148/1473/1210
f 2028/1474/1211 4148/1473/1211 2029/1475/1211
f 2025/1466/1212 311/1476/1212 2029/1475/1212
f 311/1476/1213 2027/1470/1213 4149/1477/1213
f 284/1478/1214 2029/1475/1214 4149/1477/1214
f 2030/1479/1215 4149/1477/1215 1895/1480/1215
f 2027/1470/1216 310/1472/1216 1895/1480/1216
f 282/297/1217 2028/1474/1217 4150/1481/1217
f 321/1199/1218 1893/1195/1218 4150/1481/1218
f 2031/1482/1219 4150/1481/1219 2032/1483/1219
f 2028/1474/1220 284/1478/1220 2032/1483/1220
f 2032/1483/1221 284/1478/1221 2030/1479/1221
f 323/1484/1222 2032/1483/1222 4151/1485/1222
f 2033/1486/1223 4151/1485/1223 1898/1487/1223
f 4151/1485/1224 2030/1479/1224 283/1488/1224
f 321/1199/1225 2031/1482/1225 4152/1489/1225
f 306/257/1226 1902/1214/1226 4152/1489/1226
f 2034/1490/1227 4152/1489/1227 2035/1491/1227
f 2031/1482/1228 323/1484/1228 2035/1491/1228
f 2035/1491/1229 323/1484/1229 2033/1486/1229
f 308/1492/1230 2035/1491/1230 4153/1493/1230
f 2036/1494/1231 4153/1493/1231 1421/1495/1231
f 4153/1493/1232 2033/1486/1232 322/1496/1232
f 306/257/1233 2034/1490/1233 4154/1497/1233
f 279/263/1234 1409/258/1234 4154/1497/1234
f 2037/1498/1235 4154/1497/1235 2038/1499/1235
f 2034/1490/1236 308/1492/1236 2038/1499/1236
f 2038/1499/1237 308/1492/1237 2036/1494/1237
f 281/1500/1238 2038/1499/1238 4155/1501/1238
f 2039/1502/1239 4155/1501/1239 1415/1503/1239
f 4155/1501/1240 2036/1494/1240 307/1504/1240
f 279/263/1241 2037/1498/1241 4156/1505/1241
f 324/244/1242 1900/1212/1242 4156/1505/1242
f 2040/1506/1243 4156/1505/1243 2041/1507/1243
f 2037/1498/1244 281/1500/1244 2041/1507/1244
f 2041/1507/1245 281/1500/1245 2039/1502/1245
f 326/1508/1246 2041/1507/1246 4157/1509/1246
f 2042/1510/1247 4157/1509/1247 1418/1511/1247
f 4157/1509/1248 2039/1502/1248 280/1512/1248
f 324/244/1249 2040/1506/1249 4158/1513/1249
f 303/250/1250 1402/245/1250 4158/1513/1250
f 2043/1514/1251 4158/1513/1251 2044/1515/1251
f 2040/1506/1252 326/1508/1252 2044/1515/1252
f 2044/1515/1253 326/1508/1253 2042/1510/1253
f 305/1516/1254 2044/1515/1254 4159/1517/1254
f 2045/1518/1255 4159/1517/1255 1411/1519/1255
f 4159/1517/1256 2042/1510/1256 325/1520/1256
f 303/250/1257 2043/1514/1257 4160/1521/1257
f 276/255/1258 1405/251/1259 4160/1521/1258
f 2046/1522/1260 4160/1521/1260 2047/1523/1260
f 2043/1514/1261 305/1516/1261 2047/1523/1261
f 2047/1523/1262 305/1516/1262 2045/1518/1262
f 278/1524/1263 2047/1523/1263 4161/1525/1263
f 2048/1526/1264 4161/1525/1264 1906/1527/1264
f 4161/1525/1265 2045/1518/1265 304/1528/1265
f 276/255/1266 2046/1522/1266 4162/1529/1266
f 327/1220/1267 1905/1216/1267 4162/1529/1267
f 2049/1530/1268 4162/1529/1268 2050/1531/1268
f 2046/1522/1269 278/1524/1269 2050/1531/1269
f 278/1524/1270 2048/1526/1270 4163/1532/1270
f 2050/1531/1271 4163/1532/1271 2051/1533/1271
f 4163/1532/1272 1396/1534/1272 328/1535/1272
f 2048/1526/1273 277/1536/1273 1396/1534/1273
f 327/1220/1274 2049/1530/1274 4164/1537/1274
f 300/228/1275 1908/1223/1275 4164/1537/1275
f 2052/1538/1276 4164/1537/1276 2053/1539/1276
f 2049/1530/1277 329/1540/1277 2053/1539/1277
f 329/1540/1278 2051/1533/1278 4165/1541/1278
f 2053/1539/1279 4165/1541/1279 2054/1542/1279
f 4165/1541/1280 1915/1543/1280 301/1544/1280
f 2051/1533/1281 328/1535/1281 1915/1543/1281
f 300/228/1282 2052/1538/1282 4166/1545/1282
f 273/234/1283 1394/229/1283 4166/1545/1283
f 2055/1546/1284 4166/1545/1284 2056/1547/1284
f 2052/1538/1285 302/1548/1285 2056/1547/1285
f 302/1548/1286 2054/1542/1286 4167/1549/1286
f 2056/1547/1287 4167/1549/1287 2057/1550/1287
f 4167/1549/1288 1913/1551/1288 274/1552/1288
f 2054/1542/1289 301/1544/1289 1913/1551/1289
f 273/234/1290 2055/1546/1290 4168/1553/1290
f 330/1229/1291 1911/1225/1291 4168/1553/1291
f 2058/1554/1292 4168/1553/1292 2059/1555/1292
f 2055/1546/1293 275/1556/1293 2059/1555/1293
f 275/1556/1294 2057/1550/1294 4169/1557/1294
f 2059/1555/1295 4169/1557/1295 2060/1558/1295
f 4169/1557/1296 1916/1559/1296 331/1560/1296
f 2057/1550/1297 274/1552/1297 1916/1559/1297
f 330/1229/1298 2058/1554/1298 4170/1561/1298
f 297/194/1299 1920/1243/1299 4170/1561/1299
f 2061/1562/1300 4170/1561/1300 2062/1563/1300
f 2058/1554/1301 332/1564/1301 2062/1563/1301
f 332/1564/1302 2060/1558/1302 4171/1565/1302
f 2062/1563/1303 4171/1565/1303 2063/1566/1303
f 4171/1565/1304 1389/1567/1304 298/1568/1304
f 2060/1558/1305 331/1560/1305 1389/1567/1305
f 297/194/1306 2061/1562/1306 4172/1569/1306
f 270/200/1307 1377/195/1307 4172/1569/1307
f 2064/1570/1308 4172/1569/1308 2065/1571/1308
f 2061/1562/1309 299/1572/1309 2065/1571/1309
f 299/1572/1310 2063/1566/1310 4173/1573/1310
f 2065/1571/1311 4173/1573/1311 2066/1574/1311
f 4173/1573/1312 1383/1575/1312 271/1576/1312
f 2063/1566/1313 298/1568/1313 1383/1575/1313
f 270/200/1314 2064/1570/1314 4174/1577/1314
f 333/181/1315 1918/1241/1315 4174/1577/1315
f 2067/1578/1316 4174/1577/1316 2068/1579/1316
f 2064/1570/1317 272/1580/1317 2068/1579/1317
f 272/1580/1318 2066/1574/1318 4175/1581/1318
f 335/1582/1319 2068/1579/1319 4175/1581/1319
f 2069/1583/1320 4175/1581/1320 1386/1584/1320
f 2066/1574/1321 271/1576/1321 1386/1584/1321
f 333/181/1322 2067/1578/1322 4176/1585/1322
f 294/187/1323 1370/182/1323 4176/1585/1323
f 2070/1586/1324 4176/1585/1324 2071/1587/1324
f 2067/1578/1325 335/1582/1325 2071/1587/1325
f 2071/1587/1326 335/1582/1326 2069/1583/1326
f 296/1588/1327 2071/1587/1327 4177/1589/1327
f 2072/1590/1328 4177/1589/1328 1379/1591/1328
f 4177/1589/1329 2069/1583/1329 334/1592/1329
f 294/187/1330 2070/1586/1330 4178/1593/1330
f 267/192/1331 1373/188/1331 4178/1593/1331
f 2073/1594/1332 4178/1593/1332 2074/1595/1332
f 2070/1586/1333 296/1588/1333 2074/1595/1333
f 2074/1595/1334 296/1588/1334 2072/1590/1334
f 269/1596/1335 2074/1595/1335 4179/1597/1335
f 2075/1598/1336 4179/1597/1336 1924/1599/1336
f 4179/1597/1337 2072/1590/1337 295/1600/1337
f 267/192/1338 2073/1594/1338 4180/1601/1338
f 336/1249/1339 1923/1245/1339 4180/1601/1339
f 2076/1602/1340 4180/1601/1340 2077/1603/1340
f 2073/1594/1341 269/1596/1341 2077/1603/1341
f 2077/1603/1342 269/1596/1342 2075/1598/1342
f 338/1604/1343 2077/1603/1343 4181/1605/1343
f 2078/1606/1344 4181/1605/1344 1364/1607/1344
f 4181/1605/1345 2075/1598/1345 268/1608/1345
f 336/1249/1346 2076/1602/1346 4182/1609/1346
f 291/1257/1347 1927/1253/1347 4182/1609/1347
f 2079/1610/1348 4182/1609/1348 2080/1611/1348
f 2076/1602/1349 338/1604/1349 2080/1611/1349
f 2080/1611/1350 338/1604/1350 2078/1606/1350
f 293/1612/1351 2080/1611/1351 4183/1613/1351
f 2081/1614/1352 4183/1613/1352 1884/1615/1352
f 4183/1613/1353 2078/1606/1353 337/1616/1353
f 291/1257/1354 2079/1610/1354 4184/1617/1354
f 264/1175/1355 1929/1258/1355 4184/1617/1355
f 2082/1618/1356 4184/1617/1356 2083/1619/1356
f 2079/1610/1357 293/1612/1357 2083/1619/1357
f 2083/1619/1358 293/1612/1358 2081/1614/1358
f 266/1620/1359 2083/1619/1359 4185/1621/1359
f 2084/1622/1360 4185/1621/1360 1360/1623/1360
f 4185/1621/1361 2081/1614/1361 292/1624/1361
f 264/1175/1362 2082/1618/1362 4186/1625/1362
f 262/1181/1363 1883/1176/1363 4186/1625/1363
f 2010/1626/1364 4186/1625/1364 2085/1627/1364
f 2082/1618/1365 266/1620/1365 2085/1627/1365
f 2085/1627/1366 266/1620/1366 2084/1622/1366
f 263/1628/1367 2085/1627/1367 4187/1629/1367
f 2012/1630/1368 4187/1629/1368 1448/1631/1368
f 4187/1629/1369 2084/1622/1369 265/1632/1369
f 1882/1633/1370 262/1420/1370 2007/1423/1370
f 53/889/1371 1882/1633/1371 4188/1634/1371
f 4188/1634/1372 1438/319/1372 54/322/1372
f 2007/1423/1373 288/320/1373 1438/319/1373
f 1529/472/1374 412/471/1374 2088/1635/1374
f 1529/472/1375 4189/1636/1375 2086/1637/1375
f 4189/1636/1376 2087/1638/1376 416/1639/1376
f 4189/1636/1377 2088/1635/1377 413/1640/1377
f 2087/1638/1378 413/1640/1378 2090/1641/1378
f 2087/1638/1379 4190/1642/1379 2089/1643/1379
f 4190/1642/1380 1356/161/1380 415/1644/1380
f 4190/1642/1381 2090/1641/1381 411/1645/1381
f 1532/479/1382 409/478/1382 2092/1646/1382
f 1532/479/1383 4191/1647/1383 2088/1635/1383
f 4191/1647/1384 2091/1648/1384 413/1640/1384
f 4191/1647/1385 2092/1646/1385 410/1649/1385
f 2091/1648/1386 410/1649/1386 2093/1650/1386
f 2091/1648/1387 4192/1651/1387 2090/1641/1387
f 4192/1651/1388 1512/448/1388 411/1645/1388
f 4192/1651/1389 2093/1650/1389 408/1652/1389
f 1535/484/1390 406/483/1390 2095/1653/1390
f 1535/484/1391 4193/1654/1391 2092/1646/1391
f 4193/1654/1392 2094/1655/1392 410/1649/1392
f 4193/1654/1393 2095/1653/1393 407/1656/1393
f 2094/1655/1394 407/1656/1394 2096/1657/1394
f 2094/1655/1395 4194/1658/1395 2093/1650/1395
f 4194/1658/1396 1509/443/1396 408/1652/1396
f 4194/1658/1397 2096/1657/1397 405/1659/1397
f 1538/489/1398 403/488/1398 2098/1660/1398
f 1538/489/1399 4195/1661/1399 2095/1653/1399
f 4195/1661/1400 2097/1662/1400 407/1656/1400
f 4195/1661/1401 2098/1660/1401 404/1663/1401
f 2097/1662/1402 404/1663/1402 2099/1664/1402
f 2097/1662/1403 4196/1665/1403 2096/1657/1403
f 4196/1665/1404 1506/438/1404 405/1659/1404
f 4196/1665/1405 2099/1664/1405 402/1666/1405
f 1541/494/1406 400/493/1406 2101/1667/1406
f 1541/494/1407 4197/1668/1407 2098/1660/1407
f 4197/1668/1408 2100/1669/1408 404/1663/1408
f 4197/1668/1409 2101/1667/1409 401/1670/1409
f 2100/1669/1410 401/1670/1410 2102/1671/1410
f 2100/1669/1411 4198/1672/1411 2099/1664/1411
f 4198/1672/1412 1503/433/1412 402/1666/1412
f 4198/1672/1413 2102/1671/1413 399/1673/1413
f 1544/499/1414 397/498/1414 2104/1674/1414
f 1544/499/1415 4199/1675/1415 2101/1667/1415
f 4199/1675/1416 2103/1676/1416 401/1670/1416
f 4199/1675/1417 2104/1674/1417 398/1677/1417
f 2103/1676/1418 398/1677/1418 2105/1678/1418
f 2103/1676/1419 4200/1679/1419 2102/1671/1419
f 4200/1679/1420 1500/428/1420 399/1673/1420
f 4200/1679/1421 2105/1678/1421 396/1680/1421
f 1547/504/1422 394/503/1422 2107/1681/1422
f 1547/504/1423 4201/1682/1423 2104/1674/1423
f 4201/1682/1424 2106/1683/1424 398/1677/1424
f 4201/1682/1425 2107/1681/1425 395/1684/1425
f 2106/1683/1426 395/1684/1426 2108/1685/1426
f 2106/1683/1427 4202/1686/1427 2105/1678/1427
f 4202/1686/1428 1497/423/1428 396/1680/1428
f 4202/1686/1429 2108/1685/1429 393/1687/1429
f 1550/509/1430 391/508/1430 2110/1688/1430
f 1550/509/1431 4203/1689/1431 2107/1681/1431
f 4203/1689/1432 2109/1690/1432 395/1684/1432
f 4203/1689/1433 2110/1688/1433 392/1691/1433
f 2109/1690/1434 392/1691/1434 2111/1692/1434
f 2109/1690/1435 4204/1693/1435 2108/1685/1435
f 4204/1693/1436 1494/418/1436 393/1687/1436
f 4204/1693/1437 2111/1692/1437 390/1694/1437
f 1553/514/1438 388/513/1438 2113/1695/1438
f 1553/514/1439 4205/1696/1439 2110/1688/1439
f 4205/1696/1440 2112/1697/1440 392/1691/1440
f 4205/1696/1441 2113/1695/1441 389/1698/1441
f 2112/1697/1442 389/1698/1442 2114/1699/1442
f 2112/1697/1443 4206/1700/1443 2111/1692/1443
f 4206/1700/1444 1491/413/1444 390/1694/1444
f 4206/1700/1445 2114/1699/1445 387/1701/1445
f 1556/519/1446 385/518/1446 2116/1702/1446
f 1556/519/1447 4207/1703/1447 2113/1695/1447
f 4207/1703/1448 2115/1704/1448 389/1698/1448
f 4207/1703/1449 2116/1702/1449 386/1705/1449
f 2115/1704/1450 386/1705/1450 2117/1706/1450
f 2115/1704/1451 4208/1707/1451 2114/1699/1451
f 4208/1707/1452 1488/408/1452 387/1701/1452
f 4208/1707/1453 2117/1706/1453 384/1708/1453
f 1559/524/1454 382/523/1454 2119/1709/1454
f 1559/524/1455 4209/1710/1455 2116/1702/1455
f 4209/1710/1456 2118/1711/1456 386/1705/1456
f 4209/1710/1457 2119/1709/1457 383/1712/1457
f 2118/1711/1458 383/1712/1458 2120/1713/1458
f 2118/1711/1459 4210/1714/1459 2117/1706/1459
f 4210/1714/1460 1485/403/1460 384/1708/1460
f 4210/1714/1461 2120/1713/1461 381/1715/1461
f 1562/529/1462 379/528/1462 2122/1716/1462
f 1562/529/1463 4211/1717/1463 2119/1709/1463
f 4211/1717/1464 2121/1718/1464 383/1712/1464
f 4211/1717/1465 2122/1716/1465 380/1719/1465
f 2121/1718/1466 380/1719/1466 2123/1720/1466
f 2121/1718/1467 4212/1721/1467 2120/1713/1467
f 4212/1721/1468 1482/398/1468 381/1715/1468
f 4212/1721/1469 2123/1720/1469 378/1722/1469
f 1565/534/1470 376/533/1470 2125/1723/1470
f 1565/534/1471 4213/1724/1471 2122/1716/1471
f 4213/1724/1472 2124/1725/1472 380/1719/1472
f 4213/1724/1473 2125/1723/1473 377/1726/1473
f 2124/1725/1474 377/1726/1474 2126/1727/1474
f 2124/1725/1475 4214/1728/1475 2123/1720/1475
f 4214/1728/1476 1479/393/1476 378/1722/1476
f 4214/1728/1477 2126/1727/1477 375/1729/1477
f 1568/539/1478 373/538/1478 2128/1730/1478
f 1568/539/1479 4215/1731/1479 2125/1723/1479
f 4215/1731/1480 2127/1732/1480 377/1726/1480
f 4215/1731/1481 2128/1730/1481 374/1733/1481
f 2127/1732/1482 374/1733/1482 2129/1734/1482
f 2127/1732/1483 4216/1735/1483 2126/1727/1483
f 4216/1735/1484 1476/388/1484 375/1729/1484
f 4216/1735/1485 2129/1734/1485 372/1736/1485
f 1571/544/1486 370/543/1486 2131/1737/1486
f 1571/544/1487 4217/1738/1487 2128/1730/1487
f 4217/1738/1488 2130/1739/1488 374/1733/1488
f 4217/1738/1489 2131/1737/1489 371/1740/1489
f 2130/1739/1490 371/1740/1490 2132/1741/1490
f 2130/1739/1491 4218/1742/1491 2129/1734/1491
f 4218/1742/1492 1473/383/1492 372/1736/1492
f 4218/1742/1493 2132/1741/1493 369/1743/1493
f 1574/549/1494 367/548/1494 2134/1744/1494
f 1574/549/1495 4219/1745/1495 2131/1737/1495
f 4219/1745/1496 2133/1746/1496 371/1740/1496
f 4219/1745/1497 2134/1744/1497 368/1747/1497
f 2133/1746/1498 368/1747/1498 2135/1748/1498
f 2133/1746/1499 4220/1749/1499 2132/1741/1499
f 4220/1749/1500 1470/378/1500 369/1743/1500
f 4220/1749/1501 2135/1748/1501 366/1750/1501
f 1577/554/1502 364/553/1502 2137/1751/1502
f 1577/554/1503 4221/1752/1503 2134/1744/1503
f 4221/1752/1504 2136/1753/1504 368/1747/1504
f 4221/1752/1505 2137/1751/1505 365/1754/1505
f 2136/1753/1506 365/1754/1506 2138/1755/1506
f 2136/1753/1507 4222/1756/1507 2135/1748/1507
f 4222/1756/1508 1467/373/1508 366/1750/1508
f 4222/1756/1509 2138/1755/1509 363/1757/1509
f 1580/559/1510 361/558/1510 2140/1758/1510
f 1580/559/1511 4223/1759/1511 2137/1751/1511
f 4223/1759/1512 2139/1760/1512 365/1754/1512
f 4223/1759/1513 2140/1758/1513 362/1761/1513
f 2139/1760/1514 362/1761/1514 2141/1762/1514
f 2139/1760/1515 4224/1763/1515 2138/1755/1515
f 4224/1763/1516 1464/368/1516 363/1757/1516
f 4224/1763/1517 2141/1762/1517 360/1764/1517
f 1583/564/1518 358/563/1518 2143/1765/1518
f 1583/564/1519 4225/1766/1519 2140/1758/1519
f 4225/1766/1520 2142/1767/1520 362/1761/1520
f 4225/1766/1521 2143/1765/1521 359/1768/1521
f 2142/1767/1522 359/1768/1522 2144/1769/1522
f 2142/1767/1523 4226/1770/1523 2141/1762/1523
f 4226/1770/1524 1461/363/1524 360/1764/1524
f 4226/1770/1525 2144/1769/1525 357/1771/1525
f 1586/569/1526 355/568/1526 2146/1772/1526
f 1586/569/1527 4227/1773/1527 2143/1765/1527
f 4227/1773/1528 2145/1774/1528 359/1768/1528
f 4227/1773/1529 2146/1772/1529 356/1775/1529
f 2145/1774/1530 356/1775/1530 2147/1776/1530
f 2145/1774/1531 4228/1777/1531 2144/1769/1531
f 4228/1777/1532 1458/358/1532 357/1771/1532
f 4228/1777/1533 2147/1776/1533 354/1778/1533
f 1589/574/1534 352/573/1534 2149/1779/1534
f 1589/574/1535 4229/1780/1535 2146/1772/1535
f 4229/1780/1536 2148/1781/1536 356/1775/1536
f 4229/1780/1537 2149/1779/1537 353/1782/1537
f 2148/1781/1538 353/1782/1538 2150/1783/1538
f 2148/1781/1539 4230/1784/1539 2147/1776/1539
f 4230/1784/1540 1455/353/1540 354/1778/1540
f 4230/1784/1541 2150/1783/1541 351/1785/1541
f 1592/579/1542 349/578/1542 2152/1786/1542
f 1592/579/1543 4231/1787/1543 2149/1779/1543
f 4231/1787/1544 2151/1788/1544 353/1782/1544
f 4231/1787/1545 2152/1786/1545 350/1789/1545
f 2151/1788/1546 350/1789/1546 2153/1790/1546
f 2151/1788/1547 4232/1791/1547 2150/1783/1547
f 4232/1791/1548 1452/348/1548 351/1785/1548
f 4232/1791/1549 2153/1790/1549 348/1792/1549
f 1595/584/1550 346/583/1550 2155/1793/1550
f 1595/584/1551 4233/1794/1551 2152/1786/1551
f 4233/1794/1552 2154/1795/1552 350/1789/1552
f 4233/1794/1553 2155/1793/1553 347/1796/1553
f 2154/1795/1554 347/1796/1554 2156/1797/1554
f 2154/1795/1555 4234/1798/1555 2153/1790/1555
f 4234/1798/1556 1681/758/1556 348/1792/1556
f 4234/1798/1557 2156/1797/1557 345/1799/1557
f 1597/588/1558 343/470/1558 2158/1800/1558
f 1597/588/1559 4235/1801/1559 2155/1793/1559
f 4235/1801/1560 2157/1802/1560 347/1796/1560
f 4235/1801/1561 2158/1800/1561 344/1803/1561
f 2157/1802/1562 344/1803/1562 2159/1804/1562
f 2157/1802/1563 4236/1805/1563 2156/1797/1563
f 4236/1805/1564 1600/598/1564 345/1799/1564
f 4236/1805/1565 2159/1804/1565 342/1806/1565
f 1525/465/1566 340/464/1566 2161/1807/1566
f 1525/465/1567 4237/1808/1567 2158/1800/1567
f 4237/1808/1568 2160/1809/1568 344/1803/1568
f 4237/1808/1569 2161/1807/1569 341/1810/1569
f 2160/1809/1570 341/1810/1570 2162/1811/1570
f 2160/1809/1571 4238/1812/1571 2159/1804/1571
f 4238/1812/1572 1519/461/1572 342/1806/1572
f 4238/1812/1573 2162/1811/1573 339/1813/1573
f 1599/592/1574 414/591/1574 2086/1814/1574
f 1599/592/1575 4239/1815/1575 2161/1807/1575
f 4239/1815/1576 2163/1816/1576 341/1810/1576
f 4239/1815/1577 2086/1814/1577 416/1817/1577
f 2163/1816/1578 416/1817/1578 2089/1818/1578
f 2163/1816/1579 4240/1819/1579 2162/1811/1579
f 4240/1819/1580 2164/1820/1580 339/1813/1580
f 4240/1819/1581 2089/1818/1581 415/1821/1581
f 2165/1822/1582 480/1823/1582 2168/1824/1582
f 2165/1822/1583 4241/1825/1583 2166/1826/1583
f 4241/1825/1584 2167/1827/1584 39/1828/1584
f 4241/1825/1585 2168/1824/1585 41/1829/1585
f 1742/870/1586 418/1830/1586 2170/1831/1586
f 1742/870/1587 4242/1832/1587 2169/1833/1587
f 4242/1832/1588 1869/1151/1588 468/1152/1588
f 4242/1832/1589 2170/1831/1589 417/1834/1589
f 1747/884/1590 467/871/1590 2169/1833/1590
f 1747/884/1591 4243/1835/1591 2171/1836/1591
f 4243/1835/1592 1756/905/1592 466/906/1592
f 4243/1835/1593 2169/1833/1593 468/1152/1593
f 1752/894/1594 465/885/1594 2171/1836/1594
f 1752/894/1595 4244/1837/1595 2172/1838/1595
f 4244/1837/1596 1761/916/1596 464/917/1596
f 4244/1837/1597 2171/1836/1597 466/906/1597
f 1758/907/1598 463/895/1598 2172/1838/1598
f 1758/907/1599 4245/1839/1599 2173/1840/1599
f 4245/1839/1600 1766/927/1600 462/928/1600
f 4245/1839/1601 2172/1838/1601 464/917/1601
f 1763/918/1602 461/908/1602 2173/1840/1602
f 1763/918/1603 4246/1841/1603 2174/1842/1603
f 4246/1841/1604 1771/938/1604 460/939/1604
f 4246/1841/1605 2173/1840/1605 462/928/1605
f 1768/929/1606 459/919/1606 2174/1842/1606
f 1768/929/1607 4247/1843/1607 2175/1844/1607
f 4247/1843/1608 1776/949/1608 458/950/1608
f 4247/1843/1609 2174/1842/1609 460/939/1609
f 1773/940/1610 457/930/1610 2175/1844/1610
f 1773/940/1611 4248/1845/1611 2176/1846/1611
f 4248/1845/1612 1781/960/1612 456/961/1612
f 4248/1845/1613 2175/1844/1613 458/950/1613
f 1778/951/1614 455/941/1614 2176/1846/1614
f 1778/951/1615 4249/1847/1615 2177/1848/1615
f 4249/1847/1616 1786/971/1616 454/972/1616
f 4249/1847/1617 2176/1846/1617 456/961/1617
f 1783/962/1618 453/952/1618 2177/1848/1618
f 451/963/1619 1783/962/1619 4250/1849/1619
f 4250/1849/1620 1791/982/1620 452/983/1620
f 4250/1849/1621 2177/1848/1621 454/972/1621
f 1788/973/1622 451/963/1622 2178/1850/1622
f 449/974/1623 1788/973/1623 4251/1851/1623
f 4251/1851/1624 1796/993/1624 450/994/1624
f 4251/1851/1625 2178/1850/1625 452/983/1625
f 1793/984/1626 449/974/1626 2179/1852/1626
f 1793/984/1627 4252/1853/1627 2180/1854/1627
f 4252/1853/1628 1801/1004/1628 448/1005/1628
f 4252/1853/1629 2179/1852/1629 450/994/1629
f 1798/995/1630 447/985/1630 2180/1854/1630
f 445/996/1631 1798/995/1631 4253/1855/1631
f 4253/1855/1632 1806/1015/1632 446/1016/1632
f 4253/1855/1633 2180/1854/1633 448/1005/1633
f 1803/1006/1634 445/996/1634 2181/1856/1634
f 1803/1006/1635 4254/1857/1635 2182/1858/1635
f 4254/1857/1636 1811/1026/1636 444/1027/1636
f 4254/1857/1637 2181/1856/1637 446/1016/1637
f 1808/1017/1638 443/1007/1638 2182/1858/1638
f 1808/1017/1639 4255/1859/1639 2183/1860/1639
f 4255/1859/1640 1816/1037/1640 442/1038/1640
f 4255/1859/1641 2182/1858/1641 444/1027/1641
f 441/1018/1642 2183/1860/1642 4256/1861/1642
f 1813/1028/1643 4256/1861/1643 2184/1862/1643
f 4256/1861/1644 1821/1048/1644 440/1049/1644
f 4256/1861/1645 2183/1860/1645 442/1038/1645
f 439/1029/1646 2184/1862/1646 4257/1863/1646
f 1818/1039/1647 4257/1863/1647 2185/1864/1647
f 4257/1863/1648 1826/1059/1648 438/1060/1648
f 4257/1863/1649 2184/1862/1649 440/1049/1649
f 1823/1050/1650 437/1040/1650 2185/1864/1650
f 1823/1050/1651 4258/1865/1651 2186/1866/1651
f 4258/1865/1652 1831/1070/1652 436/1071/1652
f 4258/1865/1653 2185/1864/1653 438/1060/1653
f 1828/1061/1654 435/1051/1654 2186/1866/1654
f 1828/1061/1655 4259/1867/1655 2187/1868/1655
f 4259/1867/1656 1836/1081/1656 434/1082/1656
f 4259/1867/1657 2186/1866/1657 436/1071/1657
f 1833/1072/1658 433/1062/1658 2187/1868/1658
f 1833/1072/1659 4260/1869/1659 2188/1870/1659
f 4260/1869/1660 1841/1092/1660 432/1093/1660
f 4260/1869/1661 2187/1868/1661 434/1082/1661
f 1838/1083/1662 431/1073/1662 2188/1870/1662
f 1838/1083/1663 4261/1871/1663 2189/1872/1663
f 4261/1871/1664 1846/1103/1664 430/1104/1664
f 4261/1871/1665 2188/1870/1665 432/1093/1665
f 1843/1094/1666 429/1084/1666 2189/1872/1666
f 1843/1094/1667 4262/1873/1667 2190/1874/1667
f 4262/1873/1668 1851/1114/1668 428/1115/1668
f 4262/1873/1669 2189/1872/1669 430/1104/1669
f 1848/1105/1670 427/1095/1670 2190/1874/1670
f 1848/1105/1671 4263/1875/1671 2191/1876/1671
f 4263/1875/1672 1856/1125/1672 426/1126/1672
f 4263/1875/1673 2190/1874/1673 428/1115/1673
f 1853/1116/1674 425/1106/1674 2191/1876/1674
f 423/1117/1675 1853/1116/1675 4264/1877/1675
f 4264/1877/1676 1861/1136/1676 424/1137/1676
f 4264/1877/1677 2191/1876/1677 426/1126/1677
f 1858/1127/1678 423/1117/1678 2192/1878/1678
f 1858/1127/1679 4265/1879/1679 2193/1880/1679
f 4265/1879/1680 1865/1145/1680 422/1146/1680
f 4265/1879/1681 2192/1878/1681 424/1137/1681
f 1863/1138/1682 421/1128/1682 2193/1880/1682
f 1863/1138/1683 4266/1881/1683 2194/1882/1683
f 4266/1881/1684 1871/1157/1684 420/1158/1684
f 4266/1881/1685 2193/1880/1685 422/1146/1685
f 1745/877/1686 419/1139/1686 2194/1882/1686
f 1745/877/1687 4267/1883/1687 2170/1884/1687
f 4267/1883/1688 2195/1885/1688 417/1886/1688
f 4267/1883/1689 2194/1882/1689 420/1158/1689
f 131/1159/1690 1868/1887/1690 4268/1888/1690
f 135/1153/1691 1876/1160/1691 4268/1888/1691
f 1872/1154/1692 4268/1888/1692 2195/1885/1692
f 1868/1887/1693 417/1886/1693 2195/1885/1693
f 54/322/1694 1439/1889/1694 4269/1890/1694
f 1750/893/1695 4269/1890/1695 1678/745/1695
f 4269/1890/1696 2196/1891/1696 205/738/1696
f 1439/1889/1697 55/309/1697 2196/1891/1697
f 55/309/1698 1432/1892/1698 4270/1893/1698
f 2196/1891/1699 4270/1893/1699 1675/739/1699
f 4270/1893/1700 2197/1894/1700 202/732/1700
f 1432/1892/1701 56/312/1701 2197/1894/1701
f 56/312/1702 1435/1895/1702 4271/1896/1702
f 2197/1894/1703 4271/1896/1703 1672/733/1703
f 4271/1896/1704 2198/1897/1704 199/726/1704
f 1435/1895/1705 57/317/1705 2198/1897/1705
f 57/317/1706 1885/1898/1706 4272/1899/1706
f 2198/1897/1707 4272/1899/1707 1669/727/1707
f 4272/1899/1708 2199/1900/1708 196/720/1708
f 1885/1898/1709 58/1188/1709 2199/1900/1709
f 2199/1900/1710 58/1188/1710 1889/1901/1710
f 2199/1900/1711 4273/1902/1711 1666/721/1711
f 1666/721/1712 4273/1902/1712 2200/1903/1712
f 1889/1901/1713 59/293/1713 2200/1903/1713
f 2200/1903/1714 59/293/1714 1424/1904/1714
f 2200/1903/1715 4274/1905/1715 1663/716/1715
f 1663/716/1716 4274/1905/1716 2201/1906/1716
f 1424/1904/1717 60/296/1717 2201/1906/1717
f 2201/1906/1718 60/296/1718 1891/1907/1719
f 2201/1906/1720 4275/1908/1720 1660/711/1720
f 1660/711/1721 4275/1908/1721 2202/1909/1721
f 1891/1907/1722 61/1198/1723 2202/1909/1723
f 2202/1909/1724 61/1198/1724 1901/1910/1724
f 2202/1909/1725 4276/1911/1725 1657/705/1725
f 1657/705/1726 4276/1911/1726 2203/1912/1726
f 1901/1910/1727 62/259/1727 2203/1912/1727
f 2203/1912/1728 62/259/1728 1407/1913/1728
f 2203/1912/1729 4277/1914/1729 1654/699/1729
f 1654/699/1730 4277/1914/1730 2204/1915/1730
f 1407/1913/1731 63/262/1731 2204/1915/1731
f 2204/1915/1732 63/262/1732 1899/1916/1732
f 2204/1915/1733 4278/1917/1733 1651/693/1733
f 1651/693/1734 4278/1917/1734 2205/1918/1734
f 1899/1916/1735 64/246/1735 2205/1918/1735
f 2205/1918/1736 64/246/1736 1400/1919/1736
f 2205/1918/1737 4279/1920/1737 1648/686/1737
f 1648/686/1738 4279/1920/1738 2206/1921/1738
f 1400/1919/1739 65/249/1739 2206/1921/1739
f 2206/1921/1740 65/249/1740 1403/1922/1740
f 2206/1921/1741 4280/1923/1741 1645/681/1741
f 1645/681/1742 4280/1923/1742 2207/1924/1742
f 1403/1922/1743 66/254/1743 2207/1924/1743
f 2207/1924/1744 66/254/1744 1903/1925/1744
f 2207/1924/1745 4281/1926/1745 1642/676/1745
f 1642/676/1746 4281/1926/1746 2208/1927/1746
f 1903/1925/1747 67/1219/1747 2208/1927/1747
f 2208/1927/1748 67/1219/1748 1907/1928/1748
f 2208/1927/1749 4282/1929/1749 1639/670/1749
f 1639/670/1750 4282/1929/1750 2209/1930/1750
f 1907/1928/1751 68/230/1751 2209/1930/1751
f 2209/1930/1752 68/230/1752 1392/1931/1752
f 2209/1930/1753 4283/1932/1753 1636/664/1753
f 1636/664/1754 4283/1932/1754 2210/1933/1754
f 1392/1931/1755 69/233/1755 2210/1933/1755
f 2210/1933/1756 69/233/1756 1909/1934/1756
f 2210/1933/1757 4284/1935/1757 1633/657/1757
f 1633/657/1758 4284/1935/1758 2211/1936/1758
f 1909/1934/1759 70/1228/1759 2211/1936/1759
f 2211/1936/1760 70/1228/1760 1919/1937/1760
f 2211/1936/1761 4285/1938/1761 1630/651/1761
f 1630/651/1762 4285/1938/1762 2212/1939/1762
f 1919/1937/1763 71/196/1763 2212/1939/1763
f 2212/1939/1764 71/196/1764 1375/1940/1764
f 2212/1939/1765 4286/1941/1765 1627/645/1765
f 1627/645/1766 4286/1941/1766 2213/1942/1766
f 1375/1940/1767 72/199/1767 2213/1942/1767
f 2213/1942/1768 72/199/1768 1917/1943/1768
f 2213/1942/1769 4287/1944/1769 1624/640/1769
f 1624/640/1770 4287/1944/1770 2214/1945/1770
f 1917/1943/1771 73/183/1771 2214/1945/1771
f 2214/1945/1772 73/183/1772 1368/1946/1772
f 2214/1945/1773 4288/1947/1773 1621/635/1773
f 1621/635/1774 4288/1947/1774 2215/1948/1774
f 1368/1946/1775 74/186/1775 2215/1948/1775
f 2215/1948/1776 74/186/1776 1371/1949/1776
f 148/628/1777 2215/1948/1777 4289/1950/1777
f 1618/629/1778 4289/1950/1778 2216/1951/1778
f 4289/1950/1779 1371/1949/1779 75/191/1779
f 2216/1951/1780 75/191/1780 1921/1952/1780
f 145/622/1781 2216/1951/1781 4290/1953/1781
f 1615/623/1782 4290/1953/1782 2217/1954/1782
f 4290/1953/1783 1921/1952/1783 76/1248/1783
f 2217/1954/1784 76/1248/1784 1925/1955/1784
f 142/616/1785 2217/1954/1785 4291/1956/1785
f 1612/617/1786 4291/1956/1786 2218/1957/1786
f 4291/1956/1787 1925/1955/1787 77/1256/1787
f 2218/1957/1788 77/1256/1788 1928/1958/1788
f 139/610/1789 2218/1957/1789 4292/1959/1789
f 1609/611/1790 4292/1959/1790 2219/1960/1790
f 4292/1959/1791 1928/1958/1791 78/1177/1791
f 2219/1960/1792 78/1177/1792 1881/1961/1792
f 136/602/1793 2219/1960/1793 4293/1962/1793
f 1606/603/1794 4293/1962/1794 1749/1963/1794
f 4293/1962/1795 1881/1961/1795 53/1180/1795
f 2220/1964/1796 470/1965/1796 2223/1966/1796
f 2220/1964/1797 4294/1967/1797 2221/1968/1797
f 4294/1967/1798 2222/1969/1798 472/1970/1798
f 4294/1967/1799 2223/1966/1799 469/1971/1799
f 1521/458/1800 471/457/1800 2221/1968/1800
f 1521/458/1801 4295/1972/1801 2224/1973/1801
f 4295/1972/1802 2225/1974/1802 474/1975/1802
f 4295/1972/1803 2221/1968/1803 472/1970/1803
f 1602/596/1804 473/463/1804 2224/1973/1804
f 1602/596/1805 4296/1976/1805 2226/1977/1805
f 4296/1976/1806 2227/1978/1806 476/1979/1806
f 4296/1976/1807 2224/1973/1807 474/1975/1807
f 1682/756/1808 475/600/1808 2226/1977/1808
f 1682/756/1809 4297/1980/1809 2228/1981/1809
f 4297/1980/1810 2229/1982/1810 478/1983/1810
f 4297/1980/1811 2226/1977/1811 476/1979/1811
f 1454/345/1812 477/344/1812 2228/1981/1812
f 1454/345/1813 4298/1984/1813 2230/1985/1813
f 4298/1984/1814 2231/1986/1814 480/1987/1814
f 4298/1984/1815 2228/1981/1815 478/1983/1815
f 1457/351/1816 479/350/1816 2230/1985/1816
f 1457/351/1817 4299/1988/1817 2232/1989/1817
f 4299/1988/1818 2165/1990/1818 482/1991/1818
f 4299/1988/1819 2230/1985/1819 480/1987/1819
f 1460/356/1820 481/355/1820 2232/1989/1820
f 1460/356/1821 4300/1992/1821 2233/1993/1821
f 4300/1992/1822 2234/1994/1822 484/1995/1822
f 4300/1992/1823 2232/1989/1823 482/1991/1823
f 1463/361/1824 483/360/1824 2233/1993/1824
f 1463/361/1825 4301/1996/1825 2235/1997/1825
f 4301/1996/1826 2236/1998/1826 486/1999/1826
f 4301/1996/1827 2233/1993/1827 484/1995/1827
f 1466/366/1828 485/365/1828 2235/1997/1828
f 1466/366/1829 4302/2000/1829 2237/2001/1829
f 4302/2000/1830 2238/2002/1830 488/2003/1830
f 4302/2000/1831 2235/1997/1831 486/1999/1831
f 1469/371/1832 487/370/1832 2237/2001/1832
f 1469/371/1833 4303/2004/1833 2239/2005/1833
f 4303/2004/1834 2240/2006/1834 490/2007/1834
f 4303/2004/1835 2237/2001/1835 488/2003/1835
f 1472/376/1836 489/375/1836 2239/2005/1836
f 1472/376/1837 4304/2008/1837 2241/2009/1837
f 4304/2008/1838 2242/2010/1838 492/2011/1838
f 4304/2008/1839 2239/2005/1839 490/2007/1839
f 1475/381/1840 491/380/1840 2241/2009/1840
f 1475/381/1841 4305/2012/1841 2243/2013/1841
f 4305/2012/1842 2244/2014/1842 494/2015/1842
f 4305/2012/1843 2241/2009/1843 492/2011/1843
f 1478/386/1844 493/385/1844 2243/2013/1844
f 1478/386/1845 4306/2016/1845 2245/2017/1845
f 4306/2016/1846 2246/2018/1846 496/2019/1846
f 4306/2016/1847 2243/2013/1847 494/2015/1847
f 1481/391/1848 495/390/1848 2245/2017/1848
f 1481/391/1849 4307/2020/1849 2247/2021/1849
f 4307/2020/1850 2248/2022/1850 498/2023/1850
f 4307/2020/1851 2245/2017/1851 496/2019/1851
f 1484/396/1852 497/395/1852 2247/2021/1852
f 1484/396/1853 4308/2024/1853 2249/2025/1853
f 4308/2024/1854 2250/2026/1854 500/2027/1854
f 4308/2024/1855 2247/2021/1855 498/2023/1855
f 1487/401/1856 499/400/1856 2249/2025/1856
f 1487/401/1857 4309/2028/1857 2251/2029/1857
f 4309/2028/1858 2252/2030/1858 502/2031/1858
f 4309/2028/1859 2249/2025/1859 500/2027/1859
f 1490/406/1860 501/405/1860 2251/2029/1860
f 1490/406/1861 4310/2032/1861 2253/2033/1861
f 4310/2032/1862 2254/2034/1862 504/2035/1862
f 4310/2032/1863 2251/2029/1863 502/2031/1863
f 1493/411/1864 503/410/1864 2253/2033/1864
f 1493/411/1865 4311/2036/1865 2255/2037/1865
f 4311/2036/1866 2256/2038/1866 506/2039/1866
f 4311/2036/1867 2253/2033/1867 504/2035/1867
f 1496/416/1868 505/415/1868 2255/2037/1868
f 1496/416/1869 4312/2040/1869 2257/2041/1869
f 4312/2040/1870 2258/2042/1870 508/2043/1870
f 4312/2040/1871 2255/2037/1871 506/2039/1871
f 1499/421/1872 507/420/1872 2257/2041/1872
f 1499/421/1873 4313/2044/1873 2259/2045/1873
f 4313/2044/1874 2260/2046/1874 510/2047/1874
f 4313/2044/1875 2257/2041/1875 508/2043/1875
f 1502/426/1876 509/425/1876 2259/2045/1876
f 1502/426/1877 4314/2048/1877 2261/2049/1877
f 4314/2048/1878 2262/2050/1878 512/2051/1878
f 4314/2048/1879 2259/2045/1879 510/2047/1879
f 1505/431/1880 511/430/1880 2261/2049/1880
f 1505/431/1881 4315/2052/1881 2263/2053/1881
f 4315/2052/1882 2264/2054/1882 514/2055/1882
f 4315/2052/1883 2261/2049/1883 512/2051/1883
f 1508/436/1884 513/435/1884 2263/2053/1884
f 1508/436/1885 4316/2056/1885 2265/2057/1885
f 4316/2056/1886 2266/2058/1886 516/2059/1886
f 4316/2056/1887 2263/2053/1887 514/2055/1887
f 1511/441/1888 515/440/1888 2265/2057/1888
f 1511/441/1889 4317/2060/1889 2267/2061/1889
f 4317/2060/1890 2268/2062/1890 518/2063/1890
f 4317/2060/1891 2265/2057/1891 516/2059/1891
f 1513/446/1892 517/445/1892 2267/2061/1892
f 1513/446/1893 4318/2064/1893 2269/2065/1893
f 4318/2064/1894 2270/2066/1894 520/2067/1894
f 4318/2064/1895 2267/2061/1895 518/2063/1895
f 1358/158/1896 519/157/1896 2269/2065/1896
f 1358/158/1897 4319/2068/1897 2223/2069/1897
f 4319/2068/1898 2271/2070/1898 469/2071/1898
f 4319/2068/1899 2269/2065/1899 520/2067/1899
f 470/1965/1900 2220/1964/1900 4320/2072/1900
f 1357/2073/1901 4320/2072/1901 2164/1820/1901
f 2164/1820/1902 4320/2072/1902 1518/460/1902
f 4320/2072/1903 2220/1964/1903 471/457/1903
f 2242/2074/1904 490/2075/1904 2274/2076/1904
f 2242/2074/1905 4321/2077/1905 2272/2078/1905
f 4321/2077/1906 2273/2079/1906 29/2080/1906
f 4321/2077/1907 2274/2076/1907 31/2081/1907
f 2252/2082/1908 500/2083/1908 2277/2084/1908
f 2252/2082/1909 4322/2085/1909 2275/2086/1909
f 4322/2085/1910 2276/2087/1910 19/2088/1910
f 4322/2085/1911 2277/2084/1911 21/2089/1911
f 2262/2090/1912 510/2091/1912 2280/2092/1912
f 2262/2090/1913 4323/2093/1913 2278/2094/1913
f 4323/2093/1914 2279/2095/1914 9/2096/1914
f 4323/2093/1915 2280/2092/1915 11/2097/1915
f 2229/2098/1916 476/2099/1916 2283/2100/1916
f 2229/2098/1917 4324/2101/1917 2281/2102/1917
f 4324/2101/1918 2282/2103/1918 43/2104/1918
f 4324/2101/1919 2283/2100/1919 45/2105/1919
f 2238/2106/1920 486/2107/1920 2286/2108/1920
f 2238/2106/1921 4325/2109/1921 2284/2110/1921
f 4325/2109/1922 2285/2111/1922 33/2112/1922
f 4325/2109/1923 2286/2108/1923 35/2113/1923
f 2248/2114/1924 496/2115/1924 2289/2116/1924
f 2248/2114/1925 4326/2117/1925 2287/2118/1925
f 4326/2117/1926 2288/2119/1926 23/2120/1926
f 4326/2117/1927 2289/2116/1927 25/2121/1927
f 2258/2122/1928 506/2123/1928 2292/2124/1928
f 2258/2122/1929 4327/2125/1929 2290/2126/1929
f 4327/2125/1930 2291/2127/1930 13/2128/1930
f 4327/2125/1931 2292/2124/1931 15/2129/1931
f 2268/2130/1932 516/2131/1932 2295/2132/1932
f 2268/2130/1933 4328/2133/1933 2293/2134/1933
f 4328/2133/1934 2294/2135/1934 3/2136/1934
f 4328/2133/1935 2295/2132/1935 5/2137/1935
f 2225/2138/1936 472/2139/1936 2298/2140/1936
f 2225/2138/1937 4329/2141/1937 2296/2142/1937
f 4329/2141/1938 2297/2143/1938 47/2144/1938
f 4329/2141/1939 2298/2140/1939 51/2145/1939
f 2234/2146/1940 482/2147/1940 2166/1826/1940
f 2234/2146/1941 4330/2148/1941 2299/2149/1941
f 4330/2148/1942 2300/2150/1942 37/2151/1942
f 4330/2148/1943 2166/1826/1943 39/1828/1943
f 2244/2152/1944 492/2153/1944 2272/2078/1944
f 2244/2152/1945 4331/2154/1945 2301/2155/1945
f 4331/2154/1946 2302/2156/1946 27/2157/1946
f 4331/2154/1947 2272/2078/1947 29/2080/1947
f 2254/2158/1948 502/2159/1948 2275/2086/1948
f 2254/2158/1949 4332/2160/1949 2303/2161/1949
f 4332/2160/1950 2304/2162/1950 17/2163/1950
f 4332/2160/1951 2275/2086/1951 19/2088/1951
f 2264/2164/1952 512/2165/1952 2278/2094/1952
f 2264/2164/1953 4333/2166/1953 2305/2167/1953
f 4333/2166/1954 2306/2168/1954 7/2169/1954
f 4333/2166/1955 2278/2094/1955 9/2096/1955
f 2231/2170/1956 478/2171/1956 2281/2102/1956
f 2231/2170/1957 4334/2172/1957 2168/1824/1957
f 4334/2172/1958 2307/2173/1958 41/1829/1958
f 4334/2172/1959 2281/2102/1959 43/2104/1959
f 2240/2174/1960 488/2175/1960 2284/2110/1960
f 2240/2174/1961 4335/2176/1961 2274/2076/1961
f 4335/2176/1962 2308/2177/1962 31/2081/1962
f 4335/2176/1963 2284/2110/1963 33/2112/1963
f 2250/2178/1964 498/2179/1964 2287/2118/1964
f 2250/2178/1965 4336/2180/1965 2277/2084/1965
f 4336/2180/1966 2309/2181/1966 21/2089/1966
f 4336/2180/1967 2287/2118/1967 23/2120/1967
f 2260/2182/1968 508/2183/1968 2290/2126/1968
f 2260/2182/1969 4337/2184/1969 2280/2092/1969
f 4337/2184/1970 2310/2185/1970 11/2097/1970
f 4337/2184/1971 2290/2126/1971 13/2128/1971
f 2270/2186/1972 518/2187/1972 2293/2134/1972
f 2270/2186/1973 4338/2188/1973 2311/2189/1973
f 4338/2188/1974 2312/2190/1974 1/2191/1974
f 4338/2188/1975 2293/2134/1975 3/2136/1975
f 2227/2192/1976 474/2193/1976 2296/2142/1976
f 2227/2192/1977 4339/2194/1977 2283/2100/1977
f 4339/2194/1978 2313/2195/1978 45/2105/1978
f 4339/2194/1979 2296/2142/1979 47/2144/1979
f 2236/2196/1980 484/2197/1980 2299/2149/1980
f 2236/2196/1981 4340/2198/1981 2286/2108/1981
f 4340/2198/1982 2314/2199/1982 35/2113/1982
f 4340/2198/1983 2299/2149/1983 37/2151/1983
f 2246/2200/1984 494/2201/1984 2301/2155/1984
f 2246/2200/1985 4341/2202/1985 2289/2116/1985
f 4341/2202/1986 2315/2203/1986 25/2121/1986
f 4341/2202/1987 2301/2155/1987 27/2157/1987
f 2256/2204/1988 504/2205/1988 2303/2161/1988
f 2256/2204/1989 4342/2206/1989 2292/2124/1989
f 4342/2206/1990 2316/2207/1990 15/2129/1990
f 4342/2206/1991 2303/2161/1991 17/2163/1991
f 2266/2208/1992 514/2209/1992 2305/2167/1992
f 2266/2208/1993 4343/2210/1993 2295/2132/1993
f 4343/2210/1994 2317/2211/1994 5/2137/1994
f 4343/2210/1995 2305/2167/1995 7/2169/1995
f 2271/2212/1996 520/2213/1996 2311/2189/1996
f 2271/2212/1997 4344/2214/1997 2318/2215/1997
f 4344/2214/1998 2319/2216/1998 49/2217/1998
f 4344/2214/1999 2311/2189/1999 1/2191/1999
f 2222/2218/2000 469/2219/2000 2318/2215/2000
f 2222/2218/2001 4345/2220/2001 2298/2140/2001
f 4345/2220/2002 2320/2221/2002 51/2145/2002
f 4345/2220/2003 2318/2215/2003 49/2217/2003
f 2346/2222/2004 1199/2223/2004 2347/2224/2004
f 2346/2222/2005 4346/2225/2005 1517/451/2005
f 4346/2225/2006 2339/2226/2006 527/456/2006
f 4346/2225/2007 2347/2224/2007 528/2227/2007
f 2348/2228/2008 1201/2229/2008 2350/2230/2008
f 2348/2228/2009 4347/2231/2009 2349/2232/2009
f 4347/2231/2010 2332/2233/2010 534/2234/2010
f 4347/2231/2011 2350/2230/2011 535/2235/2011
f 2351/2236/2012 1202/2237/2012 2352/2238/2012
f 2351/2236/2013 4348/2239/2013 2350/2230/2013
f 4348/2239/2014 2331/2240/2014 535/2235/2014
f 4348/2239/2015 2352/2238/2015 536/2241/2015
f 2353/2242/2016 1204/2243/2016 2355/2244/2016
f 2353/2242/2017 4349/2245/2017 2354/2246/2017
f 4349/2245/2018 2324/2247/2018 542/2248/2018
f 4349/2245/2019 2355/2244/2019 543/2249/2019
f 2356/2250/2020 1205/2251/2020 2357/2252/2021
f 2356/2250/2022 4350/2253/2022 2355/2244/2022
f 4350/2253/2023 2323/2254/2023 543/2249/2023
f 4350/2253/2024 2357/2252/2025 544/2255/2024
f 2358/2256/2026 1207/2257/2026 2360/2258/2026
f 2358/2256/2027 4351/2259/2027 2359/2260/2027
f 4351/2259/2028 2345/2261/2028 545/2262/2028
f 4351/2259/2029 2360/2258/2029 521/2263/2029
f 2361/2264/2030 1208/2265/2030 2362/2266/2030
f 2361/2264/2031 4352/2267/2031 2360/2258/2031
f 4352/2267/2032 2344/2268/2032 521/2263/2032
f 4352/2267/2033 2362/2266/2033 522/2269/2033
f 2363/2270/2034 1209/2271/2034 2364/2272/2034
f 2363/2270/2035 4353/2273/2035 2347/2224/2035
f 4353/2273/2036 2338/2274/2036 528/2227/2036
f 4353/2273/2037 2364/2272/2037 529/2275/2037
f 2365/2276/2038 1210/2277/2038 2366/2278/2038
f 2365/2276/2039 4354/2279/2039 2364/2272/2039
f 4354/2279/2040 2337/2280/2040 529/2275/2040
f 4354/2279/2041 2366/2278/2041 530/2281/2041
f 2367/2282/2042 1211/2283/2042 2368/2284/2042
f 2367/2282/2043 4355/2285/2043 2352/2238/2043
f 4355/2285/2044 2330/2286/2044 536/2241/2044
f 4355/2285/2045 2368/2284/2045 537/2287/2045
f 2369/2288/2046 1212/2289/2046 2370/2290/2046
f 2369/2288/2047 4356/2291/2047 2368/2284/2047
f 4356/2291/2048 2329/2292/2048 537/2287/2048
f 4356/2291/2049 2370/2290/2049 538/2293/2049
f 2371/2294/2050 1213/2295/2050 2372/2296/2050
f 2371/2294/2051 4357/2297/2051 2357/2252/2052
f 4357/2297/2053 2322/2298/2053 544/2255/2053
f 4357/2297/2054 2372/2296/2054 546/2299/2054
f 2373/2300/2055 1214/2301/2055 2374/2302/2055
f 2373/2300/2056 4358/2303/2056 2362/2266/2056
f 4358/2303/2057 2343/2304/2057 522/2269/2057
f 4358/2303/2058 2374/2302/2058 523/2305/2058
f 2375/2306/2059 1215/2307/2059 2376/2308/2059
f 2375/2306/2060 4359/2309/2060 2374/2302/2060
f 4359/2309/2061 2342/2310/2061 523/2305/2061
f 4359/2309/2062 2376/2308/2062 524/2311/2062
f 2377/2312/2063 1216/2313/2063 2378/2314/2063
f 2377/2312/2064 4360/2315/2064 2366/2278/2064
f 4360/2315/2065 2336/2316/2065 530/2281/2065
f 4360/2315/2066 2378/2314/2066 531/2317/2066
f 2379/2318/2067 1217/2319/2067 2380/2320/2067
f 2379/2318/2068 4361/2321/2068 2378/2314/2068
f 4361/2321/2069 2335/2322/2069 531/2317/2069
f 4361/2321/2070 2380/2320/2070 532/2323/2070
f 2381/2324/2071 1218/2325/2071 2382/2326/2071
f 2381/2324/2072 4362/2327/2072 2370/2290/2072
f 4362/2327/2073 2328/2328/2073 538/2293/2073
f 4362/2327/2074 2382/2326/2074 539/2329/2074
f 2383/2330/2075 1219/2331/2075 2384/2332/2075
f 2383/2330/2076 4363/2333/2076 2382/2326/2076
f 4363/2333/2077 2327/2334/2077 539/2329/2077
f 4363/2333/2078 2384/2332/2078 540/2335/2078
f 2385/2336/2079 1206/2337/2079 2359/2260/2079
f 2385/2336/2080 4364/2338/2080 2372/2296/2080
f 4364/2338/2081 2321/2339/2081 546/2299/2081
f 4364/2338/2082 2359/2260/2082 545/2262/2082
f 2386/2340/2083 1220/2341/2083 2387/2342/2083
f 2386/2340/2084 4365/2343/2084 2376/2308/2084
f 4365/2343/2085 2341/2344/2085 524/2311/2085
f 4365/2343/2086 2387/2342/2086 525/2345/2086
f 2388/2346/2087 1197/2347/2087 1515/453/2087
f 2388/2346/2088 4366/2348/2088 2387/2342/2088
f 4366/2348/2089 2340/2349/2089 525/2345/2089
f 4366/2348/2090 1515/453/2090 526/455/2090
f 2389/2350/2091 1221/2351/2091 2390/2352/2091
f 2389/2350/2092 4367/2353/2092 2380/2320/2092
f 4367/2353/2093 2334/2354/2093 532/2323/2093
f 4367/2353/2094 2390/2352/2094 533/2355/2094
f 2391/2356/2095 1200/2357/2095 2349/2232/2095
f 2391/2356/2096 4368/2358/2096 2390/2352/2096
f 4368/2358/2097 2333/2359/2097 533/2355/2097
f 4368/2358/2098 2349/2232/2098 534/2234/2098
f 2392/2360/2099 1222/2361/2099 2393/2362/2099
f 2392/2360/2100 4369/2363/2100 2384/2332/2100
f 4369/2363/2101 2326/2364/2101 540/2335/2101
f 4369/2363/2102 2393/2362/2102 541/2365/2102
f 2394/2366/2103 1203/2367/2103 2354/2246/2103
f 2394/2366/2104 4370/2368/2104 2393/2362/2104
f 4370/2368/2105 2325/2369/2105 541/2365/2105
f 4370/2368/2106 2354/2246/2106 542/2248/2106
f 104/2370/2107 1604/605/2107 4371/2371/2107
f 572/2372/2108 2395/2373/2108 4371/2371/2108
f 2396/2374/2109 4371/2371/2109 2397/2375/2109
f 1604/605/2110 79/607/2110 2397/2375/2110
f 2398/2376/2111 103/612/2111 1608/614/2111
f 571/2377/2112 2398/2376/2112 4372/2378/2112
f 2399/2379/2113 4372/2378/2113 2395/2373/2113
f 1608/614/2114 104/2370/2114 2395/2373/2114
f 2400/2380/2115 102/618/2115 1611/620/2115
f 570/2381/2116 2400/2380/2116 4373/2382/2116
f 2401/2383/2117 4373/2382/2117 2398/2376/2117
f 4373/2382/2118 1611/620/2118 103/612/2118
f 2402/2384/2119 101/624/2119 1614/626/2119
f 569/2385/2120 2402/2384/2120 4374/2386/2120
f 2403/2387/2121 4374/2386/2121 2400/2380/2121
f 4374/2386/2122 1614/626/2122 102/618/2122
f 2404/2388/2123 100/630/2123 1617/632/2123
f 568/2389/2124 2404/2388/2124 4375/2390/2124
f 2405/2391/2125 4375/2390/2125 2402/2384/2125
f 4375/2390/2126 1617/632/2126 101/624/2126
f 2406/2392/2127 99/636/2127 1620/638/2127
f 567/2393/2128 2406/2392/2128 4376/2394/2128
f 2407/2395/2129 4376/2394/2129 2404/2388/2129
f 4376/2394/2130 1620/638/2130 100/630/2130
f 98/649/2131 1623/643/2131 4377/2396/2131
f 2408/2397/2132 4377/2396/2132 2409/2398/2132
f 2409/2398/2133 4377/2396/2133 2406/2392/2133
f 4377/2396/2134 1623/643/2134 99/636/2134
f 97/655/2135 1626/648/2135 4378/2399/2135
f 2410/2400/2136 4378/2399/2136 2411/2401/2136
f 4378/2399/2137 2408/2397/2137 566/2402/2137
f 1626/648/2138 98/649/2138 2408/2397/2138
f 96/661/2139 1629/654/2139 4379/2403/2139
f 2412/2404/2140 4379/2403/2140 2413/2405/2140
f 4379/2403/2141 2410/2400/2141 565/2406/2141
f 1629/654/2142 97/655/2142 2410/2400/2142
f 95/667/2143 1632/660/2143 4380/2407/2143
f 2414/2408/2144 4380/2407/2144 2415/2409/2144
f 4380/2407/2145 2412/2404/2145 564/2410/2145
f 1632/660/2146 96/661/2146 2412/2404/2146
f 2416/2411/2147 94/665/2147 1635/2412/2147
f 2416/2411/2148 4381/2413/2148 2417/2414/2148
f 4381/2413/2149 2414/2408/2149 563/2415/2149
f 1635/2412/2150 95/667/2150 2414/2408/2150
f 2418/2416/2151 93/671/2151 1638/673/2151
f 2418/2416/2152 4382/2417/2152 2419/2418/2152
f 4382/2417/2153 2416/2411/2153 562/2419/2153
f 4382/2417/2154 1638/673/2154 94/665/2154
f 2420/2420/2155 92/677/2155 1641/679/2155
f 560/2421/2156 2420/2420/2156 4383/2422/2156
f 2421/2423/2157 4383/2422/2157 2418/2416/2157
f 4383/2422/2158 1641/679/2158 93/671/2158
f 91/690/2159 1644/684/2159 4384/2424/2159
f 2422/2425/2160 4384/2424/2160 2423/2426/2160
f 4384/2424/2161 2420/2420/2161 560/2421/2161
f 1644/684/2162 92/677/2162 2420/2420/2162
f 90/696/2163 1647/689/2163 4385/2427/2163
f 558/2428/2164 2424/2429/2164 4385/2427/2164
f 2425/2430/2165 4385/2427/2165 2422/2425/2165
f 1647/689/2166 91/690/2166 2422/2425/2166
f 2426/2431/2167 89/694/2167 1650/2432/2167
f 557/2433/2168 2426/2431/2168 4386/2434/2168
f 2427/2435/2169 4386/2434/2169 2424/2429/2169
f 1650/2432/2170 90/696/2170 2424/2429/2170
f 2428/2436/2171 88/700/2171 1653/702/2171
f 556/2437/2172 2428/2436/2172 4387/2438/2172
f 2429/2439/2173 4387/2438/2173 2426/2431/2173
f 4387/2438/2174 1653/702/2174 89/694/2174
f 2430/2440/2175 87/706/2175 1656/708/2175
f 555/2441/2176 2430/2440/2176 4388/2442/2176
f 2431/2443/2177 4388/2442/2177 2428/2436/2177
f 4388/2442/2178 1656/708/2178 88/700/2178
f 2432/2444/2179 86/712/2179 1659/714/2179
f 554/2445/2180 2432/2444/2180 4389/2446/2180
f 2433/2447/2181 4389/2446/2181 2430/2440/2181
f 4389/2446/2182 1659/714/2182 87/706/2182
f 85/725/2183 1662/719/2183 4390/2448/2183
f 2434/2449/2184 4390/2448/2184 2435/2450/2184
f 2435/2450/2185 4390/2448/2185 2432/2444/2185
f 4390/2448/2186 1662/719/2186 86/712/2186
f 84/731/2187 1665/724/2187 4391/2451/2187
f 2436/2452/2188 4391/2451/2188 2437/2453/2188
f 4391/2451/2189 2434/2449/2189 553/2454/2189
f 1665/724/2190 85/725/2190 2434/2449/2190
f 83/737/2191 1668/730/2191 4392/2455/2191
f 2438/2456/2192 4392/2455/2192 2439/2457/2192
f 4392/2455/2193 2436/2452/2193 552/2458/2193
f 1668/730/2194 84/731/2194 2436/2452/2194
f 82/743/2195 1671/736/2195 4393/2459/2195
f 2440/2460/2196 4393/2459/2196 2441/2461/2196
f 4393/2459/2197 2438/2456/2197 551/2462/2197
f 1671/736/2198 83/737/2198 2438/2456/2198
f 81/749/2199 1674/742/2199 4394/2463/2199
f 2442/2464/2200 4394/2463/2200 2443/2465/2200
f 4394/2463/2201 2440/2460/2201 550/2466/2201
f 1674/742/2202 82/743/2202 2440/2460/2202
f 2444/2467/2203 80/2468/2203 1677/748/2203
f 2444/2467/2204 4395/2469/2204 2445/2470/2204
f 4395/2469/2205 2442/2464/2205 549/2471/2205
f 1677/748/2206 81/749/2206 2442/2464/2206
f 2397/2472/2207 79/753/2207 1679/755/2207
f 2397/2472/2208 4396/2473/2208 2446/2474/2208
f 4396/2473/2209 2444/2467/2209 548/2475/2209
f 4396/2473/2210 1679/755/2210 80/2468/2210
f 1171/2476/2211 2450/2477/2211 4397/2478/2212
f 2447/2479/2213 4397/2478/2214 2448/2480/2213
f 4397/2478/2215 2449/2481/2216 576/2482/2217
f 2450/2477/2218 574/2483/2218 2449/2481/2218
f 1172/2484/2219 2448/2480/2219 4398/2485/2219
f 2451/2486/2220 4398/2485/2220 2452/2487/2220
f 4398/2485/2221 2453/2488/2221 578/2489/2221
f 2448/2480/2222 576/2482/2223 2453/2488/2222
f 1173/2490/2224 2452/2487/2224 4399/2491/2224
f 2454/2492/2225 4399/2491/2225 2455/2493/2225
f 4399/2491/2226 2456/2494/2226 580/2495/2226
f 2452/2487/2227 578/2489/2227 2456/2494/2227
f 1174/2496/2228 2455/2493/2228 4400/2497/2228
f 2457/2498/2229 4400/2497/2229 2458/2499/2229
f 4400/2497/2230 2459/2500/2230 582/2501/2230
f 2455/2493/2231 580/2495/2231 2459/2500/2231
f 1175/2502/2232 2458/2499/2232 4401/2503/2232
f 2460/2504/2233 4401/2503/2233 2461/2505/2233
f 4401/2503/2234 2462/2506/2234 584/2507/2234
f 2458/2499/2235 582/2501/2235 2462/2506/2235
f 1176/2508/2236 2461/2505/2236 4402/2509/2236
f 2463/2510/2237 4402/2509/2237 2464/2511/2237
f 4402/2509/2238 2465/2512/2238 586/2513/2238
f 2461/2505/2239 584/2507/2239 2465/2512/2239
f 1177/2514/2240 2464/2511/2240 4403/2515/2240
f 2466/2516/2241 4403/2515/2241 2467/2517/2241
f 2467/2517/2242 4403/2515/2242 2468/2518/2242
f 2464/2511/2243 586/2513/2243 2468/2518/2243
f 1178/2519/2244 2467/2517/2244 4404/2520/2244
f 2469/2521/2245 4404/2520/2245 2470/2522/2246
f 4404/2520/2247 2471/2523/2247 590/2524/2247
f 2467/2517/2248 588/2525/2248 2471/2523/2248
f 2472/2526/2249 1179/2527/2249 2470/2522/2250
f 1180/2528/2251 2472/2526/2251 4405/2529/2251
f 2473/2530/2252 4405/2529/2252 2474/2531/2252
f 2470/2522/2253 590/2524/2254 2474/2531/2254
f 2475/2532/2255 1180/2528/2255 2473/2530/2255
f 1181/2533/2256 2475/2532/2256 4406/2534/2256
f 2476/2535/2257 4406/2534/2257 2477/2536/2257
f 4406/2534/2258 2473/2530/2258 592/2537/2258
f 2478/2538/2259 1181/2533/2259 2476/2535/2259
f 1182/2539/2260 2478/2538/2260 4407/2540/2260
f 2479/2541/2261 4407/2540/2261 2480/2542/2261
f 4407/2540/2262 2476/2535/2262 594/2543/2262
f 2481/2544/2263 1182/2539/2263 2479/2541/2263
f 1183/2545/2264 2481/2544/2264 4408/2546/2264
f 2482/2547/2265 4408/2546/2265 2483/2548/2265
f 4408/2546/2266 2479/2541/2266 596/2549/2266
f 2484/2550/2267 1183/2545/2267 2482/2547/2267
f 1184/2551/2268 2484/2550/2268 4409/2552/2268
f 2485/2553/2269 4409/2552/2269 2486/2554/2269
f 4409/2552/2270 2482/2547/2270 598/2555/2270
f 1184/2551/2271 2485/2553/2271 4410/2556/2271
f 2487/2557/2272 4410/2556/2272 2488/2558/2272
f 4410/2556/2273 2489/2559/2273 602/2560/2273
f 2485/2553/2274 600/2561/2274 2489/2559/2274
f 1185/2562/2275 2488/2558/2275 4411/2563/2275
f 2490/2564/2276 4411/2563/2276 2491/2565/2276
f 4411/2563/2277 2492/2566/2277 604/2567/2277
f 2488/2558/2278 602/2560/2278 2492/2566/2278
f 1186/2568/2279 2491/2565/2279 4412/2569/2279
f 2493/2570/2280 4412/2569/2280 2494/2571/2280
f 4412/2569/2281 2495/2572/2282 606/2573/2281
f 2491/2565/2283 604/2567/2283 2495/2572/2284
f 1187/2574/2285 2494/2571/2285 4413/2575/2285
f 2496/2576/2286 4413/2575/2286 2497/2577/2286
f 4413/2575/2287 2498/2578/2287 608/2579/2287
f 2494/2571/2288 606/2573/2288 2498/2578/2288
f 1188/2580/2289 2497/2577/2289 4414/2581/2289
f 2499/2582/2290 4414/2581/2290 2500/2583/2290
f 2500/2583/2291 4414/2581/2291 2501/2584/2291
f 2497/2577/2292 608/2579/2292 2501/2584/2292
f 2502/2585/2293 1189/2586/2293 2500/2583/2293
f 1190/2587/2294 2502/2585/2294 4415/2588/2294
f 2503/2589/2295 4415/2588/2295 2504/2590/2295
f 4415/2588/2296 2500/2583/2296 610/2591/2296
f 2505/2592/2297 1190/2587/2297 2503/2589/2297
f 1191/2593/2298 2505/2592/2298 4416/2594/2298
f 2506/2595/2299 4416/2594/2299 2507/2596/2299
f 2503/2589/2300 612/2597/2300 2507/2596/2300
f 2508/2598/2301 1191/2593/2301 2506/2595/2301
f 1192/2599/2302 2508/2598/2302 4417/2600/2302
f 2509/2601/2303 4417/2600/2303 2510/2602/2303
f 4417/2600/2304 2506/2595/2304 614/2603/2304
f 2511/2604/2305 1192/2599/2305 2509/2601/2305
f 1193/2605/2306 2511/2604/2306 4418/2606/2306
f 2512/2607/2307 4418/2606/2307 2513/2608/2307
f 4418/2606/2308 2509/2601/2308 616/2609/2308
f 2514/2610/2309 1193/2605/2309 2512/2607/2309
f 1194/2611/2310 2514/2610/2310 4419/2612/2310
f 2515/2613/2311 4419/2612/2311 2516/2614/2311
f 4419/2612/2312 2512/2607/2312 618/2615/2312
f 2517/2616/2313 1194/2611/2313 2515/2613/2313
f 1195/2617/2314 2517/2616/2314 4420/2618/2314
f 2518/2619/2315 4420/2618/2315 2519/2620/2315
f 4420/2618/2316 2515/2613/2316 620/2621/2316
f 2520/2622/2317 1195/2617/2317 2518/2619/2317
f 1196/2623/2318 2520/2622/2318 4421/2624/2318
f 2521/2625/2319 4421/2624/2319 2522/2626/2319
f 4421/2624/2320 2518/2619/2320 622/2627/2320
f 2523/2628/2321 1196/2623/2321 2521/2625/2321
f 1171/2629/2322 2523/2628/2322 4422/2630/2322
f 2450/2631/2323 4422/2630/2323 2524/2632/2323
f 4422/2630/2324 2521/2625/2324 624/2633/2324
f 1091/2634/2325 2528/2635/2325 4423/2636/2325
f 1042/2637/2326 2525/2638/2326 4423/2636/2326
f 2526/2639/2327 4423/2636/2327 2527/2640/2327
f 2528/2635/2328 983/2641/2328 2527/2640/2328
f 2529/2642/2329 678/2643/2329 2532/2644/2329
f 2529/2642/2330 4424/2645/2330 2530/2646/2330
f 4424/2645/2331 2531/2647/2331 837/2648/2331
f 4424/2645/2332 2532/2644/2332 864/2649/2332
f 2533/2650/2333 680/2651/2333 2536/2652/2333
f 2533/2650/2334 4425/2653/2334 2534/2654/2334
f 4425/2653/2335 2535/2655/2335 909/2656/2335
f 4425/2653/2336 2536/2652/2336 840/2657/2336
f 2537/2658/2337 905/2659/2337 2540/2660/2337
f 2537/2658/2338 4426/2661/2338 2538/2662/2338
f 2538/2662/2339 4426/2661/2339 2539/2663/2339
f 4426/2661/2340 2540/2660/2340 645/2664/2340
f 2541/2665/2341 866/2666/2341 2538/2662/2341
f 839/2667/2342 2541/2665/2342 4427/2668/2342
f 2542/2669/2343 4427/2668/2343 2543/2670/2343
f 4427/2668/2344 2538/2662/2344 646/2671/2344
f 2544/2672/2345 869/2673/2345 2547/2674/2345
f 2544/2672/2346 4428/2675/2346 2545/2676/2346
f 4428/2675/2347 2546/2677/2347 644/2678/2347
f 4428/2675/2348 2547/2674/2348 643/2679/2348
f 2548/2680/2349 682/2681/2349 2551/2682/2349
f 2548/2680/2350 4429/2683/2350 2549/2684/2350
f 4429/2683/2351 2550/2685/2351 867/2686/2351
f 4429/2683/2352 2551/2682/2352 906/2687/2352
f 2552/2688/2353 684/2689/2353 2555/2690/2353
f 2552/2688/2354 4430/2691/2354 2553/2692/2354
f 4430/2691/2355 2554/2693/2355 843/2694/2355
f 4430/2691/2356 2555/2690/2356 870/2695/2356
f 2556/2696/2357 683/2697/2357 2553/2692/2357
f 2556/2696/2358 4431/2698/2358 2551/2682/2358
f 4431/2698/2359 2557/2699/2359 906/2687/2359
f 4431/2698/2360 2553/2692/2360 843/2694/2360
f 2558/2700/2361 685/2701/2361 2560/2702/2361
f 2558/2700/2362 4432/2703/2362 2555/2690/2362
f 4432/2703/2363 2559/2704/2363 870/2695/2363
f 4432/2703/2364 2560/2702/2364 903/2705/2364
f 2561/2706/2365 872/2707/2365 2564/2708/2365
f 2561/2706/2366 4433/2709/2366 2562/2710/2366
f 4433/2709/2367 2563/2711/2367 641/2712/2367
f 4433/2709/2368 2564/2708/2368 640/2713/2368
f 2565/2714/2369 689/2715/2369 2568/2716/2369
f 2565/2714/2370 4434/2717/2370 2566/2718/2370
f 4434/2717/2371 2567/2719/2371 900/2720/2371
f 4434/2717/2372 2568/2716/2372 849/2721/2372
f 2569/2722/2373 896/2723/2373 2572/2724/2373
f 2569/2722/2374 4435/2725/2374 2570/2726/2374
f 4435/2725/2375 2571/2727/2375 637/2728/2375
f 4435/2725/2376 2572/2724/2376 636/2729/2376
f 2573/2730/2377 875/2731/2377 2570/2726/2377
f 2573/2730/2378 4436/2732/2378 2574/2733/2378
f 4436/2732/2379 2575/2734/2379 638/2735/2379
f 4436/2732/2380 2570/2726/2380 637/2728/2380
f 2576/2736/2381 878/2737/2381 2579/2738/2381
f 2576/2736/2382 4437/2739/2382 2577/2740/2382
f 4437/2739/2383 2578/2741/2383 635/2742/2383
f 4437/2739/2384 2579/2738/2384 634/2743/2384
f 2580/2744/2385 691/2745/2385 2583/2746/2385
f 2580/2744/2386 4438/2747/2386 2581/2748/2386
f 4438/2747/2387 2582/2749/2387 876/2750/2387
f 4438/2747/2388 2583/2746/2388 897/2751/2388
f 2584/2752/2389 693/2753/2389 2587/2754/2389
f 2584/2752/2390 4439/2755/2390 2585/2756/2390
f 4439/2755/2391 2586/2757/2391 852/2758/2391
f 4439/2755/2392 2587/2754/2392 879/2759/2392
f 2588/2760/2393 692/2761/2393 2585/2756/2393
f 2588/2760/2394 4440/2762/2394 2583/2746/2394
f 4440/2762/2395 2589/2763/2395 897/2751/2395
f 4440/2762/2396 2585/2756/2396 852/2758/2396
f 2590/2764/2397 694/2765/2397 2592/2766/2397
f 2590/2764/2398 4441/2767/2398 2587/2754/2398
f 4441/2767/2399 2591/2768/2399 879/2759/2399
f 4441/2767/2400 2592/2766/2400 894/2769/2400
f 2593/2770/2401 881/2771/2401 2596/2772/2401
f 2593/2770/2402 4442/2773/2402 2594/2774/2402
f 4442/2773/2403 2595/2775/2403 632/2776/2403
f 4442/2773/2404 2596/2772/2404 631/2777/2404
f 2597/2778/2405 698/2779/2405 2600/2780/2405
f 2597/2778/2406 4443/2781/2406 2598/2782/2406
f 4443/2781/2407 2599/2783/2407 891/2784/2407
f 4443/2781/2408 2600/2780/2408 858/2785/2408
f 887/2786/2409 2604/2787/2409 4444/2788/2409
f 2601/2789/2410 4444/2788/2410 2602/2790/2410
f 4444/2788/2411 2603/2791/2411 628/2792/2411
f 2604/2787/2412 627/2793/2412 2603/2791/2412
f 884/2794/2413 2602/2790/2413 4445/2795/2413
f 2605/2796/2414 4445/2795/2414 2606/2797/2414
f 4445/2795/2415 2607/2798/2415 629/2799/2415
f 2602/2790/2416 628/2792/2416 2607/2798/2416
f 860/2800/2417 2610/2801/2417 4446/2802/2417
f 2608/2803/2418 4446/2802/2418 2604/2787/2418
f 4446/2802/2419 2609/2804/2419 627/2793/2419
f 2610/2801/2420 626/2805/2420 2609/2804/2420
f 2611/2806/2421 700/2807/2421 2614/2808/2421
f 2611/2806/2422 4447/2809/2422 2612/2810/2422
f 4447/2809/2423 2613/2811/2423 885/2812/2423
f 4447/2809/2424 2614/2808/2424 888/2813/2424
f 2615/2814/2425 701/2815/2425 2617/2816/2425
f 2615/2814/2426 4448/2817/2426 2614/2808/2426
f 4448/2817/2427 2616/2818/2427 888/2813/2427
f 4448/2817/2428 2617/2816/2428 861/2819/2428
f 2618/2820/2429 677/2821/2429 2530/2646/2429
f 2618/2820/2430 4449/2822/2430 2619/2823/2430
f 4449/2822/2431 2620/2824/2431 833/2825/2431
f 4449/2822/2432 2530/2646/2432 837/2648/2432
f 1049/2826/2433 2624/2827/2433 4450/2828/2433
f 1051/2829/2434 2621/2830/2434 4450/2828/2434
f 2622/2831/2435 4450/2828/2435 2623/2832/2435
f 2624/2827/2436 920/2833/2436 2623/2832/2436
f 1051/2829/2437 2622/2831/2437 4451/2834/2437
f 1053/2835/2438 2625/2836/2438 4451/2834/2438
f 2626/2837/2439 4451/2834/2439 2627/2838/2439
f 2622/2831/2440 923/2839/2440 2627/2838/2440
f 1053/2835/2441 2626/2837/2441 4452/2840/2441
f 1055/2841/2442 2628/2842/2442 4452/2840/2442
f 2629/2843/2443 4452/2840/2443 2630/2844/2443
f 2626/2837/2444 926/2845/2444 2630/2844/2444
f 1055/2841/2445 2629/2843/2445 4453/2846/2445
f 1057/2847/2446 2631/2848/2446 4453/2846/2446
f 2632/2849/2447 4453/2846/2447 2633/2850/2447
f 2629/2843/2448 929/2851/2448 2633/2850/2448
f 1057/2847/2449 2632/2849/2449 4454/2852/2449
f 1059/2853/2450 2634/2854/2450 4454/2852/2450
f 2635/2855/2451 4454/2852/2451 2636/2856/2451
f 2632/2849/2452 932/2857/2452 2636/2856/2452
f 1059/2853/2453 2635/2855/2453 4455/2858/2453
f 1061/2859/2454 2637/2860/2454 4455/2858/2454
f 2638/2861/2455 4455/2858/2455 2639/2862/2455
f 2635/2855/2456 935/2863/2456 2639/2862/2456
f 1061/2859/2457 2638/2861/2457 4456/2864/2457
f 1063/2865/2458 2640/2866/2458 4456/2864/2458
f 2641/2867/2459 4456/2864/2459 2642/2868/2459
f 2638/2861/2460 938/2869/2460 2642/2868/2460
f 1063/2865/2461 2641/2867/2461 4457/2870/2461
f 1065/2871/2462 2643/2872/2462 4457/2870/2462
f 2644/2873/2463 4457/2870/2463 2645/2874/2463
f 2641/2867/2464 941/2875/2464 2645/2874/2464
f 1065/2871/2465 2644/2873/2465 4458/2876/2465
f 1067/2877/2466 2646/2878/2466 4458/2876/2466
f 2647/2879/2467 4458/2876/2467 2648/2880/2467
f 2644/2873/2468 944/2881/2468 2648/2880/2468
f 1067/2877/2469 2647/2879/2469 4459/2882/2469
f 1069/2883/2470 2649/2884/2470 4459/2882/2470
f 2650/2885/2471 4459/2882/2471 2651/2886/2471
f 2647/2879/2472 947/2887/2472 2651/2886/2472
f 1069/2883/2473 2650/2885/2473 4460/2888/2473
f 1071/2889/2474 2652/2890/2474 4460/2888/2474
f 2653/2891/2475 4460/2888/2475 2654/2892/2475
f 2650/2885/2476 950/2893/2476 2654/2892/2476
f 1071/2889/2477 2653/2891/2477 4461/2894/2477
f 1073/2895/2478 2655/2896/2478 4461/2894/2478
f 2656/2897/2479 4461/2894/2479 2657/2898/2479
f 2653/2891/2480 953/2899/2481 2657/2898/2480
f 1073/2895/2482 2656/2897/2482 4462/2900/2482
f 1075/2901/2483 2658/2902/2483 4462/2900/2483
f 2659/2903/2484 4462/2900/2484 2660/2904/2484
f 2656/2897/2485 956/2905/2485 2660/2904/2485
f 1075/2901/2486 2659/2903/2486 4463/2906/2486
f 1077/2907/2487 2661/2908/2487 4463/2906/2487
f 2662/2909/2488 4463/2906/2488 2663/2910/2488
f 2659/2903/2489 959/2911/2489 2663/2910/2489
f 1077/2907/2490 2662/2909/2490 4464/2912/2490
f 1079/2913/2491 2664/2914/2491 4464/2912/2491
f 2665/2915/2492 4464/2912/2492 2666/2916/2492
f 2662/2909/2493 962/2917/2493 2666/2916/2493
f 1079/2913/2494 2665/2915/2494 4465/2918/2494
f 1081/2919/2495 2667/2920/2495 4465/2918/2495
f 2668/2921/2496 4465/2918/2496 2669/2922/2496
f 2665/2915/2497 965/2923/2497 2669/2922/2497
f 1081/2919/2498 2668/2921/2498 4466/2924/2498
f 1083/2925/2499 2670/2926/2499 4466/2924/2499
f 2671/2927/2500 4466/2924/2500 2672/2928/2500
f 2668/2921/2501 968/2929/2501 2672/2928/2501
f 1083/2925/2502 2671/2927/2502 4467/2930/2502
f 1085/2931/2503 2673/2932/2503 4467/2930/2503
f 2674/2933/2504 4467/2930/2504 2675/2934/2504
f 2671/2927/2505 971/2935/2505 2675/2934/2505
f 1085/2931/2506 2674/2933/2506 4468/2936/2506
f 1087/2937/2507 2676/2938/2507 4468/2936/2507
f 2677/2939/2508 4468/2936/2508 2678/2940/2508
f 2674/2933/2509 974/2941/2509 2678/2940/2509
f 1087/2937/2510 2677/2939/2510 4469/2942/2510
f 1089/2943/2511 2679/2944/2511 4469/2942/2511
f 2680/2945/2512 4469/2942/2512 2681/2946/2512
f 2677/2939/2513 977/2947/2513 2681/2946/2513
f 1089/2943/2514 2680/2945/2514 4470/2948/2514
f 1091/2634/2515 2682/2949/2515 4470/2948/2515
f 2528/2635/2516 4470/2948/2516 2683/2950/2516
f 2680/2945/2517 980/2951/2517 2683/2950/2517
f 585/2952/2518 2687/2953/2518 4471/2954/2518
f 2684/2955/2519 4471/2954/2519 2685/2956/2519
f 2685/2956/2520 4471/2954/2520 2686/2957/2520
f 4471/2954/2521 2687/2953/2521 583/2958/2521
f 1043/2959/2522 2691/2960/2522 4472/2961/2522
f 1045/2962/2523 2688/2963/2523 4472/2961/2523
f 2689/2964/2524 4472/2961/2524 2690/2965/2524
f 2691/2960/2525 911/2966/2525 2690/2965/2525
f 912/2967/2526 2695/2968/2526 4473/2969/2526
f 915/2970/2527 2692/2971/2527 4473/2969/2527
f 2693/2972/2528 4473/2969/2528 2694/2973/2528
f 2695/2968/2529 706/2974/2529 2694/2973/2529
f 984/2975/2530 2699/2976/2530 4474/2977/2530
f 986/2978/2531 2696/2979/2531 4474/2977/2531
f 2697/2980/2532 4474/2977/2532 2698/2981/2532
f 2699/2976/2533 778/2982/2533 2698/2981/2533
f 981/2983/2534 2702/2984/2534 4475/2985/2534
f 984/2975/2535 2700/2986/2535 4475/2985/2535
f 2699/2976/2536 4475/2985/2536 2701/2987/2536
f 2702/2984/2537 775/2988/2537 2701/2987/2537
f 978/2989/2538 2705/2990/2538 4476/2991/2538
f 981/2983/2539 2703/2992/2539 4476/2991/2539
f 2702/2984/2540 4476/2991/2540 2704/2993/2540
f 2705/2990/2541 772/2994/2541 2704/2993/2541
f 975/2995/2542 2708/2996/2542 4477/2997/2542
f 978/2989/2543 2706/2998/2543 4477/2997/2543
f 2705/2990/2544 4477/2997/2544 2707/2999/2544
f 2708/2996/2545 769/3000/2545 2707/2999/2545
f 972/3001/2546 2711/3002/2546 4478/3003/2546
f 975/2995/2547 2709/3004/2547 4478/3003/2547
f 2708/2996/2548 4478/3003/2548 2710/3005/2548
f 2711/3002/2549 766/3006/2549 2710/3005/2549
f 969/3007/2550 2714/3008/2550 4479/3009/2550
f 972/3001/2551 2712/3010/2551 4479/3009/2551
f 2711/3002/2552 4479/3009/2552 2713/3011/2552
f 2714/3008/2553 763/3012/2553 2713/3011/2553
f 966/3013/2554 2717/3014/2554 4480/3015/2554
f 969/3007/2555 2715/3016/2555 4480/3015/2555
f 2714/3008/2556 4480/3015/2556 2716/3017/2556
f 2717/3014/2557 760/3018/2557 2716/3017/2557
f 963/3019/2558 2720/3020/2558 4481/3021/2558
f 966/3013/2559 2718/3022/2559 4481/3021/2559
f 2717/3014/2560 4481/3021/2560 2719/3023/2560
f 2720/3020/2561 757/3024/2561 2719/3023/2561
f 960/3025/2562 2723/3026/2562 4482/3027/2562
f 963/3019/2563 2721/3028/2563 4482/3027/2563
f 2720/3020/2564 4482/3027/2564 2722/3029/2564
f 2723/3026/2565 754/3030/2565 2722/3029/2565
f 957/3031/2566 2726/3032/2566 4483/3033/2566
f 960/3025/2567 2724/3034/2567 4483/3033/2567
f 2723/3026/2568 4483/3033/2568 2725/3035/2568
f 2726/3032/2569 751/3036/2569 2725/3035/2569
f 954/3037/2570 2729/3038/2570 4484/3039/2570
f 957/3031/2571 2727/3040/2571 4484/3039/2571
f 2726/3032/2572 4484/3039/2572 2728/3041/2572
f 2729/3038/2573 748/3042/2573 2728/3041/2573
f 951/3043/2574 2732/3044/2574 4485/3045/2574
f 954/3037/2575 2730/3046/2575 4485/3045/2575
f 2729/3038/2576 4485/3045/2576 2731/3047/2576
f 2732/3044/2577 745/3048/2577 2731/3047/2577
f 948/3049/2578 2735/3050/2578 4486/3051/2578
f 951/3043/2579 2733/3052/2579 4486/3051/2579
f 2732/3044/2580 4486/3051/2580 2734/3053/2580
f 2735/3050/2581 742/3054/2581 2734/3053/2581
f 945/3055/2582 2738/3056/2582 4487/3057/2582
f 948/3049/2583 2736/3058/2583 4487/3057/2583
f 2735/3050/2584 4487/3057/2584 2737/3059/2584
f 2738/3056/2585 739/3060/2585 2737/3059/2585
f 942/3061/2586 2741/3062/2586 4488/3063/2586
f 945/3055/2587 2739/3064/2587 4488/3063/2587
f 2738/3056/2588 4488/3063/2588 2740/3065/2588
f 2741/3062/2589 736/3066/2589 2740/3065/2589
f 939/3067/2590 2744/3068/2590 4489/3069/2590
f 942/3061/2591 2742/3070/2591 4489/3069/2591
f 2741/3062/2592 4489/3069/2592 2743/3071/2592
f 2744/3068/2593 733/3072/2593 2743/3071/2593
f 936/3073/2594 2747/3074/2594 4490/3075/2594
f 939/3067/2595 2745/3076/2595 4490/3075/2595
f 2744/3068/2596 4490/3075/2596 2746/3077/2596
f 2747/3074/2597 730/3078/2597 2746/3077/2597
f 933/3079/2598 2750/3080/2598 4491/3081/2598
f 936/3073/2599 2748/3082/2599 4491/3081/2599
f 2747/3074/2600 4491/3081/2600 2749/3083/2600
f 2750/3080/2601 727/3084/2601 2749/3083/2601
f 930/3085/2602 2753/3086/2602 4492/3087/2602
f 933/3079/2603 2751/3088/2603 4492/3087/2603
f 2750/3080/2604 4492/3087/2604 2752/3089/2604
f 2753/3086/2605 724/3090/2605 2752/3089/2605
f 927/3091/2606 2756/3092/2606 4493/3093/2606
f 930/3085/2607 2754/3094/2607 4493/3093/2607
f 2753/3086/2608 4493/3093/2608 2755/3095/2608
f 2756/3092/2609 721/3096/2609 2755/3095/2609
f 924/3097/2610 2759/3098/2610 4494/3099/2610
f 927/3091/2611 2757/3100/2611 4494/3099/2611
f 2756/3092/2612 4494/3099/2612 2758/3101/2612
f 2759/3098/2613 718/3102/2613 2758/3101/2613
f 921/3103/2614 2762/3104/2614 4495/3105/2614
f 924/3097/2615 2760/3106/2615 4495/3105/2615
f 2759/3098/2616 4495/3105/2616 2761/3107/2616
f 2762/3104/2617 715/3108/2617 2761/3107/2617
f 918/3109/2618 2765/3110/2618 4496/3111/2618
f 921/3103/2619 2763/3112/2619 4496/3111/2619
f 2762/3104/2620 4496/3111/2620 2764/3113/2620
f 2765/3110/2621 712/3114/2621 2764/3113/2621
f 915/2970/2622 2693/2972/2622 4497/3115/2622
f 918/3109/2623 2766/3116/2623 4497/3115/2623
f 2765/3110/2624 4497/3115/2624 2767/3117/2624
f 2693/2972/2625 709/3118/2625 2767/3117/2625
f 986/3119/2626 2697/3120/2626 4498/3121/2626
f 912/2967/2627 2768/3122/2627 4498/3121/2627
f 2695/2968/2628 4498/3121/2628 2769/3123/2628
f 2697/3120/2629 704/3124/2629 2769/3123/2629
f 1045/2962/2630 2689/2964/2630 4499/3125/2630
f 1047/3126/2631 2770/3127/2631 4499/3125/2631
f 2771/3128/2632 4499/3125/2632 2772/3129/2632
f 2689/2964/2633 914/3130/2633 2772/3129/2633
f 2773/3131/2634 708/3132/2634 2776/3133/2634
f 705/3134/2635 2773/3131/2635 4500/3135/2635
f 4500/3135/2636 2775/3136/2636 651/3137/2636
f 2776/3133/2637 676/3138/2637 2775/3136/2637
f 2777/3139/2638 711/3140/2638 2779/3141/2638
f 708/3132/2639 2777/3139/2639 4501/3142/2639
f 4501/3142/2640 2778/3143/2640 676/3138/2640
f 4501/3142/2641 2779/3141/2641 675/3144/2641
f 2780/3145/2642 714/3146/2642 2782/3147/2642
f 711/3140/2643 2780/3145/2643 4502/3148/2643
f 2779/3141/2644 4502/3148/2644 2781/3149/2644
f 4502/3148/2645 2782/3147/2645 674/3150/2645
f 717/3151/2646 2785/3152/2646 4503/3153/2646
f 2783/3154/2647 4503/3153/2647 2782/3147/2647
f 4503/3153/2648 2784/3155/2648 674/3150/2648
f 2785/3152/2649 673/3156/2649 2784/3155/2649
f 720/3157/2650 2788/3158/2650 4504/3159/2650
f 2786/3160/2651 4504/3159/2651 2785/3152/2651
f 4504/3159/2652 2787/3161/2652 673/3156/2652
f 2788/3158/2653 672/3162/2653 2787/3161/2653
f 723/3163/2654 2791/3164/2654 4505/3165/2654
f 2789/3166/2655 4505/3165/2655 2788/3158/2655
f 4505/3165/2656 2790/3167/2656 672/3162/2656
f 2791/3164/2657 671/3168/2657 2790/3167/2657
f 2792/3169/2658 726/3170/2658 2794/3171/2658
f 2792/3169/2659 4506/3172/2659 2791/3164/2659
f 4506/3172/2660 2793/3173/2660 671/3168/2660
f 4506/3172/2661 2794/3171/2661 670/3174/2661
f 2795/3175/2662 729/3176/2662 2797/3177/2662
f 726/3170/2663 2795/3175/2663 4507/3178/2663
f 2794/3171/2664 4507/3178/2664 2796/3179/2664
f 4507/3178/2665 2797/3177/2665 669/3180/2665
f 2798/3181/2666 732/3182/2666 2800/3183/2666
f 729/3176/2667 2798/3181/2667 4508/3184/2667
f 2797/3177/2668 4508/3184/2668 2799/3185/2668
f 2800/3183/2669 668/3186/2669 2799/3185/2669
f 735/3187/2670 2803/3188/2670 4509/3189/2670
f 2801/3190/2671 4509/3189/2671 2800/3183/2671
f 4509/3189/2672 2802/3191/2672 668/3186/2672
f 2803/3188/2673 667/3192/2673 2802/3191/2673
f 738/3193/2674 2806/3194/2674 4510/3195/2674
f 2804/3196/2675 4510/3195/2675 2803/3188/2675
f 4510/3195/2676 2805/3197/2676 667/3192/2676
f 2806/3194/2677 666/3198/2677 2805/3197/2677
f 741/3199/2678 2809/3200/2678 4511/3201/2678
f 2807/3202/2679 4511/3201/2679 2806/3194/2679
f 4511/3201/2680 2808/3203/2680 666/3198/2680
f 2809/3200/2681 665/3204/2681 2808/3203/2681
f 744/3205/2682 2812/3206/2682 4512/3207/2682
f 2810/3208/2683 4512/3207/2683 2809/3200/2683
f 4512/3207/2684 2811/3209/2684 665/3204/2684
f 2812/3206/2685 664/3210/2685 2811/3209/2685
f 2813/3211/2686 747/3212/2686 2815/3213/2686
f 744/3205/2687 2813/3211/2687 4513/3214/2687
f 2812/3206/2688 4513/3214/2688 2814/3215/2688
f 4513/3214/2689 2815/3213/2689 663/3216/2689
f 2816/3217/2690 750/3218/2690 2818/3219/2690
f 747/3212/2691 2816/3217/2691 4514/3220/2691
f 2815/3213/2692 4514/3220/2692 2817/3221/2692
f 4514/3220/2693 2818/3219/2693 662/3222/2693
f 2819/3223/2694 753/3224/2694 2821/3225/2694
f 750/3218/2695 2819/3223/2695 4515/3226/2695
f 2818/3219/2696 4515/3226/2696 2820/3227/2696
f 4515/3226/2697 2821/3225/2697 661/3228/2697
f 2822/3229/2698 756/3230/2698 2824/3231/2698
f 753/3224/2699 2822/3229/2699 4516/3232/2699
f 2821/3225/2700 4516/3232/2700 2823/3233/2700
f 4516/3232/2701 2824/3231/2701 660/3234/2701
f 759/3235/2702 2827/3236/2702 4517/3237/2702
f 2825/3238/2703 4517/3237/2703 2824/3231/2703
f 2824/3231/2704 4517/3237/2704 2826/3239/2704
f 2827/3236/2705 659/3240/2705 2826/3239/2705
f 762/3241/2706 2830/3242/2706 4518/3243/2706
f 2828/3244/2707 4518/3243/2707 2827/3236/2707
f 4518/3243/2708 2829/3245/2708 659/3240/2708
f 2830/3242/2709 658/3246/2709 2829/3245/2709
f 2831/3247/2710 765/3248/2710 2833/3249/2710
f 2831/3247/2711 4519/3250/2711 2830/3242/2711
f 4519/3250/2712 2832/3251/2712 658/3246/2712
f 4519/3250/2713 2833/3249/2713 657/3252/2713
f 2834/3253/2714 768/3254/2714 2836/3255/2714
f 765/3248/2715 2834/3253/2715 4520/3256/2715
f 2833/3249/2716 4520/3256/2716 2835/3257/2716
f 4520/3256/2717 2836/3255/2717 656/3258/2717
f 2837/3259/2718 771/3260/2718 2839/3261/2718
f 768/3254/2719 2837/3259/2719 4521/3262/2719
f 2836/3255/2720 4521/3262/2720 2838/3263/2720
f 4521/3262/2721 2839/3261/2721 655/3264/2721
f 2840/3265/2722 774/3266/2722 2842/3267/2722
f 771/3260/2723 2840/3265/2723 4522/3268/2723
f 2839/3261/2724 4522/3268/2724 2841/3269/2724
f 4522/3268/2725 2842/3267/2725 654/3270/2725
f 777/3271/2726 2845/3272/2726 4523/3273/2726
f 2843/3274/2727 4523/3273/2727 2842/3267/2727
f 4523/3273/2728 2844/3275/2728 654/3270/2728
f 2845/3272/2729 653/3276/2729 2844/3275/2729
f 780/3277/2730 2848/3278/2730 4524/3279/2730
f 2846/3280/2731 4524/3279/2731 2845/3272/2731
f 4524/3279/2732 2847/3281/2732 653/3276/2732
f 4524/3279/2733 2848/3278/2733 652/3282/2733
f 705/3283/2734 2774/3284/2734 4525/3285/2734
f 2849/3286/2735 4525/3285/2735 2848/3278/2735
f 2848/3278/2736 4525/3285/2736 2850/3287/2736
f 4525/3285/2737 2774/3284/2737 651/3288/2737
f 1047/3126/2738 2771/3128/2738 4526/3289/2738
f 1049/2826/2739 2851/3290/2739 4526/3289/2739
f 2624/2827/2740 4526/3289/2740 2852/3291/2740
f 2771/3128/2741 917/3292/2741 2852/3291/2741
f 2853/3293/2742 829/3294/2742 2855/3295/2742
f 2853/3293/2743 4527/3296/2743 2854/3297/2743
f 4527/3296/2744 2618/2820/2744 702/3298/2744
f 4527/3296/2745 2855/3295/2745 677/2821/2745
f 2856/3299/2746 827/3300/2746 2857/3301/2746
f 2856/3299/2747 4528/3302/2747 2855/3295/2747
f 4528/3302/2748 2529/2642/2748 677/2821/2748
f 4528/3302/2749 2857/3301/2749 678/2643/2749
f 2858/3303/2750 825/3304/2750 2860/3305/2750
f 2858/3303/2751 4529/3306/2751 2857/3301/2751
f 4529/3306/2752 2859/3307/2752 678/2643/2752
f 4529/3306/2753 2860/3305/2753 679/3308/2753
f 2861/3309/2754 823/3310/2754 2862/3311/2754
f 2861/3309/2755 4530/3312/2755 2860/3305/2755
f 4530/3312/2756 2533/2650/2756 679/3308/2756
f 4530/3312/2757 2862/3311/2757 680/2651/2757
f 2863/3313/2758 821/3314/2758 2865/3315/2758
f 2863/3313/2759 4531/3316/2759 2862/3311/2759
f 4531/3316/2760 2864/3317/2760 680/2651/2760
f 4531/3316/2761 2865/3315/2761 681/3318/2761
f 2866/3319/2762 819/3320/2762 2867/3321/2762
f 2866/3319/2763 4532/3322/2763 2865/3315/2763
f 4532/3322/2764 2548/2680/2764 681/3318/2764
f 4532/3322/2765 2867/3321/2765 682/2681/2765
f 2868/3323/2766 817/3324/2766 2869/3325/2766
f 2868/3323/2767 4533/3326/2767 2867/3321/2767
f 4533/3326/2768 2556/2696/2768 682/2681/2768
f 4533/3326/2769 2869/3325/2769 683/2697/2769
f 2870/3327/2770 815/3328/2770 2871/3329/2770
f 2870/3327/2771 4534/3330/2771 2869/3325/2771
f 4534/3330/2772 2552/2688/2772 683/2697/2772
f 4534/3330/2773 2871/3329/2773 684/2689/2773
f 2872/3331/2774 813/3332/2774 2873/3333/2774
f 2872/3331/2775 4535/3334/2775 2871/3329/2775
f 4535/3334/2776 2558/2700/2776 684/2689/2776
f 4535/3334/2777 2873/3333/2777 685/2701/2777
f 2874/3335/2778 811/3336/2778 2876/3337/2778
f 2874/3335/2779 4536/3338/2779 2873/3333/2779
f 4536/3338/2780 2875/3339/2780 685/2701/2780
f 4536/3338/2781 2876/3337/2781 686/3340/2781
f 2877/3341/2782 809/3342/2782 2879/3343/2782
f 2877/3341/2783 4537/3344/2783 2876/3337/2783
f 4537/3344/2784 2878/3345/2784 686/3340/2784
f 4537/3344/2785 2879/3343/2785 687/3346/2785
f 2880/3347/2786 807/3348/2786 2882/3349/2786
f 2880/3347/2787 4538/3350/2787 2879/3343/2787
f 4538/3350/2788 2881/3351/2788 687/3346/2788
f 4538/3350/2789 2882/3349/2789 688/3352/2789
f 2883/3353/2790 805/3354/2790 2884/3355/2790
f 2883/3353/2791 4539/3356/2791 2882/3349/2791
f 4539/3356/2792 2565/2714/2792 688/3352/2792
f 4539/3356/2793 2884/3355/2793 689/2715/2793
f 2885/3357/2794 803/3358/2794 2887/3359/2794
f 2885/3357/2795 4540/3360/2795 2884/3355/2795
f 4540/3360/2796 2886/3361/2796 689/2715/2796
f 4540/3360/2797 2887/3359/2797 690/3362/2797
f 2888/3363/2798 801/3364/2798 2889/3365/2798
f 2888/3363/2799 4541/3366/2799 2887/3359/2799
f 4541/3366/2800 2580/2744/2800 690/3362/2800
f 4541/3366/2801 2889/3365/2801 691/2745/2801
f 2890/3367/2802 799/3368/2802 2891/3369/2802
f 2890/3367/2803 4542/3370/2803 2889/3365/2803
f 4542/3370/2804 2588/2760/2804 691/2745/2804
f 4542/3370/2805 2891/3369/2805 692/2761/2805
f 2892/3371/2806 797/3372/2806 2893/3373/2806
f 2892/3371/2807 4543/3374/2807 2891/3369/2807
f 4543/3374/2808 2584/2752/2808 692/2761/2808
f 4543/3374/2809 2893/3373/2809 693/2753/2809
f 2894/3375/2810 795/3376/2810 2895/3377/2810
f 2894/3375/2811 4544/3378/2811 2893/3373/2811
f 4544/3378/2812 2590/2764/2812 693/2753/2812
f 4544/3378/2813 2895/3377/2813 694/2765/2813
f 2896/3379/2814 793/3380/2814 2898/3381/2814
f 2896/3379/2815 4545/3382/2815 2895/3377/2815
f 4545/3382/2816 2897/3383/2816 694/2765/2816
f 4545/3382/2817 2898/3381/2817 695/3384/2817
f 2899/3385/2818 791/3386/2818 2901/3387/2818
f 2899/3385/2819 4546/3388/2819 2898/3381/2819
f 4546/3388/2820 2900/3389/2820 695/3384/2820
f 4546/3388/2821 2901/3387/2821 696/3390/2821
f 2902/3391/2822 789/3392/2822 2904/3393/2822
f 2902/3391/2823 4547/3394/2823 2901/3387/2823
f 4547/3394/2824 2903/3395/2824 696/3390/2824
f 4547/3394/2825 2904/3393/2825 697/3396/2825
f 2905/3397/2826 787/3398/2826 2906/3399/2826
f 2905/3397/2827 4548/3400/2827 2904/3393/2827
f 4548/3400/2828 2597/2778/2828 697/3396/2828
f 4548/3400/2829 2906/3399/2829 698/2779/2829
f 2907/3401/2830 785/3402/2830 2909/3403/2830
f 2907/3401/2831 4549/3404/2831 2906/3399/2831
f 4549/3404/2832 2908/3405/2832 698/2779/2832
f 4549/3404/2833 2909/3403/2833 699/3406/2833
f 2910/3407/2834 783/3408/2834 2911/3409/2834
f 2910/3407/2835 4550/3410/2835 2909/3403/2835
f 4550/3410/2836 2611/2806/2836 699/3406/2836
f 4550/3410/2837 2911/3409/2837 700/2807/2837
f 2912/3411/2838 1039/3412/2838 2914/3413/2838
f 778/2982/2839 2912/3411/2839 4551/3414/2839
f 4551/3414/2840 2913/3415/2840 704/3416/2840
f 2914/3413/2841 990/3417/2841 2913/3415/2841
f 2913/3418/2842 990/3419/2842 2916/3420/2842
f 704/3124/2843 2913/3418/2843 4552/3421/2843
f 4552/3421/2844 2915/3422/2844 706/2974/2844
f 2916/3420/2845 991/3423/2845 2915/3422/2845
f 2917/3424/2846 1037/3425/2846 2918/3426/2846
f 775/2988/2847 2917/3424/2847 4553/3427/2847
f 4553/3427/2848 2912/3411/2848 778/2982/2848
f 2918/3426/2849 1039/3412/2849 2912/3411/2849
f 625/3428/2850 2921/3429/2850 4554/3430/2850
f 2919/3431/2851 4554/3430/2851 2920/3432/2851
f 4554/3430/2852 2849/3286/2852 780/3277/2852
f 2921/3429/2853 705/3283/2853 2849/3286/2853
f 2922/3433/2854 1035/3434/2854 2923/3435/2854
f 772/2994/2855 2922/3433/2855 4555/3436/2855
f 4555/3436/2856 2917/3424/2856 775/2988/2856
f 2923/3435/2857 1037/3425/2857 2917/3424/2857
f 776/3437/2858 2927/3438/2858 4556/3439/2858
f 2924/3440/2859 4556/3439/2859 2925/3441/2859
f 2925/3441/2860 4556/3439/2860 2926/3442/2860
f 4556/3439/2861 2927/3438/2861 779/3443/2861
f 2928/3444/2862 1033/3445/2862 2929/3446/2862
f 769/3000/2863 2928/3444/2863 4557/3447/2863
f 4557/3447/2864 2922/3433/2864 772/2994/2864
f 2929/3446/2865 1035/3434/2865 2922/3433/2865
f 773/3448/2866 2932/3449/2866 4558/3450/2866
f 2930/3451/2867 4558/3450/2867 2931/3452/2867
f 2931/3452/2868 4558/3450/2868 2924/3440/2868
f 4558/3450/2869 2932/3449/2869 776/3437/2869
f 2933/3453/2870 1031/3454/2870 2934/3455/2870
f 766/3006/2871 2933/3453/2871 4559/3456/2871
f 4559/3456/2872 2928/3444/2872 769/3000/2872
f 2934/3455/2873 1033/3445/2873 2928/3444/2873
f 770/3457/2874 2937/3458/2874 4560/3459/2874
f 2935/3460/2875 4560/3459/2875 2936/3461/2875
f 2936/3461/2876 4560/3459/2876 2930/3451/2876
f 4560/3459/2877 2937/3458/2877 773/3448/2877
f 2938/3462/2878 1029/3463/2878 2939/3464/2878
f 763/3012/2879 2938/3462/2879 4561/3465/2879
f 4561/3465/2880 2933/3453/2880 766/3006/2880
f 2939/3464/2881 1031/3454/2881 2933/3453/2881
f 767/3466/2882 2942/3467/2882 4562/3468/2882
f 2940/3469/2883 4562/3468/2883 2941/3470/2883
f 2941/3470/2884 4562/3468/2884 2935/3460/2884
f 4562/3468/2885 2942/3467/2885 770/3457/2885
f 2943/3471/2886 1027/3472/2886 2944/3473/2886
f 760/3018/2887 2943/3471/2887 4563/3474/2887
f 4563/3474/2888 2938/3462/2888 763/3012/2888
f 2944/3473/2889 1029/3463/2889 2938/3462/2889
f 764/3475/2890 2947/3476/2890 4564/3477/2890
f 2945/3478/2891 4564/3477/2891 2946/3479/2891
f 2946/3479/2892 4564/3477/2892 2940/3469/2892
f 4564/3477/2893 2947/3476/2893 767/3466/2893
f 2948/3480/2894 1025/3481/2894 2949/3482/2894
f 757/3024/2895 2948/3480/2895 4565/3483/2895
f 4565/3483/2896 2943/3471/2896 760/3018/2896
f 2949/3482/2897 1027/3472/2897 2943/3471/2897
f 761/3484/2898 2952/3485/2898 4566/3486/2898
f 2950/3487/2899 4566/3486/2899 2951/3488/2899
f 2951/3488/2900 4566/3486/2900 2945/3478/2900
f 4566/3486/2901 2952/3485/2901 764/3475/2901
f 2953/3489/2902 1023/3490/2902 2954/3491/2902
f 754/3030/2903 2953/3489/2903 4567/3492/2903
f 4567/3492/2904 2948/3480/2904 757/3024/2904
f 2954/3491/2905 1025/3481/2905 2948/3480/2905
f 758/3493/2906 2957/3494/2906 4568/3495/2906
f 2955/3496/2907 4568/3495/2907 2956/3497/2907
f 2956/3497/2908 4568/3495/2908 2950/3487/2908
f 4568/3495/2909 2957/3494/2909 761/3484/2909
f 2958/3498/2910 1021/3499/2910 2959/3500/2910
f 751/3036/2911 2958/3498/2911 4569/3501/2911
f 4569/3501/2912 2953/3489/2912 754/3030/2912
f 2959/3500/2913 1023/3490/2913 2953/3489/2913
f 755/3502/2914 2962/3503/2914 4570/3504/2914
f 2960/3505/2915 4570/3504/2915 2961/3506/2915
f 2961/3506/2916 4570/3504/2916 2955/3496/2916
f 4570/3504/2917 2962/3503/2917 758/3493/2917
f 2963/3507/2918 1019/3508/2918 2964/3509/2918
f 748/3042/2919 2963/3507/2919 4571/3510/2919
f 4571/3510/2920 2958/3498/2920 751/3036/2920
f 2964/3509/2921 1021/3499/2921 2958/3498/2921
f 752/3511/2922 2967/3512/2922 4572/3513/2922
f 2965/3514/2923 4572/3513/2923 2966/3515/2923
f 2966/3515/2924 4572/3513/2924 2960/3505/2924
f 4572/3513/2925 2967/3512/2925 755/3502/2925
f 2968/3516/2926 1017/3517/2926 2969/3518/2926
f 745/3048/2927 2968/3516/2927 4573/3519/2927
f 4573/3519/2928 2963/3507/2928 748/3042/2928
f 2969/3518/2929 1019/3508/2929 2963/3507/2929
f 749/3520/2930 2972/3521/2930 4574/3522/2930
f 2970/3523/2931 4574/3522/2931 2971/3524/2931
f 2971/3524/2932 4574/3522/2932 2965/3514/2932
f 4574/3522/2933 2972/3521/2933 752/3511/2933
f 2973/3525/2934 1015/3526/2934 2974/3527/2934
f 742/3054/2935 2973/3525/2935 4575/3528/2935
f 4575/3528/2936 2968/3516/2936 745/3048/2936
f 2974/3527/2937 1017/3517/2937 2968/3516/2937
f 746/3529/2938 2977/3530/2938 4576/3531/2938
f 2975/3532/2939 4576/3531/2939 2976/3533/2939
f 2976/3533/2940 4576/3531/2940 2970/3523/2940
f 4576/3531/2941 2977/3530/2941 749/3520/2941
f 2978/3534/2942 1013/3535/2942 2979/3536/2942
f 739/3060/2943 2978/3534/2943 4577/3537/2943
f 4577/3537/2944 2973/3525/2944 742/3054/2944
f 2979/3536/2945 1015/3526/2945 2973/3525/2945
f 743/3538/2946 2982/3539/2946 4578/3540/2946
f 2980/3541/2947 4578/3540/2947 2981/3542/2947
f 2981/3542/2948 4578/3540/2948 2975/3532/2948
f 4578/3540/2949 2982/3539/2949 746/3529/2949
f 2983/3543/2950 1011/3544/2950 2984/3545/2950
f 736/3066/2951 2983/3543/2951 4579/3546/2951
f 4579/3546/2952 2978/3534/2952 739/3060/2952
f 2984/3545/2953 1013/3535/2953 2978/3534/2953
f 740/3547/2954 2987/3548/2954 4580/3549/2954
f 2985/3550/2955 4580/3549/2955 2986/3551/2955
f 2986/3551/2956 4580/3549/2956 2980/3541/2956
f 4580/3549/2957 2987/3548/2957 743/3538/2957
f 2988/3552/2958 1009/3553/2958 2989/3554/2958
f 733/3072/2959 2988/3552/2959 4581/3555/2959
f 4581/3555/2960 2983/3543/2960 736/3066/2960
f 2989/3554/2961 1011/3544/2961 2983/3543/2961
f 737/3556/2962 2992/3557/2962 4582/3558/2962
f 2990/3559/2963 4582/3558/2963 2991/3560/2963
f 2991/3560/2964 4582/3558/2964 2985/3550/2964
f 4582/3558/2965 2992/3557/2965 740/3547/2965
f 2993/3561/2966 1007/3562/2966 2994/3563/2966
f 730/3078/2967 2993/3561/2967 4583/3564/2967
f 4583/3564/2968 2988/3552/2968 733/3072/2968
f 2994/3563/2969 1009/3553/2969 2988/3552/2969
f 734/3565/2970 2997/3566/2970 4584/3567/2970
f 2995/3568/2971 4584/3567/2971 2996/3569/2971
f 2996/3569/2972 4584/3567/2972 2990/3559/2972
f 4584/3567/2973 2997/3566/2973 737/3556/2973
f 2998/3570/2974 1005/3571/2974 2999/3572/2974
f 727/3084/2975 2998/3570/2975 4585/3573/2975
f 4585/3573/2976 2993/3561/2976 730/3078/2976
f 2999/3572/2977 1007/3562/2977 2993/3561/2977
f 731/3574/2978 3002/3575/2978 4586/3576/2978
f 3000/3577/2979 4586/3576/2979 3001/3578/2979
f 3001/3578/2980 4586/3576/2980 2995/3568/2980
f 4586/3576/2981 3002/3575/2981 734/3565/2981
f 3003/3579/2982 1003/3580/2982 3004/3581/2982
f 724/3090/2983 3003/3579/2983 4587/3582/2983
f 4587/3582/2984 2998/3570/2984 727/3084/2984
f 3004/3581/2985 1005/3571/2985 2998/3570/2985
f 728/3583/2986 3007/3584/2986 4588/3585/2986
f 3005/3586/2987 4588/3585/2987 3006/3587/2987
f 3006/3587/2988 4588/3585/2988 3000/3577/2988
f 4588/3585/2989 3007/3584/2989 731/3574/2989
f 3008/3588/2990 1001/3589/2990 3009/3590/2990
f 721/3096/2991 3008/3588/2991 4589/3591/2991
f 4589/3591/2992 3003/3579/2992 724/3090/2992
f 3009/3590/2993 1003/3580/2993 3003/3579/2993
f 725/3592/2994 3012/3593/2994 4590/3594/2994
f 3010/3595/2995 4590/3594/2995 3011/3596/2995
f 3011/3596/2996 4590/3594/2996 3005/3586/2996
f 4590/3594/2997 3012/3593/2997 728/3583/2997
f 3013/3597/2998 999/3598/2998 3014/3599/2998
f 718/3102/2999 3013/3597/2999 4591/3600/2999
f 4591/3600/3000 3008/3588/3000 721/3096/3000
f 3014/3599/3001 1001/3589/3001 3008/3588/3001
f 722/3601/3002 3017/3602/3002 4592/3603/3002
f 3015/3604/3003 4592/3603/3003 3016/3605/3003
f 3016/3605/3004 4592/3603/3004 3010/3595/3004
f 4592/3603/3005 3017/3602/3005 725/3592/3005
f 3018/3606/3006 997/3607/3006 3019/3608/3006
f 715/3108/3007 3018/3606/3007 4593/3609/3007
f 4593/3609/3008 3013/3597/3008 718/3102/3008
f 3019/3608/3009 999/3598/3009 3013/3597/3009
f 719/3610/3010 3022/3611/3010 4594/3612/3010
f 3020/3613/3011 4594/3612/3011 3021/3614/3011
f 3021/3614/3012 4594/3612/3012 3015/3604/3012
f 4594/3612/3013 3022/3611/3013 722/3601/3013
f 3023/3615/3014 995/3616/3014 3024/3617/3014
f 712/3114/3015 3023/3615/3015 4595/3618/3015
f 4595/3618/3016 3018/3606/3016 715/3108/3016
f 3024/3617/3017 997/3607/3017 3018/3606/3017
f 716/3619/3018 3027/3620/3018 4596/3621/3018
f 3025/3622/3019 4596/3621/3019 3026/3623/3019
f 3026/3623/3020 4596/3621/3020 3020/3613/3020
f 4596/3621/3021 3027/3620/3021 719/3610/3021
f 3028/3624/3022 993/3625/3022 3029/3626/3022
f 709/3118/3023 3028/3624/3023 4597/3627/3023
f 4597/3627/3024 3023/3615/3024 712/3114/3024
f 3029/3626/3025 995/3616/3025 3023/3615/3025
f 713/3628/3026 3032/3629/3026 4598/3630/3026
f 3030/3631/3027 4598/3630/3027 3031/3632/3027
f 3031/3632/3028 4598/3630/3028 3025/3622/3028
f 4598/3630/3029 3032/3629/3029 716/3619/3029
f 2915/3422/3030 991/3423/3030 3033/3633/3030
f 706/2974/3031 2915/3422/3031 4599/3634/3031
f 4599/3634/3032 3028/3624/3032 709/3118/3032
f 3033/3633/3033 993/3625/3033 3028/3624/3033
f 710/3635/3034 3036/3636/3034 4600/3637/3034
f 3034/3638/3035 4600/3637/3035 3035/3639/3035
f 3035/3639/3036 4600/3637/3036 3030/3631/3036
f 4600/3637/3037 3036/3636/3037 713/3628/3037
f 779/3443/3038 3039/3640/3038 4601/3641/3038
f 2926/3442/3039 4601/3641/3039 3037/3642/3039
f 3037/3642/3040 4601/3641/3040 3038/3643/3040
f 4601/3641/3041 3039/3640/3041 703/3644/3041
f 707/3645/3042 3042/3646/3042 4602/3647/3042
f 3040/3648/3043 4602/3647/3043 3041/3649/3043
f 3041/3649/3044 4602/3647/3044 3034/3638/3044
f 4602/3647/3045 3042/3646/3045 710/3635/3045
f 3043/3650/3046 703/3651/3046 3046/3652/3046
f 3043/3650/3047 4603/3653/3047 3044/3654/3047
f 4603/3653/3048 3045/3655/3048 782/3656/3048
f 4603/3653/3049 3046/3652/3049 832/3657/3049
f 3047/3658/3050 831/3659/3050 2854/3660/3050
f 3047/3658/3051 4604/3661/3051 3048/3662/3051
f 4604/3661/3052 3049/3663/3052 701/2815/3052
f 4604/3661/3053 2854/3660/3053 702/3664/3053
f 3050/3665/3054 836/3666/3054 3053/3667/3054
f 3050/3665/3055 4605/3668/3055 3051/3669/3055
f 3051/3669/3056 4605/3668/3056 3052/3670/3056
f 4605/3668/3057 3053/3667/3057 650/3671/3057
f 2859/3307/3058 679/3308/3058 2534/2654/3058
f 2859/3307/3059 4606/3672/3059 2532/2644/3059
f 4606/3672/3060 3054/3673/3060 864/2649/3060
f 4606/3672/3061 2534/2654/3061 909/2656/3061
f 857/3674/3062 2606/2797/3062 4607/3675/3062
f 3055/3676/3063 4607/3675/3063 3056/3677/3063
f 4607/3675/3064 3057/3678/3064 630/3679/3064
f 2606/2797/3065 629/2799/3065 3057/3678/3065
f 2908/3405/3066 699/3406/3066 2612/2810/3066
f 2908/3405/3067 4608/3680/3067 2600/2780/3067
f 4608/3680/3068 3058/3681/3068 858/2785/3068
f 4608/3680/3069 2612/2810/3069 885/2812/3069
f 3059/3682/3070 890/3683/3070 3056/3677/3070
f 3059/3682/3071 4609/3684/3071 2596/2772/3071
f 4609/3684/3072 3060/3685/3072 631/2777/3072
f 3056/3677/3073 630/3679/3073 3060/3685/3073
f 3061/3686/3074 854/3687/3074 2594/2774/3074
f 3061/3686/3075 4610/3688/3075 3062/3689/3075
f 4610/3688/3076 3063/3690/3076 633/3691/3076
f 4610/3688/3077 2594/2774/3077 632/2776/3077
f 2900/3389/3078 696/3390/3078 3066/3692/3078
f 2900/3389/3079 4611/3693/3079 3064/3694/3079
f 4611/3693/3080 3065/3695/3080 855/3696/3080
f 4611/3693/3081 3066/3692/3081 882/3697/3081
f 2903/3395/3082 697/3396/3082 2598/2782/3082
f 2903/3395/3083 4612/3698/3083 3066/3692/3083
f 4612/3698/3084 3067/3699/3084 882/3697/3084
f 4612/3698/3085 2598/2782/3085 891/2784/3085
f 2897/3383/3086 695/3384/3086 3064/3694/3086
f 2897/3383/3087 4613/3700/3087 2592/2766/3087
f 4613/3700/3088 3068/3701/3088 894/2769/3088
f 4613/3700/3089 3064/3694/3089 855/3696/3089
f 3069/3702/3090 851/3703/3090 2577/2740/3090
f 3069/3702/3091 4614/3704/3091 2572/2724/3091
f 4614/3704/3092 3070/3705/3092 636/2729/3092
f 4614/3704/3093 2577/2740/3093 635/2742/3093
f 3071/3706/3094 893/3707/3094 3062/3689/3094
f 3071/3706/3095 4615/3708/3095 2579/2738/3095
f 4615/3708/3096 3072/3709/3096 634/2743/3096
f 4615/3708/3097 3062/3689/3097 633/3691/3097
f 3073/3710/3098 848/3711/3098 2574/2733/3098
f 3073/3710/3099 4616/3712/3099 3074/3713/3099
f 4616/3712/3100 3075/3714/3100 639/3715/3100
f 4616/3712/3101 2574/2733/3101 638/2735/3101
f 2886/3361/3102 690/3362/3102 2581/2748/3102
f 2886/3361/3103 4617/3716/3103 2568/2716/3103
f 4617/3716/3104 3076/3717/3104 849/2721/3104
f 4617/3716/3105 2581/2748/3105 876/2750/3105
f 3077/3718/3106 899/3719/3106 3074/3713/3106
f 3077/3718/3107 4618/3720/3107 2564/2708/3107
f 4618/3720/3108 3078/3721/3108 640/2713/3108
f 4618/3720/3109 3074/3713/3109 639/3715/3109
f 3079/3722/3110 845/3723/3110 2562/2710/3110
f 3079/3722/3111 4619/3724/3111 3080/3725/3111
f 4619/3724/3112 3081/3726/3112 642/3727/3112
f 4619/3724/3113 2562/2710/3113 641/2712/3113
f 2878/3345/3114 687/3346/3114 3084/3728/3114
f 2878/3345/3115 4620/3729/3115 3082/3730/3115
f 4620/3729/3116 3083/3731/3116 846/3732/3116
f 4620/3729/3117 3084/3728/3117 873/3733/3117
f 2881/3351/3118 688/3352/3118 2566/2718/3118
f 2881/3351/3119 4621/3734/3119 3084/3728/3119
f 4621/3734/3120 3085/3735/3120 873/3733/3120
f 4621/3734/3121 2566/2718/3121 900/2720/3121
f 2875/3339/3122 686/3340/3122 3082/3730/3122
f 2875/3339/3123 4622/3736/3123 2560/2702/3123
f 4622/3736/3124 3086/3737/3124 903/2705/3124
f 4622/3736/3125 3082/3730/3125 846/3732/3125
f 3087/3738/3126 842/3739/3126 2545/2676/3126
f 3087/3738/3127 4623/3740/3127 2540/2660/3127
f 4623/3740/3128 3088/3741/3128 645/2664/3128
f 4623/3740/3129 2545/2676/3129 644/2678/3129
f 3089/3742/3130 902/3743/3130 3080/3725/3130
f 3089/3742/3131 4624/3744/3131 2547/2674/3131
f 4624/3744/3132 3090/3745/3132 643/2679/3132
f 4624/3744/3133 3080/3725/3133 642/3727/3133
f 3091/3746/3134 839/2667/3134 2542/2669/3134
f 908/3747/3135 3091/3746/3135 4625/3748/3135
f 3092/3749/3136 4625/3748/3136 3093/3750/3136
f 4625/3748/3137 2542/2669/3137 647/3751/3137
f 2864/3317/3138 681/3318/3138 2549/2684/3138
f 2864/3317/3139 4626/3752/3139 2536/2652/3139
f 4626/3752/3140 3094/3753/3140 840/2657/3140
f 4626/3752/3141 2549/2684/3141 867/2686/3141
f 3095/3754/3142 908/3747/3142 3092/3749/3142
f 863/3755/3143 3095/3754/3143 4627/3756/3143
f 3096/3757/3144 4627/3756/3144 3097/3758/3144
f 4627/3756/3145 3092/3749/3145 648/3759/3145
f 3098/3760/3146 863/3755/3146 3096/3757/3146
f 836/3666/3147 3098/3760/3147 4628/3761/3147
f 3053/3667/3148 4628/3761/3148 3099/3762/3148
f 4628/3761/3149 3096/3757/3149 649/3763/3149
f 3049/3663/3150 702/3664/3150 2619/3764/3150
f 3049/3663/3151 4629/3765/3151 2617/2816/3151
f 4629/3765/3152 3100/3766/3152 861/2819/3152
f 4629/3765/3153 2619/3764/3153 833/3767/3153
f 831/3659/3154 3047/3658/3154 4630/3768/3154
f 3101/3769/3155 4630/3768/3155 3045/3655/3155
f 3045/3655/3156 4630/3768/3156 3102/3770/3156
f 4630/3768/3157 3047/3658/3157 781/3771/3157
f 3042/3646/3158 707/3645/3158 3044/3654/3158
f 3042/3646/3159 4631/3772/3159 3103/3773/3159
f 4631/3772/3160 3104/3774/3160 784/3775/3160
f 4631/3772/3161 3044/3654/3161 782/3656/3161
f 781/3771/3162 3106/3776/3162 4632/3777/3162
f 3102/3770/3163 4632/3777/3163 3104/3774/3163
f 3104/3774/3164 4632/3777/3164 3105/3778/3164
f 4632/3777/3165 3106/3776/3165 783/3408/3165
f 3036/3636/3166 710/3635/3166 3103/3773/3166
f 3036/3636/3167 4633/3779/3167 3107/3780/3167
f 4633/3779/3168 3108/3781/3168 786/3782/3168
f 4633/3779/3169 3103/3773/3169 784/3775/3169
f 783/3408/3170 2910/3407/3170 4634/3783/3170
f 3105/3778/3171 4634/3783/3171 3108/3781/3171
f 3108/3781/3172 4634/3783/3172 3109/3784/3172
f 4634/3783/3173 2910/3407/3173 785/3402/3173
f 3032/3629/3174 713/3628/3174 3107/3780/3174
f 3032/3629/3175 4635/3785/3175 3110/3786/3175
f 4635/3785/3176 3111/3787/3176 788/3788/3176
f 4635/3785/3177 3107/3780/3177 786/3782/3177
f 785/3402/3178 2907/3401/3178 4636/3789/3178
f 3109/3784/3179 4636/3789/3179 3111/3787/3179
f 3111/3787/3180 4636/3789/3180 3112/3790/3180
f 4636/3789/3181 2907/3401/3181 787/3398/3181
f 3027/3620/3182 716/3619/3182 3110/3786/3182
f 3027/3620/3183 4637/3791/3183 3113/3792/3183
f 4637/3791/3184 3114/3793/3184 790/3794/3184
f 4637/3791/3185 3110/3786/3185 788/3788/3185
f 787/3398/3186 2905/3397/3186 4638/3795/3186
f 3112/3790/3187 4638/3795/3187 3114/3793/3187
f 3114/3793/3188 4638/3795/3188 3115/3796/3188
f 4638/3795/3189 2905/3397/3189 789/3392/3189
f 3022/3611/3190 719/3610/3190 3113/3792/3190
f 3022/3611/3191 4639/3797/3191 3116/3798/3191
f 4639/3797/3192 3117/3799/3192 792/3800/3192
f 4639/3797/3193 3113/3792/3193 790/3794/3193
f 789/3392/3194 2902/3391/3194 4640/3801/3194
f 3115/3796/3195 4640/3801/3195 3117/3799/3195
f 3117/3799/3196 4640/3801/3196 3118/3802/3196
f 4640/3801/3197 2902/3391/3197 791/3386/3197
f 3017/3602/3198 722/3601/3198 3116/3798/3198
f 3017/3602/3199 4641/3803/3199 3119/3804/3199
f 4641/3803/3200 3120/3805/3200 794/3806/3200
f 4641/3803/3201 3116/3798/3201 792/3800/3201
f 791/3386/3202 2899/3385/3202 4642/3807/3202
f 3118/3802/3203 4642/3807/3203 3120/3805/3203
f 3120/3805/3204 4642/3807/3204 3121/3808/3204
f 4642/3807/3205 2899/3385/3205 793/3380/3205
f 3012/3593/3206 725/3592/3206 3119/3804/3206
f 3012/3593/3207 4643/3809/3207 3122/3810/3207
f 4643/3809/3208 3123/3811/3208 796/3812/3208
f 4643/3809/3209 3119/3804/3209 794/3806/3209
f 793/3380/3210 2896/3379/3210 4644/3813/3210
f 3121/3808/3211 4644/3813/3211 3123/3811/3211
f 3123/3811/3212 4644/3813/3212 3124/3814/3212
f 4644/3813/3213 2896/3379/3213 795/3376/3213
f 3007/3584/3214 728/3583/3214 3122/3810/3214
f 3007/3584/3215 4645/3815/3215 3125/3816/3215
f 4645/3815/3216 3126/3817/3216 798/3818/3216
f 4645/3815/3217 3122/3810/3217 796/3812/3217
f 795/3376/3218 2894/3375/3218 4646/3819/3218
f 3124/3814/3219 4646/3819/3219 3126/3817/3219
f 3126/3817/3220 4646/3819/3220 3127/3820/3220
f 4646/3819/3221 2894/3375/3221 797/3372/3221
f 3002/3575/3222 731/3574/3222 3125/3816/3222
f 3002/3575/3223 4647/3821/3223 3128/3822/3223
f 4647/3821/3224 3129/3823/3224 800/3824/3224
f 4647/3821/3225 3125/3816/3225 798/3818/3225
f 797/3372/3226 2892/3371/3226 4648/3825/3226
f 3127/3820/3227 4648/3825/3227 3129/3823/3227
f 3129/3823/3228 4648/3825/3228 3130/3826/3228
f 4648/3825/3229 2892/3371/3229 799/3368/3229
f 2997/3566/3230 734/3565/3230 3128/3822/3230
f 2997/3566/3231 4649/3827/3231 3131/3828/3231
f 4649/3827/3232 3132/3829/3232 802/3830/3232
f 4649/3827/3233 3128/3822/3233 800/3824/3233
f 799/3368/3234 2890/3367/3234 4650/3831/3234
f 3130/3826/3235 4650/3831/3235 3132/3829/3235
f 3132/3829/3236 4650/3831/3236 3133/3832/3236
f 4650/3831/3237 2890/3367/3237 801/3364/3237
f 2992/3557/3238 737/3556/3238 3131/3828/3238
f 2992/3557/3239 4651/3833/3239 3134/3834/3239
f 4651/3833/3240 3135/3835/3240 804/3836/3240
f 4651/3833/3241 3131/3828/3241 802/3830/3241
f 801/3364/3242 2888/3363/3242 4652/3837/3242
f 3133/3832/3243 4652/3837/3243 3135/3835/3243
f 3135/3835/3244 4652/3837/3244 3136/3838/3244
f 4652/3837/3245 2888/3363/3245 803/3358/3245
f 2987/3548/3246 740/3547/3246 3134/3834/3246
f 2987/3548/3247 4653/3839/3247 3137/3840/3247
f 4653/3839/3248 3138/3841/3248 806/3842/3248
f 4653/3839/3249 3134/3834/3249 804/3836/3249
f 803/3358/3250 2885/3357/3250 4654/3843/3250
f 3136/3838/3251 4654/3843/3251 3138/3841/3251
f 3138/3841/3252 4654/3843/3252 3139/3844/3252
f 4654/3843/3253 2885/3357/3253 805/3354/3253
f 2982/3539/3254 743/3538/3254 3137/3840/3254
f 2982/3539/3255 4655/3845/3255 3140/3846/3255
f 4655/3845/3256 3141/3847/3256 808/3848/3256
f 4655/3845/3257 3137/3840/3257 806/3842/3257
f 805/3354/3258 2883/3353/3258 4656/3849/3258
f 3139/3844/3259 4656/3849/3259 3141/3847/3259
f 3141/3847/3260 4656/3849/3260 3142/3850/3260
f 4656/3849/3261 2883/3353/3261 807/3348/3261
f 2977/3530/3262 746/3529/3262 3140/3846/3262
f 2977/3530/3263 4657/3851/3263 3143/3852/3263
f 4657/3851/3264 3144/3853/3264 810/3854/3264
f 4657/3851/3265 3140/3846/3265 808/3848/3265
f 807/3348/3266 2880/3347/3266 4658/3855/3266
f 3142/3850/3267 4658/3855/3267 3144/3853/3267
f 3144/3853/3268 4658/3855/3268 3145/3856/3268
f 4658/3855/3269 2880/3347/3269 809/3342/3269
f 2972/3521/3270 749/3520/3270 3143/3852/3270
f 2972/3521/3271 4659/3857/3271 3146/3858/3271
f 4659/3857/3272 3147/3859/3272 812/3860/3272
f 4659/3857/3273 3143/3852/3273 810/3854/3273
f 809/3342/3274 2877/3341/3274 4660/3861/3274
f 3145/3856/3275 4660/3861/3275 3147/3859/3275
f 3147/3859/3276 4660/3861/3276 3148/3862/3276
f 4660/3861/3277 2877/3341/3277 811/3336/3277
f 2967/3512/3278 752/3511/3278 3146/3858/3278
f 2967/3512/3279 4661/3863/3279 3149/3864/3279
f 4661/3863/3280 3150/3865/3280 814/3866/3280
f 4661/3863/3281 3146/3858/3281 812/3860/3281
f 811/3336/3282 2874/3335/3282 4662/3867/3282
f 3148/3862/3283 4662/3867/3283 3150/3865/3283
f 3150/3865/3284 4662/3867/3284 3151/3868/3284
f 4662/3867/3285 2874/3335/3285 813/3332/3285
f 2962/3503/3286 755/3502/3286 3149/3864/3286
f 2962/3503/3287 4663/3869/3287 3152/3870/3287
f 4663/3869/3288 3153/3871/3288 816/3872/3288
f 4663/3869/3289 3149/3864/3289 814/3866/3289
f 813/3332/3290 2872/3331/3290 4664/3873/3290
f 3151/3868/3291 4664/3873/3291 3153/3871/3291
f 3153/3871/3292 4664/3873/3292 3154/3874/3292
f 4664/3873/3293 2872/3331/3293 815/3328/3293
f 2957/3494/3294 758/3493/3294 3152/3870/3294
f 2957/3494/3295 4665/3875/3295 3155/3876/3295
f 4665/3875/3296 3156/3877/3296 818/3878/3296
f 4665/3875/3297 3152/3870/3297 816/3872/3297
f 815/3328/3298 2870/3327/3298 4666/3879/3298
f 3154/3874/3299 4666/3879/3299 3156/3877/3299
f 3156/3877/3300 4666/3879/3300 3157/3880/3300
f 4666/3879/3301 2870/3327/3301 817/3324/3301
f 2952/3485/3302 761/3484/3302 3155/3876/3302
f 2952/3485/3303 4667/3881/3303 3158/3882/3303
f 4667/3881/3304 3159/3883/3304 820/3884/3304
f 4667/3881/3305 3155/3876/3305 818/3878/3305
f 817/3324/3306 2868/3323/3306 4668/3885/3306
f 3157/3880/3307 4668/3885/3307 3159/3883/3307
f 3159/3883/3308 4668/3885/3308 3160/3886/3308
f 4668/3885/3309 2868/3323/3309 819/3320/3309
f 2947/3476/3310 764/3475/3310 3158/3882/3310
f 2947/3476/3311 4669/3887/3311 3161/3888/3311
f 4669/3887/3312 3162/3889/3312 822/3890/3312
f 4669/3887/3313 3158/3882/3313 820/3884/3313
f 819/3320/3314 2866/3319/3314 4670/3891/3314
f 3160/3886/3315 4670/3891/3315 3162/3889/3315
f 3162/3889/3316 4670/3891/3316 3163/3892/3316
f 4670/3891/3317 2866/3319/3317 821/3314/3317
f 2942/3467/3318 767/3466/3318 3161/3888/3318
f 2942/3467/3319 4671/3893/3319 3164/3894/3319
f 4671/3893/3320 3165/3895/3320 824/3896/3320
f 4671/3893/3321 3161/3888/3321 822/3890/3321
f 821/3314/3322 2863/3313/3322 4672/3897/3322
f 3163/3892/3323 4672/3897/3323 3165/3895/3323
f 3165/3895/3324 4672/3897/3324 3166/3898/3324
f 4672/3897/3325 2863/3313/3325 823/3310/3325
f 2937/3458/3326 770/3457/3326 3164/3894/3326
f 2937/3458/3327 4673/3899/3327 3167/3900/3327
f 4673/3899/3328 3168/3901/3328 826/3902/3328
f 4673/3899/3329 3164/3894/3329 824/3896/3329
f 823/3310/3330 2861/3309/3330 4674/3903/3330
f 3166/3898/3331 4674/3903/3331 3168/3901/3331
f 3168/3901/3332 4674/3903/3332 3169/3904/3332
f 4674/3903/3333 2861/3309/3333 825/3304/3333
f 2932/3449/3334 773/3448/3334 3167/3900/3334
f 2932/3449/3335 4675/3905/3335 3170/3906/3335
f 4675/3905/3336 3171/3907/3336 828/3908/3336
f 4675/3905/3337 3167/3900/3337 826/3902/3337
f 825/3304/3338 2858/3303/3338 4676/3909/3338
f 3169/3904/3339 4676/3909/3339 3171/3907/3339
f 3171/3907/3340 4676/3909/3340 3172/3910/3340
f 4676/3909/3341 2858/3303/3341 827/3300/3341
f 2927/3438/3342 776/3437/3342 3170/3906/3342
f 2927/3438/3343 4677/3911/3343 3173/3912/3343
f 4677/3911/3344 3174/3913/3344 830/3914/3344
f 4677/3911/3345 3170/3906/3345 828/3908/3345
f 827/3300/3346 2856/3299/3346 4678/3915/3346
f 3172/3910/3347 4678/3915/3347 3174/3913/3347
f 3174/3913/3348 4678/3915/3348 3175/3916/3348
f 4678/3915/3349 2856/3299/3349 829/3294/3349
f 3039/3640/3350 779/3443/3350 3173/3912/3350
f 3039/3640/3351 4679/3917/3351 3046/3918/3351
f 4679/3917/3352 3176/3919/3352 832/3920/3352
f 4679/3917/3353 3173/3912/3353 830/3914/3353
f 829/3294/3354 2853/3293/3354 4680/3921/3354
f 3175/3916/3355 4680/3921/3355 3176/3919/3355
f 3176/3919/3356 4680/3921/3356 3101/3922/3356
f 4680/3921/3357 2853/3293/3357 831/3923/3357
f 3106/3776/3358 781/3771/3358 3048/3662/3358
f 3106/3776/3359 4681/3924/3359 2911/3409/3359
f 4681/3924/3360 2615/2814/3360 700/2807/3360
f 4681/3924/3361 3048/3662/3361 701/2815/3361
f 834/3925/3362 3180/3926/3362 4682/3927/3362
f 3177/3928/3363 4682/3927/3363 3178/3929/3363
f 3178/3929/3364 4682/3927/3364 3179/3930/3364
f 4682/3927/3365 3180/3926/3365 860/3931/3365
f 835/3932/3366 3178/3929/3366 4683/3933/3366
f 3181/3934/3367 4683/3933/3367 3100/3766/3367
f 3100/3766/3368 4683/3933/3368 3182/3935/3368
f 4683/3933/3369 3178/3929/3369 862/3936/3369
f 860/3931/3370 2608/3937/3370 4684/3938/3370
f 3179/3930/3371 4684/3938/3371 3183/3939/3371
f 3183/3939/3372 4684/3938/3372 3184/3940/3372
f 4684/3938/3373 2608/3937/3373 887/3941/3373
f 862/3936/3374 3183/3939/3374 4685/3942/3374
f 3182/3935/3375 4685/3942/3375 2616/2818/3375
f 2616/2818/3376 4685/3942/3376 3185/3943/3376
f 4685/3942/3377 3183/3939/3377 889/3944/3377
f 887/3941/3378 2601/3945/3378 4686/3946/3378
f 3184/3940/3379 4686/3946/3379 3186/3947/3379
f 3186/3947/3380 4686/3946/3380 3187/3948/3380
f 4686/3946/3381 2601/3945/3381 884/3949/3381
f 889/3944/3382 3186/3947/3382 4687/3950/3382
f 3185/3943/3383 4687/3950/3383 2613/2811/3383
f 2613/2811/3384 4687/3950/3384 3188/3951/3384
f 4687/3950/3385 3186/3947/3385 886/3952/3385
f 884/3949/3386 2605/3953/3386 4688/3954/3386
f 3187/3948/3387 4688/3954/3387 3189/3955/3387
f 3189/3955/3388 4688/3954/3388 3190/3956/3388
f 4688/3954/3389 2605/3953/3389 857/3957/3389
f 886/3952/3390 3189/3955/3390 4689/3958/3390
f 3188/3951/3391 4689/3958/3391 3058/3681/3391
f 3058/3681/3392 4689/3958/3392 3191/3959/3392
f 4689/3958/3393 3189/3955/3393 859/3960/3393
f 857/3957/3394 3055/3961/3394 4690/3962/3394
f 3190/3956/3395 4690/3962/3395 3192/3963/3395
f 3192/3963/3396 4690/3962/3396 3193/3964/3396
f 4690/3962/3397 3055/3961/3397 890/3965/3397
f 859/3960/3398 3192/3963/3398 4691/3966/3398
f 3191/3959/3399 4691/3966/3399 2599/2783/3399
f 2599/2783/3400 4691/3966/3400 3194/3967/3400
f 4691/3966/3401 3192/3963/3401 892/3968/3401
f 890/3965/3402 3059/3969/3402 4692/3970/3402
f 3193/3964/3403 4692/3970/3403 3195/3971/3403
f 3195/3971/3404 4692/3970/3404 3196/3972/3404
f 4692/3970/3405 3059/3969/3405 881/3973/3405
f 892/3968/3406 3195/3971/3406 4693/3974/3406
f 3194/3967/3407 4693/3974/3407 3067/3699/3407
f 3067/3699/3408 4693/3974/3408 3197/3975/3408
f 4693/3974/3409 3195/3971/3409 883/3976/3409
f 881/3973/3410 2593/3977/3410 4694/3978/3410
f 3196/3972/3411 4694/3978/3411 3198/3979/3411
f 3198/3979/3412 4694/3978/3412 3199/3980/3412
f 4694/3978/3413 2593/3977/3413 854/3981/3413
f 883/3976/3414 3198/3979/3414 4695/3982/3414
f 3197/3975/3415 4695/3982/3415 3065/3695/3415
f 3065/3695/3416 4695/3982/3416 3200/3983/3416
f 4695/3982/3417 3198/3979/3417 856/3984/3417
f 854/3981/3418 3061/3985/3418 4696/3986/3418
f 3199/3980/3419 4696/3986/3419 3201/3987/3419
f 3201/3987/3420 4696/3986/3420 3202/3988/3420
f 4696/3986/3421 3061/3985/3421 893/3989/3421
f 856/3984/3422 3201/3987/3422 4697/3990/3422
f 3200/3983/3423 4697/3990/3423 3068/3701/3423
f 3068/3701/3424 4697/3990/3424 3203/3991/3424
f 4697/3990/3425 3201/3987/3425 895/3992/3425
f 893/3989/3426 3071/3993/3426 4698/3994/3426
f 3202/3988/3427 4698/3994/3427 3204/3995/3427
f 3204/3995/3428 4698/3994/3428 3205/3996/3428
f 4698/3994/3429 3071/3993/3429 878/3997/3429
f 895/3992/3430 3204/3995/3430 4699/3998/3430
f 3203/3991/3431 4699/3998/3431 2591/2768/3431
f 2591/2768/3432 4699/3998/3432 3206/3999/3432
f 4699/3998/3433 3204/3995/3433 880/4000/3433
f 878/3997/3434 2576/4001/3434 4700/4002/3434
f 3205/3996/3435 4700/4002/3435 3207/4003/3435
f 3207/4003/3436 4700/4002/3436 3208/4004/3436
f 4700/4002/3437 2576/4001/3437 851/4005/3437
f 880/4000/3438 3207/4003/3438 4701/4006/3438
f 3206/3999/3439 4701/4006/3439 2586/2757/3439
f 2586/2757/3440 4701/4006/3440 3209/4007/3440
f 4701/4006/3441 3207/4003/3441 853/4008/3441
f 851/4005/3442 3069/4009/3442 4702/4010/3442
f 3208/4004/3443 4702/4010/3443 3210/4011/3443
f 3210/4011/3444 4702/4010/3444 3211/4012/3444
f 4702/4010/3445 3069/4009/3445 896/4013/3445
f 853/4008/3446 3210/4011/3446 4703/4014/3446
f 3209/4007/3447 4703/4014/3447 2589/2763/3447
f 2589/2763/3448 4703/4014/3448 3212/4015/3448
f 4703/4014/3449 3210/4011/3449 898/4016/3449
f 896/4013/3450 2569/4017/3450 4704/4018/3450
f 3211/4012/3451 4704/4018/3451 3213/4019/3451
f 3213/4019/3452 4704/4018/3452 3214/4020/3452
f 4704/4018/3453 2569/4017/3453 875/4021/3453
f 898/4016/3454 3213/4019/3454 4705/4022/3454
f 3212/4015/3455 4705/4022/3455 2582/2749/3455
f 2582/2749/3456 4705/4022/3456 3215/4023/3456
f 4705/4022/3457 3213/4019/3457 877/4024/3457
f 875/4021/3458 2573/4025/3458 4706/4026/3458
f 3214/4020/3459 4706/4026/3459 3216/4027/3459
f 3216/4027/3460 4706/4026/3460 3217/4028/3460
f 4706/4026/3461 2573/4025/3461 848/4029/3461
f 877/4024/3462 3216/4027/3462 4707/4030/3462
f 3215/4023/3463 4707/4030/3463 3076/3717/3463
f 3076/3717/3464 4707/4030/3464 3218/4031/3464
f 4707/4030/3465 3216/4027/3465 850/4032/3465
f 848/4029/3466 3073/4033/3466 4708/4034/3466
f 3217/4028/3467 4708/4034/3467 3219/4035/3467
f 3219/4035/3468 4708/4034/3468 3220/4036/3468
f 4708/4034/3469 3073/4033/3469 899/4037/3469
f 850/4032/3470 3219/4035/3470 4709/4038/3470
f 3218/4031/3471 4709/4038/3471 2567/2719/3471
f 2567/2719/3472 4709/4038/3472 3221/4039/3472
f 4709/4038/3473 3219/4035/3473 901/4040/3473
f 899/4037/3474 3077/4041/3474 4710/4042/3474
f 3220/4036/3475 4710/4042/3475 3222/4043/3475
f 3222/4043/3476 4710/4042/3476 3223/4044/3476
f 4710/4042/3477 3077/4041/3477 872/4045/3477
f 901/4040/3478 3222/4043/3478 4711/4046/3478
f 3221/4039/3479 4711/4046/3479 3085/3735/3479
f 3085/3735/3480 4711/4046/3480 3224/4047/3480
f 4711/4046/3481 3222/4043/3481 874/4048/3481
f 872/4045/3482 2561/4049/3482 4712/4050/3482
f 3223/4044/3483 4712/4050/3483 3225/4051/3483
f 3225/4051/3484 4712/4050/3484 3226/4052/3484
f 4712/4050/3485 2561/4049/3485 845/4053/3485
f 874/4048/3486 3225/4051/3486 4713/4054/3486
f 3224/4047/3487 4713/4054/3487 3083/3731/3487
f 3083/3731/3488 4713/4054/3488 3227/4055/3488
f 4713/4054/3489 3225/4051/3489 847/4056/3489
f 845/4053/3490 3079/4057/3490 4714/4058/3490
f 3226/4052/3491 4714/4058/3491 3228/4059/3491
f 3228/4059/3492 4714/4058/3492 3229/4060/3492
f 4714/4058/3493 3079/4057/3493 902/4061/3493
f 847/4056/3494 3228/4059/3494 4715/4062/3494
f 3227/4055/3495 4715/4062/3495 3086/3737/3495
f 3086/3737/3496 4715/4062/3496 3230/4063/3496
f 4715/4062/3497 3228/4059/3497 904/4064/3497
f 902/4061/3498 3089/4065/3498 4716/4066/3498
f 3229/4060/3499 4716/4066/3499 3231/4067/3499
f 3231/4067/3500 4716/4066/3500 3232/4068/3500
f 4716/4066/3501 3089/4065/3501 869/4069/3501
f 904/4064/3502 3231/4067/3502 4717/4070/3502
f 3230/4063/3503 4717/4070/3503 2559/2704/3503
f 2559/2704/3504 4717/4070/3504 3233/4071/3504
f 4717/4070/3505 3231/4067/3505 871/4072/3505
f 869/4069/3506 2544/4073/3506 4718/4074/3506
f 3232/4068/3507 4718/4074/3507 3234/4075/3507
f 3234/4075/3508 4718/4074/3508 3235/4076/3508
f 4718/4074/3509 2544/4073/3509 842/4077/3509
f 871/4072/3510 3234/4075/3510 4719/4078/3510
f 3233/4071/3511 4719/4078/3511 2554/2693/3511
f 2554/2693/3512 4719/4078/3512 3236/4079/3512
f 4719/4078/3513 3234/4075/3513 844/4080/3513
f 842/4077/3514 3087/4081/3514 4720/4082/3514
f 3235/4076/3515 4720/4082/3515 3237/4083/3515
f 3237/4083/3516 4720/4082/3516 3238/4084/3516
f 4720/4082/3517 3087/4081/3517 905/4085/3517
f 844/4080/3518 3237/4083/3518 4721/4086/3518
f 3236/4079/3519 4721/4086/3519 2557/2699/3519
f 2557/2699/3520 4721/4086/3520 3239/4087/3520
f 4721/4086/3521 3237/4083/3521 907/4088/3521
f 905/4085/3522 2537/4089/3522 4722/4090/3522
f 3238/4084/3523 4722/4090/3523 3240/4091/3523
f 3240/4091/3524 4722/4090/3524 3241/4092/3524
f 4722/4090/3525 2537/4089/3525 866/4093/3525
f 907/4088/3526 3240/4091/3526 4723/4094/3526
f 3239/4087/3527 4723/4094/3527 2550/2685/3527
f 2550/2685/3528 4723/4094/3528 3242/4095/3528
f 4723/4094/3529 3240/4091/3529 868/4096/3529
f 866/4093/3530 2541/4097/3530 4724/4098/3530
f 3241/4092/3531 4724/4098/3531 3243/4099/3531
f 3243/4099/3532 4724/4098/3532 3244/4100/3532
f 4724/4098/3533 2541/4097/3533 839/4101/3533
f 868/4096/3534 3243/4099/3534 4725/4102/3534
f 3242/4095/3535 4725/4102/3535 3094/3753/3535
f 3094/3753/3536 4725/4102/3536 3245/4103/3536
f 4725/4102/3537 3243/4099/3537 841/4104/3537
f 839/4101/3538 3091/4105/3538 4726/4106/3538
f 3244/4100/3539 4726/4106/3539 3246/4107/3539
f 3246/4107/3540 4726/4106/3540 3247/4108/3540
f 4726/4106/3541 3091/4105/3541 908/4109/3541
f 841/4104/3542 3246/4107/3542 4727/4110/3542
f 3245/4103/3543 4727/4110/3543 2535/2655/3543
f 2535/2655/3544 4727/4110/3544 3248/4111/3544
f 4727/4110/3545 3246/4107/3545 910/4112/3545
f 908/4109/3546 3095/4113/3546 4728/4114/3546
f 3247/4108/3547 4728/4114/3547 3249/4115/3547
f 3249/4115/3548 4728/4114/3548 3250/4116/3548
f 4728/4114/3549 3095/4113/3549 863/4117/3549
f 910/4112/3550 3249/4115/3550 4729/4118/3550
f 3248/4111/3551 4729/4118/3551 3054/3673/3551
f 3054/3673/3552 4729/4118/3552 3251/4119/3552
f 4729/4118/3553 3249/4115/3553 865/4120/3553
f 863/4117/3554 3098/4121/3554 4730/4122/3554
f 3250/4116/3555 4730/4122/3555 3252/4123/3555
f 3252/4123/3556 4730/4122/3556 3253/4124/3556
f 4730/4122/3557 3098/4121/3557 836/4125/3557
f 865/4120/3558 3252/4123/3558 4731/4126/3558
f 3251/4119/3559 4731/4126/3559 2531/2647/3559
f 2531/2647/3560 4731/4126/3560 3254/4127/3560
f 4731/4126/3561 3252/4123/3561 838/4128/3561
f 836/4125/3562 3050/4129/3562 4732/4130/3562
f 3253/4124/3563 4732/4130/3563 3255/4131/3563
f 3255/4131/3564 4732/4130/3564 3177/4132/3564
f 4732/4130/3565 3050/4129/3565 834/4133/3565
f 838/4128/3566 3255/4131/3566 4733/4134/3566
f 3254/4127/3567 4733/4134/3567 2620/2824/3567
f 2620/2824/3568 4733/4134/3568 3181/4135/3568
f 4733/4134/3569 3255/4131/3569 835/4136/3569
f 3180/4137/3570 834/4138/3570 3051/4139/3570
f 3180/4137/3571 4734/4140/3571 2610/2801/3571
f 4734/4140/3572 2919/3431/3572 626/2805/3572
f 3051/4139/3573 625/3428/3573 2919/3431/3573
f 3256/4141/3574 984/2975/3574 2696/2979/3574
f 985/4142/3575 3256/4141/3575 4735/4143/3575
f 4735/4143/3576 3258/4144/3576 988/4145/3576
f 2696/2979/3577 986/2978/3577 3258/4144/3577
f 3259/4146/3578 985/4142/3578 3257/4147/3578
f 983/4148/3579 3259/4146/3579 4736/4149/3579
f 4736/4149/3580 3260/4150/3580 987/4151/3580
f 3257/4147/3581 988/4145/3581 3260/4150/3581
f 3261/4152/3582 981/2983/3582 2700/2986/3582
f 982/4153/3583 3261/4152/3583 4737/4154/3583
f 4737/4154/3584 3256/4141/3584 985/4142/3584
f 2700/2986/3585 984/2975/3585 3256/4141/3585
f 3263/4155/3586 982/4153/3586 3262/4156/3586
f 980/4157/3587 3263/4155/3587 4738/4158/3587
f 4738/4158/3588 3259/4146/3588 983/4148/3588
f 3262/4156/3589 985/4142/3589 3259/4146/3589
f 3264/4159/3590 978/2989/3590 2703/2992/3590
f 979/4160/3591 3264/4159/3591 4739/4161/3591
f 4739/4161/3592 3261/4152/3592 982/4153/3592
f 2703/2992/3593 981/2983/3593 3261/4152/3593
f 3266/4162/3594 979/4160/3594 3265/4163/3594
f 977/4164/3595 3266/4162/3595 4740/4165/3595
f 4740/4165/3596 3263/4155/3596 980/4157/3596
f 3265/4163/3597 982/4153/3597 3263/4155/3597
f 3267/4166/3598 975/2995/3598 2706/2998/3598
f 976/4167/3599 3267/4166/3599 4741/4168/3599
f 4741/4168/3600 3264/4159/3600 979/4160/3600
f 2706/2998/3601 978/2989/3601 3264/4159/3601
f 3269/4169/3602 976/4167/3602 3268/4170/3602
f 974/4171/3603 3269/4169/3603 4742/4172/3603
f 4742/4172/3604 3266/4162/3604 977/4164/3604
f 3268/4170/3605 979/4160/3605 3266/4162/3605
f 3270/4173/3606 972/3001/3606 2709/3004/3606
f 973/4174/3607 3270/4173/3607 4743/4175/3607
f 4743/4175/3608 3267/4166/3608 976/4167/3608
f 2709/3004/3609 975/2995/3609 3267/4166/3609
f 3272/4176/3610 973/4174/3610 3271/4177/3610
f 971/4178/3611 3272/4176/3611 4744/4179/3611
f 4744/4179/3612 3269/4169/3612 974/4171/3612
f 3271/4177/3613 976/4167/3613 3269/4169/3613
f 3273/4180/3614 969/3007/3614 2712/3010/3614
f 970/4181/3615 3273/4180/3615 4745/4182/3615
f 4745/4182/3616 3270/4173/3616 973/4174/3616
f 2712/3010/3617 972/3001/3617 3270/4173/3617
f 3275/4183/3618 970/4181/3618 3274/4184/3618
f 968/4185/3619 3275/4183/3619 4746/4186/3619
f 4746/4186/3620 3272/4176/3620 971/4178/3620
f 3274/4184/3621 973/4174/3621 3272/4176/3621
f 3276/4187/3622 966/3013/3622 2715/3016/3622
f 967/4188/3623 3276/4187/3623 4747/4189/3623
f 4747/4189/3624 3273/4180/3624 970/4181/3624
f 2715/3016/3625 969/3007/3625 3273/4180/3625
f 3278/4190/3626 967/4188/3626 3277/4191/3626
f 965/4192/3627 3278/4190/3627 4748/4193/3627
f 4748/4193/3628 3275/4183/3628 968/4185/3628
f 3277/4191/3629 970/4181/3629 3275/4183/3629
f 3279/4194/3630 963/3019/3630 2718/3022/3630
f 964/4195/3631 3279/4194/3631 4749/4196/3631
f 4749/4196/3632 3276/4187/3632 967/4188/3632
f 2718/3022/3633 966/3013/3633 3276/4187/3633
f 3281/4197/3634 964/4195/3634 3280/4198/3634
f 962/4199/3635 3281/4197/3635 4750/4200/3635
f 4750/4200/3636 3278/4190/3636 965/4192/3636
f 3280/4198/3637 967/4188/3637 3278/4190/3637
f 3282/4201/3638 960/3025/3638 2721/3028/3638
f 961/4202/3639 3282/4201/3639 4751/4203/3639
f 4751/4203/3640 3279/4194/3640 964/4195/3640
f 2721/3028/3641 963/3019/3641 3279/4194/3641
f 3284/4204/3642 961/4202/3642 3283/4205/3642
f 959/4206/3643 3284/4204/3643 4752/4207/3643
f 4752/4207/3644 3281/4197/3644 962/4199/3644
f 3283/4205/3645 964/4195/3645 3281/4197/3645
f 3285/4208/3646 957/3031/3646 2724/3034/3646
f 958/4209/3647 3285/4208/3647 4753/4210/3647
f 4753/4210/3648 3282/4201/3648 961/4202/3648
f 2724/3034/3649 960/3025/3649 3282/4201/3649
f 3287/4211/3650 958/4209/3650 3286/4212/3650
f 956/4213/3651 3287/4211/3651 4754/4214/3651
f 4754/4214/3652 3284/4204/3652 959/4206/3652
f 3286/4212/3653 961/4202/3653 3284/4204/3653
f 3288/4215/3654 954/3037/3654 2727/3040/3654
f 955/4216/3655 3288/4215/3655 4755/4217/3655
f 4755/4217/3656 3285/4208/3656 958/4209/3656
f 2727/3040/3657 957/3031/3657 3285/4208/3657
f 3290/4218/3658 955/4216/3658 3289/4219/3658
f 953/4220/3659 3290/4218/3660 4756/4221/3660
f 4756/4221/3661 3287/4211/3661 956/4213/3661
f 3289/4219/3662 958/4209/3662 3287/4211/3662
f 3291/4222/3663 951/3043/3663 2730/3046/3663
f 952/4223/3664 3291/4222/3664 4757/4224/3664
f 4757/4224/3665 3288/4215/3665 955/4216/3665
f 2730/3046/3666 954/3037/3666 3288/4215/3666
f 3293/4225/3667 952/4223/3667 3292/4226/3667
f 950/4227/3668 3293/4225/3668 4758/4228/3668
f 4758/4228/3669 3290/4218/3669 953/4220/3670
f 3292/4226/3671 955/4216/3671 3290/4218/3671
f 3294/4229/3672 948/3049/3672 2733/3052/3672
f 949/4230/3673 3294/4229/3673 4759/4231/3673
f 4759/4231/3674 3291/4222/3674 952/4223/3674
f 2733/3052/3675 951/3043/3675 3291/4222/3675
f 3296/4232/3676 949/4230/3676 3295/4233/3676
f 947/4234/3677 3296/4232/3677 4760/4235/3677
f 4760/4235/3678 3293/4225/3678 950/4227/3678
f 3295/4233/3679 952/4223/3679 3293/4225/3679
f 3297/4236/3680 945/3055/3680 2736/3058/3680
f 946/4237/3681 3297/4236/3681 4761/4238/3681
f 4761/4238/3682 3294/4229/3682 949/4230/3682
f 2736/3058/3683 948/3049/3683 3294/4229/3683
f 3299/4239/3684 946/4237/3684 3298/4240/3684
f 944/4241/3685 3299/4239/3685 4762/4242/3685
f 4762/4242/3686 3296/4232/3686 947/4234/3686
f 3298/4240/3687 949/4230/3687 3296/4232/3687
f 3300/4243/3688 942/3061/3688 2739/3064/3688
f 943/4244/3689 3300/4243/3689 4763/4245/3689
f 4763/4245/3690 3297/4236/3690 946/4237/3690
f 2739/3064/3691 945/3055/3691 3297/4236/3691
f 3302/4246/3692 943/4244/3692 3301/4247/3692
f 941/4248/3693 3302/4246/3693 4764/4249/3693
f 4764/4249/3694 3299/4239/3694 944/4241/3694
f 3301/4247/3695 946/4237/3695 3299/4239/3695
f 3303/4250/3696 939/3067/3696 2742/3070/3696
f 940/4251/3697 3303/4250/3697 4765/4252/3697
f 4765/4252/3698 3300/4243/3698 943/4244/3698
f 2742/3070/3699 942/3061/3699 3300/4243/3699
f 3305/4253/3700 940/4251/3700 3304/4254/3700
f 938/4255/3701 3305/4253/3701 4766/4256/3701
f 4766/4256/3702 3302/4246/3702 941/4248/3702
f 3304/4254/3703 943/4244/3703 3302/4246/3703
f 3306/4257/3704 936/3073/3704 2745/3076/3704
f 937/4258/3705 3306/4257/3705 4767/4259/3705
f 4767/4259/3706 3303/4250/3706 940/4251/3706
f 2745/3076/3707 939/3067/3707 3303/4250/3707
f 3308/4260/3708 937/4258/3708 3307/4261/3708
f 935/4262/3709 3308/4260/3709 4768/4263/3709
f 4768/4263/3710 3305/4253/3710 938/4255/3710
f 3307/4261/3711 940/4251/3711 3305/4253/3711
f 3309/4264/3712 933/3079/3712 2748/3082/3712
f 934/4265/3713 3309/4264/3713 4769/4266/3713
f 4769/4266/3714 3306/4257/3714 937/4258/3714
f 2748/3082/3715 936/3073/3715 3306/4257/3715
f 3311/4267/3716 934/4265/3716 3310/4268/3716
f 932/4269/3717 3311/4267/3717 4770/4270/3717
f 4770/4270/3718 3308/4260/3718 935/4262/3718
f 3310/4268/3719 937/4258/3719 3308/4260/3719
f 3312/4271/3720 930/3085/3720 2751/3088/3720
f 931/4272/3721 3312/4271/3721 4771/4273/3721
f 4771/4273/3722 3309/4264/3722 934/4265/3722
f 2751/3088/3723 933/3079/3723 3309/4264/3723
f 3314/4274/3724 931/4272/3724 3313/4275/3724
f 929/4276/3725 3314/4274/3725 4772/4277/3725
f 4772/4277/3726 3311/4267/3726 932/4269/3726
f 3313/4275/3727 934/4265/3727 3311/4267/3727
f 3315/4278/3728 927/3091/3728 2754/3094/3728
f 928/4279/3729 3315/4278/3729 4773/4280/3729
f 4773/4280/3730 3312/4271/3730 931/4272/3730
f 2754/3094/3731 930/3085/3731 3312/4271/3731
f 3317/4281/3732 928/4279/3732 3316/4282/3732
f 926/4283/3733 3317/4281/3733 4774/4284/3733
f 4774/4284/3734 3314/4274/3734 929/4276/3734
f 3316/4282/3735 931/4272/3735 3314/4274/3735
f 3318/4285/3736 924/3097/3736 2757/3100/3736
f 925/4286/3737 3318/4285/3737 4775/4287/3737
f 4775/4287/3738 3315/4278/3738 928/4279/3738
f 2757/3100/3739 927/3091/3739 3315/4278/3739
f 3320/4288/3740 925/4286/3740 3319/4289/3740
f 923/4290/3741 3320/4288/3741 4776/4291/3741
f 4776/4291/3742 3317/4281/3742 926/4283/3742
f 3319/4289/3743 928/4279/3743 3317/4281/3743
f 3321/4292/3744 921/3103/3744 2760/3106/3744
f 922/4293/3745 3321/4292/3745 4777/4294/3745
f 4777/4294/3746 3318/4285/3746 925/4286/3746
f 2760/3106/3747 924/3097/3747 3318/4285/3747
f 3323/4295/3748 922/4293/3748 3322/4296/3748
f 920/4297/3749 3323/4295/3749 4778/4298/3749
f 4778/4298/3750 3320/4288/3750 923/4290/3750
f 3322/4296/3751 925/4286/3751 3320/4288/3751
f 3324/4299/3752 918/3109/3752 2763/3112/3752
f 919/4300/3753 3324/4299/3753 4779/4301/3753
f 4779/4301/3754 3321/4292/3754 922/4293/3754
f 2763/3112/3755 921/3103/3755 3321/4292/3755
f 3326/4302/3756 919/4300/3756 3325/4303/3756
f 917/4304/3757 3326/4302/3757 4780/4305/3757
f 4780/4305/3758 3323/4295/3758 920/4297/3758
f 3325/4303/3759 922/4293/3759 3323/4295/3759
f 3327/4306/3760 915/2970/3760 2766/3116/3760
f 916/4307/3761 3327/4306/3761 4781/4308/3761
f 4781/4308/3762 3324/4299/3762 919/4300/3762
f 2766/3116/3763 918/3109/3763 3324/4299/3763
f 3329/4309/3764 916/4307/3764 3328/4310/3764
f 914/4311/3765 3329/4309/3765 4782/4312/3765
f 4782/4312/3766 3326/4302/3766 917/4304/3766
f 3328/4310/3767 919/4300/3767 3326/4302/3767
f 3330/4313/3768 912/2967/3768 2692/2971/3768
f 913/4314/3769 3330/4313/3769 4783/4315/3769
f 4783/4315/3770 3327/4306/3770 916/4307/3770
f 2692/2971/3771 915/2970/3771 3327/4306/3771
f 3332/4316/3772 913/4314/3772 3331/4317/3772
f 911/4318/3773 3332/4316/3773 4784/4319/3773
f 4784/4319/3774 3329/4309/3774 914/4311/3774
f 3331/4317/3775 916/4307/3775 3329/4309/3775
f 3258/4320/3776 986/3119/3776 2768/3122/3776
f 988/4321/3777 3258/4320/3777 4785/4322/3777
f 4785/4322/3778 3330/4313/3778 913/4314/3778
f 2768/3122/3779 912/2967/3779 3330/4313/3779
f 3260/4323/3780 988/4321/3780 3333/4324/3780
f 987/4325/3781 3260/4323/3781 4786/4326/3781
f 4786/4326/3782 3332/4316/3782 911/4318/3782
f 3333/4324/3783 913/4314/3783 3332/4316/3783
f 3335/4327/3784 1052/4328/3784 3338/4329/3784
f 613/4330/3785 3335/4327/3785 4787/4331/3785
f 4787/4331/3786 3337/4332/3786 611/4333/3786
f 3338/4329/3787 1054/4334/3787 3337/4332/3787
f 3339/4335/3788 990/3417/3788 2914/3413/3788
f 989/4336/3789 3339/4335/3789 4788/4337/3789
f 4788/4337/3790 3340/4338/3790 1040/4339/3790
f 2914/3413/3791 1039/3412/3791 3340/4338/3791
f 3340/4338/3792 1039/3412/3792 2918/3426/3792
f 1040/4339/3793 3340/4338/3793 4789/4340/3793
f 4789/4340/3794 3341/4341/3794 1038/4342/3794
f 2918/3426/3795 1037/3425/3795 3341/4341/3795
f 1037/3425/3796 2923/3435/3796 4790/4343/3796
f 1038/4342/3797 3341/4341/3797 4790/4343/3797
f 4790/4343/3798 3342/4344/3798 1036/4345/3798
f 2923/3435/3799 1035/3434/3799 3342/4344/3799
f 3342/4344/3800 1035/3434/3800 2929/3446/3800
f 1036/4345/3801 3342/4344/3801 4791/4346/3801
f 4791/4346/3802 3343/4347/3802 1034/4348/3802
f 4791/4346/3803 2929/3446/3803 1033/3445/3803
f 3343/4347/3804 1033/3445/3804 2934/3455/3804
f 1034/4348/3805 3343/4347/3805 4792/4349/3805
f 4792/4349/3806 3344/4350/3806 1032/4351/3806
f 2934/3455/3807 1031/3454/3807 3344/4350/3807
f 3344/4350/3808 1031/3454/3808 2939/3464/3808
f 1032/4351/3809 3344/4350/3809 4793/4352/3809
f 4793/4352/3810 3345/4353/3811 1030/4354/3810
f 4793/4352/3812 2939/3464/3812 1029/3463/3812
f 3345/4353/3813 1029/3463/3814 2944/3473/3814
f 1030/4354/3815 3345/4353/3816 4794/4355/3815
f 4794/4355/3817 3346/4356/3818 1028/4357/3817
f 2944/3473/3819 1027/3472/3819 3346/4356/3820
f 3346/4356/3821 1027/3472/3822 2949/3482/3822
f 1028/4357/3823 3346/4356/3824 4795/4358/3823
f 4795/4358/3825 3347/4359/3825 1026/4360/3825
f 2949/3482/3826 1025/3481/3826 3347/4359/3826
f 3347/4359/3827 1025/3481/3827 2954/3491/3827
f 1026/4360/3828 3347/4359/3828 4796/4361/3828
f 4796/4361/3829 3348/4362/3829 1024/4363/3829
f 2954/3491/3830 1023/3490/3830 3348/4362/3830
f 1023/3490/3831 2959/3500/3831 4797/4364/3831
f 1024/4363/3832 3348/4362/3832 4797/4364/3832
f 4797/4364/3833 3349/4365/3833 1022/4366/3833
f 2959/3500/3834 1021/3499/3834 3349/4365/3834
f 3349/4365/3835 1021/3499/3835 2964/3509/3835
f 1022/4366/3836 3349/4365/3836 4798/4367/3836
f 4798/4367/3837 3350/4368/3837 1020/4369/3837
f 2964/3509/3838 1019/3508/3838 3350/4368/3838
f 3350/4368/3839 1019/3508/3839 2969/3518/3839
f 1020/4369/3840 3350/4368/3840 4799/4370/3840
f 4799/4370/3841 3351/4371/3841 1018/4372/3841
f 4799/4370/3842 2969/3518/3842 1017/3517/3842
f 3351/4371/3843 1017/3517/3843 2974/3527/3843
f 1018/4372/3844 3351/4371/3844 4800/4373/3844
f 4800/4373/3845 3352/4374/3845 1016/4375/3845
f 2974/3527/3846 1015/3526/3846 3352/4374/3846
f 3352/4374/3847 1015/3526/3847 2979/3536/3847
f 1016/4375/3848 3352/4374/3848 4801/4376/3848
f 4801/4376/3849 3353/4377/3849 1014/4378/3849
f 2979/3536/3850 1013/3535/3850 3353/4377/3850
f 3353/4377/3851 1013/3535/3851 2984/3545/3851
f 1014/4378/3852 3353/4377/3852 4802/4379/3852
f 4802/4379/3853 3354/4380/3853 1012/4381/3853
f 2984/3545/3854 1011/3544/3854 3354/4380/3854
f 3354/4380/3855 1011/3544/3855 2989/3554/3855
f 1012/4381/3856 3354/4380/3856 4803/4382/3856
f 4803/4382/3857 3355/4383/3857 1010/4384/3857
f 4803/4382/3858 2989/3554/3858 1009/3553/3858
f 3355/4383/3859 1009/3553/3859 2994/3563/3859
f 1010/4384/3860 3355/4383/3860 4804/4385/3860
f 4804/4385/3861 3356/4386/3861 1008/4387/3861
f 4804/4385/3862 2994/3563/3862 1007/3562/3862
f 3356/4386/3863 1007/3562/3863 2999/3572/3863
f 1008/4387/3864 3356/4386/3864 4805/4388/3864
f 4805/4388/3865 3357/4389/3865 1006/4390/3865
f 4805/4388/3866 2999/3572/3866 1005/3571/3866
f 3357/4389/3867 1005/3571/3867 3004/3581/3867
f 1006/4390/3868 3357/4389/3868 4806/4391/3868
f 4806/4391/3869 3358/4392/3869 1004/4393/3869
f 3004/3581/3870 1003/3580/3870 3358/4392/3870
f 3358/4392/3871 1003/3580/3871 3009/3590/3871
f 1004/4393/3872 3358/4392/3872 4807/4394/3872
f 4807/4394/3873 3359/4395/3873 1002/4396/3873
f 4807/4394/3874 3009/3590/3874 1001/3589/3874
f 3359/4395/3875 1001/3589/3875 3014/3599/3875
f 1002/4396/3876 3359/4395/3876 4808/4397/3876
f 4808/4397/3877 3360/4398/3877 1000/4399/3877
f 3014/3599/3878 999/3598/3878 3360/4398/3878
f 3360/4398/3879 999/3598/3879 3019/3608/3879
f 1000/4399/3880 3360/4398/3880 4809/4400/3880
f 4809/4400/3881 3361/4401/3881 998/4402/3881
f 3019/3608/3882 997/3607/3882 3361/4401/3882
f 3361/4401/3883 997/3607/3883 3024/3617/3883
f 998/4402/3884 3361/4401/3884 4810/4403/3884
f 4810/4403/3885 3362/4404/3885 996/4405/3885
f 3024/3617/3886 995/3616/3886 3362/4404/3886
f 3362/4404/3887 995/3616/3887 3029/3626/3887
f 996/4405/3888 3362/4404/3888 4811/4406/3888
f 4811/4406/3889 3363/4407/3889 994/4408/3889
f 3029/3626/3890 993/3625/3890 3363/4407/3890
f 3363/4407/3891 993/3625/3891 3033/3633/3891
f 994/4408/3892 3363/4407/3892 4812/4409/3892
f 4812/4409/3893 3364/4410/3893 992/4411/3893
f 3033/3633/3894 991/3423/3894 3364/4410/3894
f 3364/4410/3895 991/3423/3895 2916/3420/3895
f 992/4411/3896 3364/4410/3896 4813/4412/3896
f 4813/4412/3897 3339/4413/3897 989/4414/3897
f 2916/3420/3898 990/3419/3898 3339/4413/3898
f 703/3651/3899 3043/3650/3899 4814/4415/3899
f 3038/4416/3900 4814/4415/3900 3365/4417/3900
f 3365/4417/3901 4814/4415/3901 3040/3648/3901
f 4814/4415/3902 3043/3650/3902 707/3645/3902
f 626/2805/3903 2920/3432/3903 4815/4418/3903
f 2609/2804/3904 4815/4418/3904 3366/4419/3904
f 4815/4418/3905 2846/3280/3905 777/3271/3905
f 2920/3432/3906 780/3277/3906 2846/3280/3906
f 627/2793/3907 3366/4419/3907 4816/4420/3907
f 2603/2791/3908 4816/4420/3908 3367/4421/3908
f 4816/4420/3909 2843/3274/3909 774/3266/3909
f 3366/4419/3910 777/3271/3910 2843/3274/3910
f 628/2792/3911 3367/4421/3911 4817/4422/3911
f 2607/2798/3912 4817/4422/3912 3368/4423/3912
f 3368/4423/3913 4817/4422/3913 2840/3265/3913
f 3367/4421/3914 774/3266/3914 2840/3265/3914
f 3057/3678/3915 629/2799/3915 3368/4423/3915
f 630/3679/3916 3057/3678/3916 4818/4424/3916
f 3369/4425/3917 4818/4424/3917 2837/3259/3917
f 4818/4424/3918 3368/4423/3918 771/3260/3918
f 3060/3685/3919 630/3679/3919 3369/4425/3919
f 631/2777/3920 3060/3685/3920 4819/4426/3920
f 3370/4427/3921 4819/4426/3921 2834/3253/3921
f 4819/4426/3922 3369/4425/3922 768/3254/3922
f 2595/2775/3923 631/2777/3923 3370/4427/3923
f 2595/2775/3924 4820/4428/3924 3371/4429/3924
f 4820/4428/3925 2831/3247/3925 762/3241/3925
f 4820/4428/3926 3370/4427/3926 765/3248/3926
f 632/2776/3927 3371/4429/3927 4821/4430/3927
f 3063/3690/3928 4821/4430/3928 3372/4431/3928
f 4821/4430/3929 2828/3244/3929 759/3235/3929
f 3371/4429/3930 762/3241/3930 2828/3244/3930
f 633/3691/3931 3372/4431/3931 4822/4432/3931
f 3072/3709/3932 4822/4432/3932 3373/4433/3932
f 4822/4432/3933 2825/3238/3933 756/3230/3933
f 3372/4431/3934 759/3235/3934 2825/3238/3934
f 2578/2741/3935 634/2743/3935 3373/4433/3935
f 635/2742/3936 2578/2741/3936 4823/4434/3936
f 3374/4435/3937 4823/4434/3937 2822/3229/3937
f 4823/4434/3938 3373/4433/3938 756/3230/3938
f 3070/3705/3939 635/2742/3939 3374/4435/3939
f 636/2729/3940 3070/3705/3940 4824/4436/3940
f 3375/4437/3941 4824/4436/3941 2819/3223/3941
f 4824/4436/3942 3374/4435/3942 753/3224/3942
f 2571/2727/3943 636/2729/3943 3375/4437/3943
f 637/2728/3944 2571/2727/3944 4825/4438/3944
f 3376/4439/3945 4825/4438/3945 2816/3217/3945
f 4825/4438/3946 3375/4437/3946 750/3218/3946
f 2575/2734/3947 637/2728/3947 3376/4439/3947
f 638/2735/3948 2575/2734/3948 4826/4440/3948
f 3377/4441/3949 4826/4440/3949 2813/3211/3949
f 4826/4440/3950 3376/4439/3950 747/3212/3950
f 638/2735/3951 3377/4441/3951 4827/4442/3951
f 3075/3714/3952 4827/4442/3952 3378/4443/3952
f 4827/4442/3953 2810/3208/3953 741/3199/3953
f 3377/4441/3954 744/3205/3954 2810/3208/3954
f 639/3715/3955 3378/4443/3955 4828/4444/3955
f 3078/3721/3956 4828/4444/3956 3379/4445/3956
f 4828/4444/3957 2807/3202/3957 738/3193/3957
f 3378/4443/3958 741/3199/3958 2807/3202/3958
f 640/2713/3959 3379/4445/3959 4829/4446/3959
f 2563/2711/3960 4829/4446/3960 3380/4447/3960
f 4829/4446/3961 2804/3196/3961 735/3187/3961
f 3379/4445/3962 738/3193/3962 2804/3196/3962
f 641/2712/3963 3380/4447/3963 4830/4448/3963
f 3081/3726/3964 4830/4448/3964 3381/4449/3964
f 4830/4448/3965 2801/3190/3965 732/3182/3965
f 3380/4447/3966 735/3187/3966 2801/3190/3966
f 3090/3745/3967 642/3727/3967 3381/4449/3967
f 643/2679/3968 3090/3745/3968 4831/4450/3968
f 3382/4451/3969 4831/4450/3969 2798/3181/3969
f 4831/4450/3970 3381/4449/3970 732/3182/3970
f 2546/2677/3971 643/2679/3971 3382/4451/3971
f 644/2678/3972 2546/2677/3972 4832/4452/3972
f 3383/4453/3973 4832/4452/3973 2795/3175/3973
f 4832/4452/3974 3382/4451/3974 729/3176/3974
f 3088/3741/3975 644/2678/3975 3383/4453/3975
f 3088/3741/3976 4833/4454/3976 3384/4455/3976
f 4833/4454/3977 2792/3169/3977 723/3163/3977
f 4833/4454/3978 3383/4453/3978 726/3170/3978
f 645/2664/3979 3384/4455/3979 4834/4456/3979
f 2539/2663/3980 4834/4456/3980 3385/4457/3980
f 4834/4456/3981 2789/3166/3981 720/3157/3981
f 3384/4455/3982 723/3163/3982 2789/3166/3982
f 646/2671/3983 3385/4457/3983 4835/4458/3983
f 2543/2670/3984 4835/4458/3984 3386/4459/3984
f 4835/4458/3985 2786/3160/3985 717/3151/3985
f 3385/4457/3986 720/3157/3986 2786/3160/3986
f 3093/3750/3987 647/3751/3987 3386/4459/3987
f 648/3759/3988 3093/3750/3988 4836/4460/3988
f 3387/4461/3989 4836/4460/3989 2783/3154/3989
f 3386/4459/3990 717/3151/3990 2783/3154/3990
f 3097/3758/3991 648/3759/3991 3387/4461/3991
f 649/3763/3992 3097/3758/3992 4837/4462/3992
f 3388/4463/3993 4837/4462/3993 2780/3145/3993
f 4837/4462/3994 3387/4461/3994 714/3146/3994
f 3099/3762/3995 649/3763/3995 3388/4463/3995
f 650/3671/3996 3099/3762/3996 4838/4464/3996
f 3389/4465/3997 4838/4464/3997 2777/3139/3997
f 4838/4464/3998 3388/4463/3998 711/3140/3998
f 3052/3670/3999 650/3671/3999 3389/4465/3999
f 625/4466/4000 3052/3670/4000 4839/4467/4000
f 2921/4468/4001 4839/4467/4001 2773/3131/4001
f 4839/4467/4002 3389/4465/4002 708/3132/4002
f 3390/4469/4003 1042/2637/4003 3393/4470/4003
f 1041/4471/4004 3390/4469/4004 4840/4472/4004
f 4840/4472/4005 3392/4473/4005 1044/4474/4005
f 3393/4470/4006 1043/2959/4006 3392/4473/4006
f 3392/4473/4007 1043/2959/4007 2688/2963/4007
f 1044/4474/4008 3392/4473/4008 4841/4475/4008
f 4841/4475/4009 3395/4476/4009 1046/4477/4009
f 2688/2963/4010 1045/2962/4010 3395/4476/4010
f 3395/4476/4011 1045/2962/4011 2770/3127/4011
f 1046/4477/4012 3395/4476/4012 4842/4478/4012
f 4842/4478/4013 3397/4479/4013 1048/4480/4013
f 2770/3127/4014 1047/3126/4014 3397/4479/4014
f 3397/4479/4015 1047/3126/4015 2851/3290/4015
f 1048/4480/4016 3397/4479/4016 4843/4481/4016
f 4843/4481/4017 3399/4482/4017 1050/4483/4017
f 2851/3290/4018 1049/2826/4018 3399/4482/4018
f 3399/4482/4019 1049/2826/4019 2621/2830/4019
f 1050/4483/4020 3399/4482/4020 4844/4484/4020
f 4844/4484/4021 3401/4485/4021 1052/4328/4021
f 2621/2830/4022 1051/2829/4022 3401/4485/4022
f 3401/4485/4023 1051/2829/4023 2625/2836/4023
f 1052/4328/4024 3401/4485/4024 4845/4486/4024
f 4845/4486/4025 3402/4487/4025 1054/4334/4025
f 2625/2836/4026 1053/2835/4026 3402/4487/4026
f 3402/4487/4027 1053/2835/4027 2628/2842/4027
f 1054/4334/4028 3402/4487/4028 4846/4488/4028
f 4846/4488/4029 3404/4489/4029 1056/4490/4029
f 2628/2842/4030 1055/2841/4030 3404/4489/4030
f 3404/4489/4031 1055/2841/4031 2631/2848/4031
f 1056/4490/4032 3404/4489/4032 4847/4491/4032
f 4847/4491/4033 3406/4492/4033 1058/4493/4033
f 2631/2848/4034 1057/2847/4034 3406/4492/4034
f 3406/4492/4035 1057/2847/4035 2634/2854/4035
f 1058/4493/4036 3406/4492/4036 4848/4494/4036
f 4848/4494/4037 3408/4495/4037 1060/4496/4037
f 2634/2854/4038 1059/2853/4038 3408/4495/4038
f 3408/4495/4039 1059/2853/4039 2637/2860/4039
f 1060/4496/4040 3408/4495/4040 4849/4497/4040
f 4849/4497/4041 3410/4498/4041 1062/4499/4041
f 2637/2860/4042 1061/2859/4042 3410/4498/4042
f 3410/4498/4043 1061/2859/4043 2640/2866/4043
f 1062/4499/4044 3410/4498/4044 4850/4500/4044
f 4850/4500/4045 3412/4501/4045 1064/4502/4045
f 2640/2866/4046 1063/2865/4046 3412/4501/4046
f 3412/4501/4047 1063/2865/4047 2643/2872/4047
f 1064/4502/4048 3412/4501/4048 4851/4503/4048
f 4851/4503/4049 3414/4504/4049 1066/4505/4049
f 2643/2872/4050 1065/2871/4050 3414/4504/4050
f 3414/4504/4051 1065/2871/4051 2646/2878/4051
f 1066/4505/4052 3414/4504/4052 4852/4506/4052
f 4852/4506/4053 3416/4507/4054 1068/4508/4053
f 2646/2878/4055 1067/2877/4055 3416/4507/4056
f 3416/4507/4057 1067/2877/4058 2649/2884/4058
f 1068/4508/4059 3416/4507/4060 4853/4509/4059
f 4853/4509/4061 3418/4510/4061 1070/4511/4061
f 2649/2884/4062 1069/2883/4062 3418/4510/4062
f 3418/4510/4063 1069/2883/4063 2652/2890/4063
f 1070/4511/4064 3418/4510/4064 4854/4512/4064
f 4854/4512/4065 3420/4513/4065 1072/4514/4065
f 2652/2890/4066 1071/2889/4066 3420/4513/4066
f 3420/4513/4067 1071/2889/4067 2655/2896/4067
f 1072/4514/4068 3420/4513/4068 4855/4515/4068
f 4855/4515/4069 3422/4516/4069 1074/4517/4069
f 2655/2896/4070 1073/2895/4070 3422/4516/4070
f 3422/4516/4071 1073/2895/4071 2658/2902/4071
f 1074/4517/4072 3422/4516/4072 4856/4518/4072
f 4856/4518/4073 3424/4519/4073 1076/4520/4073
f 2658/2902/4074 1075/2901/4074 3424/4519/4074
f 3424/4519/4075 1075/2901/4075 2661/2908/4075
f 1076/4520/4076 3424/4519/4076 4857/4521/4076
f 4857/4521/4077 3426/4522/4077 1078/4523/4077
f 2661/2908/4078 1077/2907/4078 3426/4522/4078
f 3426/4522/4079 1077/2907/4079 2664/2914/4079
f 1078/4523/4080 3426/4522/4080 4858/4524/4080
f 4858/4524/4081 3428/4525/4081 1080/4526/4081
f 2664/2914/4082 1079/2913/4082 3428/4525/4082
f 3428/4525/4083 1079/2913/4083 2667/2920/4083
f 1080/4526/4084 3428/4525/4084 4859/4527/4084
f 4859/4527/4085 3430/4528/4086 1082/4529/4085
f 2667/2920/4087 1081/2919/4087 3430/4528/4088
f 3430/4528/4089 1081/2919/4090 2670/2926/4090
f 1082/4529/4091 3430/4528/4092 4860/4530/4091
f 4860/4530/4093 3432/4531/4093 1084/4532/4093
f 2670/2926/4094 1083/2925/4094 3432/4531/4094
f 3432/4531/4095 1083/2925/4095 2673/2932/4095
f 1084/4532/4096 3432/4531/4096 4861/4533/4096
f 4861/4533/4097 3434/4534/4097 1086/4535/4097
f 2673/2932/4098 1085/2931/4098 3434/4534/4098
f 3434/4534/4099 1085/2931/4099 2676/2938/4099
f 1086/4535/4100 3434/4534/4100 4862/4536/4100
f 4862/4536/4101 3436/4537/4101 1088/4538/4101
f 2676/2938/4102 1087/2937/4102 3436/4537/4102
f 3436/4537/4103 1087/2937/4103 2679/2944/4103
f 1088/4538/4104 3436/4537/4104 4863/4539/4104
f 4863/4539/4105 3438/4540/4105 1090/4541/4105
f 2679/2944/4106 1089/2943/4106 3438/4540/4106
f 3438/4540/4107 1089/2943/4107 2682/2949/4107
f 1090/4541/4108 3438/4540/4108 4864/4542/4108
f 4864/4542/4109 3440/4543/4109 1092/4544/4109
f 2682/2949/4110 1091/2634/4110 3440/4543/4110
f 3440/4543/4111 1091/2634/4111 2525/2638/4111
f 1092/4544/4112 3440/4543/4112 4865/4545/4112
f 4865/4545/4113 3390/4469/4113 1041/4471/4113
f 2525/2638/4114 1042/2637/4114 3390/4469/4114
f 1042/2637/4115 2526/2639/4115 4866/4546/4115
f 1043/2959/4116 3393/4470/4116 4866/4546/4116
f 2691/2960/4117 4866/4546/4117 3334/4547/4117
f 2526/2639/4118 987/4548/4118 3334/4547/4118
f 3442/4549/4119 1062/4499/4119 3411/4550/4119
f 603/4551/4120 3442/4549/4120 4867/4552/4120
f 4867/4552/4121 3444/4553/4121 601/4554/4121
f 3411/4550/4122 1064/4502/4122 3444/4553/4122
f 3445/4555/4123 1072/4514/4123 3421/4556/4123
f 593/4557/4124 3445/4555/4124 4868/4558/4124
f 4868/4558/4125 3447/4559/4125 591/4560/4125
f 3421/4556/4126 1074/4517/4126 3447/4559/4126
f 3448/4561/4127 1082/4529/4127 3431/4562/4127
f 583/2958/4128 3448/4561/4128 4869/4563/4128
f 4869/4563/4129 3450/4564/4129 581/4565/4129
f 3431/4562/4130 1084/4532/4130 3450/4564/4130
f 3451/4566/4131 1048/4480/4131 3398/4567/4131
f 617/4568/4132 3451/4566/4132 4870/4569/4132
f 4870/4569/4133 3453/4570/4133 615/4571/4133
f 3398/4567/4134 1050/4483/4134 3453/4570/4134
f 3454/4572/4135 1058/4493/4135 3407/4573/4135
f 607/4574/4136 3454/4572/4136 4871/4575/4136
f 4871/4575/4137 3456/4576/4137 605/4577/4137
f 3407/4573/4138 1060/4496/4138 3456/4576/4138
f 3457/4578/4139 1068/4508/4139 3417/4579/4139
f 597/4580/4140 3457/4578/4140 4872/4581/4140
f 4872/4581/4141 3459/4582/4141 595/4583/4141
f 3417/4579/4142 1070/4511/4142 3459/4582/4142
f 3460/4584/4143 1078/4523/4143 3427/4585/4143
f 587/4586/4144 3460/4584/4144 4873/4587/4144
f 4873/4587/4145 3462/4588/4145 585/2952/4145
f 3427/4585/4146 1080/4526/4146 3462/4588/4146
f 3463/4589/4147 1088/4538/4147 3437/4590/4147
f 577/4591/4148 3463/4589/4148 4874/4592/4148
f 4874/4592/4149 3465/4593/4149 575/4594/4149
f 3437/4590/4150 1090/4541/4150 3465/4593/4150
f 3466/4595/4151 1044/4474/4151 3394/4596/4151
f 623/4597/4152 3466/4595/4152 4875/4598/4152
f 4875/4598/4153 3468/4599/4153 619/4600/4153
f 3394/4596/4154 1046/4477/4154 3468/4599/4154
f 3337/4332/4155 1054/4334/4155 3403/4601/4155
f 611/4333/4156 3337/4332/4156 4876/4602/4156
f 4876/4602/4157 3470/4603/4157 609/4604/4157
f 3403/4601/4158 1056/4490/4158 3470/4603/4158
f 3444/4553/4159 1064/4502/4159 3413/4605/4159
f 601/4554/4160 3444/4553/4160 4877/4606/4160
f 4877/4606/4161 3472/4607/4161 599/4608/4161
f 3413/4605/4162 1066/4505/4162 3472/4607/4162
f 3447/4559/4163 1074/4517/4163 3423/4609/4163
f 591/4560/4164 3447/4559/4164 4878/4610/4164
f 4878/4610/4165 3474/4611/4165 589/4612/4165
f 3423/4609/4166 1076/4520/4166 3474/4611/4166
f 3450/4564/4167 1084/4532/4167 3433/4613/4167
f 581/4565/4168 3450/4564/4168 4879/4614/4168
f 4879/4614/4169 3476/4615/4169 579/4616/4169
f 3433/4613/4170 1086/4535/4170 3476/4615/4170
f 3453/4570/4171 1050/4483/4171 3400/4617/4171
f 615/4571/4172 3453/4570/4172 4880/4618/4172
f 4880/4618/4173 3335/4327/4173 613/4330/4173
f 3400/4617/4174 1052/4328/4174 3335/4327/4174
f 3456/4576/4175 1060/4496/4175 3409/4619/4175
f 605/4577/4176 3456/4576/4176 4881/4620/4176
f 4881/4620/4177 3442/4549/4177 603/4551/4177
f 3409/4619/4178 1062/4499/4178 3442/4549/4178
f 3459/4582/4179 1070/4511/4179 3419/4621/4179
f 595/4583/4180 3459/4582/4180 4882/4622/4180
f 4882/4622/4181 3445/4555/4181 593/4557/4181
f 3419/4621/4182 1072/4514/4182 3445/4555/4182
f 3462/4588/4183 1080/4526/4183 3429/4623/4183
f 585/2952/4184 3462/4588/4184 4883/4624/4184
f 4883/4624/4185 3448/4561/4185 583/2958/4185
f 3429/4623/4186 1082/4529/4186 3448/4561/4186
f 3465/4593/4187 1090/4541/4187 3439/4625/4187
f 575/4594/4188 3465/4593/4188 4884/4626/4188
f 4884/4626/4189 3481/4627/4189 573/4628/4189
f 3439/4625/4190 1092/4544/4190 3481/4627/4190
f 3468/4599/4191 1046/4477/4191 3396/4629/4191
f 619/4600/4192 3468/4599/4192 4885/4630/4192
f 4885/4630/4193 3451/4566/4193 617/4568/4193
f 3396/4629/4194 1048/4480/4194 3451/4566/4194
f 3470/4603/4195 1056/4490/4195 3405/4631/4195
f 609/4604/4196 3470/4603/4196 4886/4632/4196
f 4886/4632/4197 3454/4572/4197 607/4574/4197
f 3405/4631/4198 1058/4493/4198 3454/4572/4198
f 3472/4607/4199 1066/4505/4199 3415/4633/4199
f 599/4608/4200 3472/4607/4200 4887/4634/4200
f 4887/4634/4201 3457/4578/4201 597/4580/4201
f 3415/4633/4202 1068/4508/4202 3457/4578/4202
f 3474/4611/4203 1076/4520/4203 3425/4635/4203
f 589/4612/4204 3474/4611/4204 4888/4636/4204
f 4888/4636/4205 3460/4584/4205 587/4586/4205
f 3425/4635/4206 1078/4523/4206 3460/4584/4206
f 3476/4615/4207 1086/4535/4207 3435/4637/4207
f 579/4616/4208 3476/4615/4208 4889/4638/4208
f 4889/4638/4209 3463/4589/4209 577/4591/4209
f 3435/4637/4210 1088/4538/4210 3463/4589/4210
f 3481/4627/4211 1092/4544/4211 3441/4639/4211
f 573/4628/4212 3481/4627/4212 4890/4640/4212
f 4890/4640/4213 3488/4641/4213 621/4642/4213
f 3441/4639/4214 1041/4471/4214 3488/4641/4214
f 3488/4641/4215 1041/4471/4215 3391/4643/4215
f 621/4642/4216 3488/4641/4216 4891/4644/4216
f 4891/4644/4217 3466/4595/4217 623/4597/4217
f 3391/4643/4218 1044/4474/4218 3466/4595/4218
f 587/4586/4219 3461/4645/4219 4892/4646/4219
f 3515/4647/4220 4892/4646/4220 3496/4648/4220
f 3496/4648/4221 4892/4646/4221 2684/2955/4221
f 4892/4646/4222 3461/4645/4222 585/2952/4222
f 601/4554/4223 3471/4649/4223 4893/4650/4223
f 3516/4651/4224 4893/4650/4224 3503/4652/4224
f 3503/4652/4225 4893/4650/4225 3517/4653/4225
f 4893/4650/4226 3471/4649/4226 599/4608/4226
f 603/4551/4227 3443/4654/4227 4894/4655/4227
f 3518/4656/4228 4894/4655/4228 3504/4657/4228
f 3504/4657/4229 4894/4655/4229 3516/4651/4229
f 4894/4655/4230 3443/4654/4230 601/4554/4230
f 617/4568/4231 3452/4658/4231 4895/4659/4231
f 3519/4660/4232 4895/4659/4232 3511/4661/4232
f 3511/4661/4233 4895/4659/4233 3520/4662/4233
f 4895/4659/4234 3452/4658/4234 615/4571/4234
f 619/4600/4235 3482/4663/4235 4896/4664/4235
f 3521/4665/4236 4896/4664/4236 3512/4666/4236
f 3512/4666/4237 4896/4664/4237 3519/4660/4237
f 4896/4664/4238 3482/4663/4238 617/4568/4238
f 573/4628/4239 3487/4667/4239 4897/4668/4239
f 3522/4669/4240 4897/4668/4240 3490/4670/4240
f 3490/4670/4241 4897/4668/4241 3523/4671/4241
f 4897/4668/4242 3487/4667/4242 621/4642/4242
f 575/4594/4243 3480/4672/4243 4898/4673/4243
f 3524/4674/4244 4898/4673/4244 3491/4675/4244
f 3491/4675/4245 4898/4673/4245 3522/4669/4245
f 4898/4673/4246 3480/4672/4246 573/4628/4246
f 589/4612/4247 3485/4676/4247 4899/4677/4247
f 3525/4678/4248 4899/4677/4248 3497/4679/4248
f 3497/4679/4249 4899/4677/4249 3515/4647/4249
f 4899/4677/4250 3485/4676/4250 587/4586/4250
f 591/4560/4251 3473/4680/4251 4900/4681/4251
f 3526/4682/4252 4900/4681/4252 3498/4683/4252
f 3498/4683/4253 4900/4681/4253 3525/4678/4253
f 4900/4681/4254 3473/4680/4254 589/4612/4254
f 605/4577/4255 3478/4684/4255 4901/4685/4255
f 3527/4686/4256 4901/4685/4256 3505/4687/4256
f 3505/4687/4257 4901/4685/4257 3518/4656/4257
f 4901/4685/4258 3478/4684/4258 603/4551/4258
f 607/4574/4259 3455/4688/4259 4902/4689/4259
f 3528/4690/4260 4902/4689/4260 3506/4691/4260
f 3506/4691/4261 4902/4689/4261 3527/4686/4261
f 4902/4689/4262 3455/4688/4262 605/4577/4262
f 623/4597/4263 3467/4692/4263 4903/4693/4263
f 3529/4694/4264 4903/4693/4264 3513/4695/4264
f 3513/4695/4265 4903/4693/4265 3521/4665/4265
f 4903/4693/4266 3467/4692/4266 619/4600/4266
f 577/4591/4267 3464/4696/4267 4904/4697/4267
f 3530/4698/4268 4904/4697/4268 3492/4699/4268
f 3492/4699/4269 4904/4697/4269 3524/4674/4269
f 4904/4697/4270 3464/4696/4270 575/4594/4270
f 579/4616/4271 3486/4700/4271 4905/4701/4271
f 3531/4702/4272 4905/4701/4272 3493/4703/4272
f 3493/4703/4273 4905/4701/4273 3530/4698/4273
f 4905/4701/4274 3486/4700/4274 577/4591/4274
f 593/4557/4275 3446/4704/4275 4906/4705/4275
f 3532/4706/4276 4906/4705/4276 3499/4707/4276
f 3499/4707/4277 4906/4705/4277 3526/4682/4277
f 4906/4705/4278 3446/4704/4278 591/4560/4278
f 595/4583/4279 3479/4708/4279 4907/4709/4279
f 3533/4710/4280 4907/4709/4280 3500/4711/4280
f 3500/4711/4281 4907/4709/4281 3532/4706/4281
f 4907/4709/4282 3479/4708/4282 593/4557/4282
f 609/4604/4283 3483/4712/4283 4908/4713/4283
f 3534/4714/4284 4908/4713/4284 3507/4715/4284
f 3507/4715/4285 4908/4713/4285 3528/4690/4285
f 4908/4713/4286 3483/4712/4286 607/4574/4286
f 611/4333/4287 3469/4716/4287 4909/4717/4287
f 3535/4718/4288 4909/4717/4288 3508/4719/4288
f 3508/4719/4289 4909/4717/4289 3534/4714/4289
f 4909/4717/4290 3469/4716/4290 609/4604/4290
f 621/4642/4291 3489/4720/4291 4910/4721/4291
f 3523/4671/4292 4910/4721/4292 3514/4722/4292
f 3514/4722/4293 4910/4721/4293 3529/4694/4293
f 4910/4721/4294 3489/4720/4294 623/4597/4294
f 581/4565/4295 3475/4723/4295 4911/4724/4295
f 3536/4725/4296 4911/4724/4296 3494/4726/4296
f 3494/4726/4297 4911/4724/4297 3531/4702/4297
f 4911/4724/4298 3475/4723/4298 579/4616/4298
f 583/2958/4299 3449/4727/4299 4912/4728/4299
f 2686/2957/4300 4912/4728/4300 3495/4729/4300
f 3495/4729/4301 4912/4728/4301 3536/4725/4301
f 4912/4728/4302 3449/4727/4302 581/4565/4302
f 597/4580/4303 3458/4730/4303 4913/4731/4303
f 3537/4732/4304 4913/4731/4304 3501/4733/4304
f 3501/4733/4305 4913/4731/4305 3533/4710/4305
f 4913/4731/4306 3458/4730/4306 595/4583/4306
f 599/4608/4307 3484/4734/4307 4914/4735/4307
f 3517/4653/4308 4914/4735/4308 3502/4736/4308
f 3502/4736/4309 4914/4735/4309 3537/4732/4309
f 4914/4735/4310 3484/4734/4310 597/4580/4310
f 613/4330/4311 3336/4737/4311 4915/4738/4311
f 3538/4739/4312 4915/4738/4312 3509/4740/4312
f 3509/4740/4313 4915/4738/4313 3535/4718/4313
f 4915/4738/4314 3336/4737/4314 611/4333/4314
f 615/4571/4315 3477/4741/4315 4916/4742/4315
f 3520/4662/4316 4916/4742/4316 3510/4743/4316
f 3510/4743/4317 4916/4742/4317 3538/4739/4317
f 4916/4742/4318 3477/4741/4318 613/4330/4318
f 676/3138/4319 3541/4744/4319 4917/4745/4319
f 2775/3136/4320 4917/4745/4320 3539/4746/4320
f 4917/4745/4321 3540/4747/4321 1119/4748/4321
f 4917/4745/4322 3541/4744/4322 1144/4749/4322
f 2778/3143/4323 675/3144/4323 3543/4750/4323
f 2778/3143/4324 4918/4751/4324 3541/4744/4324
f 3541/4744/4325 4918/4751/4325 3542/4752/4325
f 4918/4751/4326 3543/4750/4326 1143/4753/4326
f 2781/3149/4327 674/3150/4327 3545/4754/4327
f 675/3144/4328 2781/3149/4328 4919/4755/4328
f 3543/4750/4329 4919/4755/4329 3544/4756/4329
f 4919/4755/4330 3545/4754/4330 1142/4757/4330
f 2784/3155/4331 673/3156/4331 3547/4758/4331
f 674/3150/4332 2784/3155/4332 4920/4759/4332
f 3545/4754/4333 4920/4759/4333 3546/4760/4333
f 4920/4759/4334 3547/4758/4334 1141/4761/4334
f 2787/3161/4335 672/3162/4335 3549/4762/4335
f 673/3156/4336 2787/3161/4336 4921/4763/4336
f 3547/4758/4337 4921/4763/4337 3548/4764/4337
f 4921/4763/4338 3549/4762/4338 1140/4765/4338
f 2790/3167/4339 671/3168/4339 3551/4766/4339
f 672/3162/4340 2790/3167/4340 4922/4767/4340
f 3549/4762/4341 4922/4767/4341 3550/4768/4341
f 4922/4767/4342 3551/4766/4342 1139/4769/4342
f 670/3174/4343 3553/4770/4343 4923/4771/4343
f 671/3168/4344 2793/3173/4344 4923/4771/4344
f 3551/4766/4345 4923/4771/4345 3552/4772/4345
f 4923/4771/4346 3553/4770/4346 1138/4773/4346
f 669/3180/4347 3555/4774/4347 4924/4775/4347
f 2796/3179/4348 4924/4775/4348 3553/4770/4348
f 4924/4775/4349 3554/4776/4349 1138/4773/4349
f 3555/4774/4350 1137/4777/4350 3554/4776/4350
f 668/3186/4351 3557/4778/4351 4925/4779/4351
f 2799/3185/4352 4925/4779/4352 3555/4774/4352
f 4925/4779/4353 3556/4780/4353 1137/4777/4353
f 3557/4778/4354 1136/4781/4354 3556/4780/4354
f 667/3192/4355 3559/4782/4355 4926/4783/4355
f 2802/3191/4356 4926/4783/4356 3557/4778/4356
f 4926/4783/4357 3558/4784/4357 1136/4781/4357
f 3559/4782/4358 1135/4785/4358 3558/4784/4358
f 666/3198/4359 3561/4786/4359 4927/4787/4359
f 2805/3197/4360 4927/4787/4360 3559/4782/4360
f 4927/4787/4361 3560/4788/4361 1135/4785/4361
f 3561/4786/4362 1134/4789/4362 3560/4788/4362
f 665/3204/4363 3563/4790/4363 4928/4791/4363
f 2808/3203/4364 4928/4791/4364 3561/4786/4364
f 4928/4791/4365 3562/4792/4365 1134/4789/4365
f 3563/4790/4366 1133/4793/4366 3562/4792/4366
f 664/3210/4367 3565/4794/4367 4929/4795/4367
f 2811/3209/4368 4929/4795/4368 3563/4790/4368
f 4929/4795/4369 3564/4796/4369 1133/4793/4369
f 3565/4794/4370 1132/4797/4370 3564/4796/4370
f 2814/3215/4371 663/3216/4371 3567/4798/4371
f 664/3210/4372 2814/3215/4372 4930/4799/4372
f 3565/4794/4373 4930/4799/4373 3566/4800/4373
f 4930/4799/4374 3567/4798/4374 1131/4801/4374
f 2817/3221/4375 662/3222/4375 3569/4802/4375
f 663/3216/4376 2817/3221/4376 4931/4803/4376
f 3567/4798/4377 4931/4803/4377 3568/4804/4377
f 4931/4803/4378 3569/4802/4378 1130/4805/4378
f 2820/3227/4379 661/3228/4379 3571/4806/4379
f 662/3222/4380 2820/3227/4380 4932/4807/4380
f 3569/4802/4381 4932/4807/4381 3570/4808/4381
f 4932/4807/4382 3571/4806/4382 1129/4809/4382
f 2823/3233/4383 660/3234/4383 3573/4810/4383
f 661/3228/4384 2823/3233/4384 4933/4811/4384
f 3571/4806/4385 4933/4811/4385 3572/4812/4385
f 4933/4811/4386 3573/4810/4386 1128/4813/4386
f 2826/3239/4387 659/3240/4387 3575/4814/4387
f 660/3234/4388 2826/3239/4388 4934/4815/4388
f 3573/4810/4389 4934/4815/4389 3574/4816/4389
f 4934/4815/4390 3575/4814/4390 1127/4817/4390
f 2829/3245/4391 658/3246/4391 3577/4818/4391
f 659/3240/4392 2829/3245/4392 4935/4819/4392
f 3575/4814/4393 4935/4819/4393 3576/4820/4394
f 4935/4819/4395 3577/4818/4395 1126/4821/4395
f 657/3252/4396 3579/4822/4396 4936/4823/4396
f 658/3246/4397 2832/3251/4397 4936/4823/4397
f 4936/4823/4398 3578/4824/4398 1126/4821/4398
f 3579/4822/4399 1125/4825/4399 3578/4824/4399
f 656/3258/4400 3581/4826/4400 4937/4827/4400
f 2835/3257/4401 4937/4827/4401 3579/4822/4401
f 4937/4827/4402 3580/4828/4402 1125/4825/4402
f 3581/4826/4403 1124/4829/4403 3580/4828/4403
f 655/3264/4404 3583/4830/4404 4938/4831/4404
f 2838/3263/4405 4938/4831/4405 3581/4826/4405
f 4938/4831/4406 3582/4832/4406 1124/4829/4406
f 3583/4830/4407 1123/4833/4407 3582/4832/4407
f 654/3270/4408 3585/4834/4408 4939/4835/4408
f 2841/3269/4409 4939/4835/4409 3583/4830/4409
f 4939/4835/4410 3584/4836/4410 1123/4833/4410
f 3585/4834/4411 1122/4837/4411 3584/4836/4411
f 653/3276/4412 3587/4838/4412 4940/4839/4412
f 2844/3275/4413 4940/4839/4413 3585/4834/4413
f 4940/4839/4414 3586/4840/4414 1122/4837/4414
f 3587/4838/4415 1121/4841/4415 3586/4840/4415
f 2847/3281/4416 652/3282/4416 3589/4842/4416
f 2847/3281/4417 4941/4843/4417 3587/4838/4417
f 4941/4843/4418 3588/4844/4418 1121/4841/4418
f 3589/4842/4419 1120/4845/4419 3588/4844/4419
f 2850/3287/4420 651/3288/4420 3539/4846/4420
f 652/3282/4421 2850/3287/4421 4942/4847/4421
f 4942/4847/4422 3590/4848/4422 1120/4845/4422
f 4942/4847/4423 3539/4846/4423 1119/4849/4423
f 4/7/4424 3592/4850/4425 4943/4851/4425
f 1278/5/4426 4943/4851/4426 3591/4852/4426
f 4943/4851/4427 2449/2481/4427 574/2483/4427
f 3592/4850/4428 576/2482/4429 2449/2481/4428
f 6/13/4430 3593/4853/4430 4944/4854/4430
f 1281/11/4431 4944/4854/4431 3592/4850/4431
f 4944/4854/4432 2453/2488/4432 576/2482/4433
f 3593/4853/4434 578/2489/4434 2453/2488/4434
f 1284/17/4435 8/19/4435 3594/4855/4435
f 1284/17/4436 4945/4856/4436 3593/4853/4436
f 4945/4856/4437 2456/2494/4437 578/2489/4437
f 3594/4855/4438 580/2495/4438 2456/2494/4438
f 1287/23/4439 10/25/4439 3595/4857/4439
f 8/19/4440 1287/23/4440 4946/4858/4440
f 3594/4855/4441 4946/4858/4441 2459/2500/4441
f 4946/4858/4442 3595/4857/4442 582/2501/4442
f 1290/29/4443 12/31/4443 3596/4859/4443
f 10/25/4444 1290/29/4444 4947/4860/4444
f 3595/4857/4445 4947/4860/4445 2462/2506/4445
f 4947/4860/4446 3596/4859/4446 584/2507/4446
f 14/37/4447 3597/4861/4447 4948/4862/4447
f 1293/35/4448 4948/4862/4448 3596/4859/4448
f 4948/4862/4449 2465/2512/4449 584/2507/4449
f 3597/4861/4450 586/2513/4450 2465/2512/4450
f 1296/41/4451 16/43/4451 3598/4863/4451
f 14/37/4452 1296/41/4452 4949/4864/4452
f 3597/4861/4453 4949/4864/4453 2468/2518/4453
f 4949/4864/4454 3598/4863/4454 588/2525/4454
f 18/51/4455 3599/4865/4455 4950/4866/4455
f 16/43/4456 1299/47/4456 4950/4866/4456
f 3598/4863/4457 4950/4866/4457 2471/2523/4457
f 3599/4865/4458 590/2524/4458 2471/2523/4458
f 20/57/4459 3600/4867/4459 4951/4868/4459
f 1302/53/4460 4951/4868/4460 3599/4865/4460
f 4951/4868/4461 2474/2531/4461 590/2524/4461
f 3600/4867/4462 592/2537/4462 2474/2531/4462
f 22/63/4463 3601/4869/4463 4952/4870/4463
f 1305/59/4464 4952/4870/4464 3600/4867/4464
f 4952/4870/4465 2477/2536/4465 592/2537/4465
f 4952/4870/4466 3601/4869/4466 594/2543/4466
f 1308/65/4467 24/69/4467 3602/4871/4467
f 1308/65/4468 4953/4872/4468 3601/4869/4468
f 3601/4869/4469 4953/4872/4469 2480/2542/4469
f 4953/4872/4470 3602/4871/4470 596/2549/4470
f 1311/71/4471 26/75/4471 3603/4873/4471
f 24/69/4472 1311/71/4472 4954/4874/4472
f 3602/4871/4473 4954/4874/4473 2483/2548/4473
f 4954/4874/4474 3603/4873/4474 598/2555/4474
f 1314/77/4475 28/4875/4476 3604/4876/4475
f 26/75/4477 1314/77/4477 4955/4877/4477
f 3603/4873/4478 4955/4877/4478 2486/2554/4478
f 4955/4877/4479 3604/4876/4479 600/2561/4479
f 30/84/4480 3605/4878/4480 4956/4879/4480
f 1317/82/4481 4956/4879/4481 3604/4876/4481
f 4956/4879/4482 2489/2559/4482 600/2561/4482
f 3605/4878/4483 602/2560/4483 2489/2559/4483
f 32/90/4484 3606/4880/4484 4957/4881/4484
f 1320/88/4485 4957/4881/4485 3605/4878/4485
f 4957/4881/4486 2492/2566/4486 602/2560/4486
f 3606/4880/4487 604/2567/4487 2492/2566/4487
f 1323/94/4488 34/96/4488 3607/4882/4488
f 1323/94/4489 4958/4883/4489 3606/4880/4489
f 4958/4883/4490 2495/2572/4491 604/2567/4490
f 3607/4882/4492 606/2573/4492 2495/2572/4493
f 1326/100/4494 36/102/4494 3608/4884/4494
f 34/96/4495 1326/100/4495 4959/4885/4495
f 4959/4885/4496 2498/2578/4496 606/2573/4496
f 4959/4885/4497 3608/4884/4497 608/2579/4497
f 1329/106/4498 38/108/4498 3609/4886/4498
f 36/102/4499 1329/106/4499 4960/4887/4499
f 3608/4884/4500 4960/4887/4500 2501/2584/4500
f 4960/4887/4501 3609/4886/4501 610/2591/4501
f 40/116/4502 3610/4888/4502 4961/4889/4502
f 38/108/4503 1332/112/4503 4961/4889/4503
f 3609/4886/4504 4961/4889/4504 2504/2590/4504
f 3610/4888/4505 612/2597/4505 2504/2590/4505
f 42/122/4506 3611/4890/4506 4962/4891/4506
f 1335/118/4507 4962/4891/4508 3610/4888/4508
f 4962/4891/4509 2507/2596/4509 612/2597/4509
f 3611/4890/4510 614/2603/4510 2507/2596/4510
f 1338/124/4511 44/128/4511 3612/4892/4511
f 42/122/4512 1338/124/4512 4963/4893/4512
f 3611/4890/4513 4963/4893/4513 2510/2602/4513
f 4963/4893/4514 3612/4892/4514 616/2609/4514
f 46/134/4515 3613/4894/4515 4964/4895/4515
f 1341/130/4516 4964/4895/4516 3612/4892/4516
f 4964/4895/4517 2513/2608/4517 616/2609/4517
f 3613/4894/4518 618/2615/4518 2513/2608/4518
f 48/140/4519 3614/4896/4519 4965/4897/4519
f 1344/136/4520 4965/4897/4520 3613/4894/4520
f 4965/4897/4521 2516/2614/4521 618/2615/4521
f 3614/4896/4522 620/2621/4522 2516/2614/4522
f 1347/142/4523 50/146/4523 3615/4898/4523
f 1347/142/4524 4966/4899/4524 3614/4896/4524
f 3614/4896/4525 4966/4899/4525 2519/2620/4525
f 4966/4899/4526 3615/4898/4526 622/2627/4526
f 1350/148/4527 52/152/4527 3616/4900/4527
f 50/146/4528 1350/148/4528 4967/4901/4528
f 3615/4898/4529 4967/4901/4529 2522/2626/4529
f 4967/4901/4530 3616/4900/4530 624/2633/4530
f 1353/154/4531 2/4902/4531 3591/4903/4531
f 52/152/4532 1353/154/4532 4968/4904/4532
f 3616/4900/4533 4968/4904/4533 2524/2632/4533
f 4968/4904/4534 3591/4903/4534 574/4905/4534
f 3617/4906/4535 572/2372/4535 2396/2374/4535
f 1170/4907/4536 3617/4906/4536 4969/4908/4536
f 1354/4909/4537 4969/4908/4537 3618/4910/4537
f 4969/4908/4538 2396/2374/4538 547/4911/4538
f 3619/4912/4539 571/2377/4539 2399/2379/4539
f 1169/4913/4540 3619/4912/4540 4970/4914/4540
f 1352/4915/4541 4970/4914/4541 3617/4906/4541
f 4970/4914/4542 2399/2379/4542 572/2372/4542
f 3620/4916/4543 570/2381/4543 2401/2383/4543
f 1168/4917/4544 3620/4916/4544 4971/4918/4544
f 1349/4919/4545 4971/4918/4545 3619/4912/4545
f 4971/4918/4546 2401/2383/4546 571/2377/4546
f 3621/4920/4547 569/2385/4547 2403/2387/4547
f 1167/4921/4548 3621/4920/4548 4972/4922/4548
f 1346/4923/4549 4972/4922/4549 3620/4916/4549
f 4972/4922/4550 2403/2387/4550 570/2381/4550
f 3622/4924/4551 568/2389/4551 2405/2391/4551
f 1166/4925/4552 3622/4924/4552 4973/4926/4552
f 1343/4927/4553 4973/4926/4553 3621/4920/4553
f 4973/4926/4554 2405/2391/4554 569/2385/4554
f 3623/4928/4555 567/2393/4555 2407/2395/4555
f 1165/4929/4556 3623/4928/4556 4974/4930/4556
f 1340/4931/4557 4974/4930/4557 3622/4924/4557
f 4974/4930/4558 2407/2395/4558 568/2389/4558
f 566/2402/4559 2409/2398/4559 4975/4932/4559
f 1164/4933/4560 3624/4934/4560 4975/4932/4560
f 1337/4935/4561 4975/4932/4561 3623/4928/4561
f 4975/4932/4562 2409/2398/4562 567/2393/4562
f 565/2406/4563 2411/2401/4563 4976/4936/4563
f 3625/4937/4564 4976/4936/4564 1334/4938/4564
f 4976/4936/4565 3624/4934/4565 1164/4933/4565
f 2411/2401/4566 566/2402/4566 3624/4934/4566
f 564/2410/4567 2413/2405/4567 4977/4939/4567
f 3626/4940/4568 4977/4939/4568 1331/4941/4568
f 4977/4939/4569 3625/4937/4569 1163/4942/4569
f 2413/2405/4570 565/2406/4570 3625/4937/4570
f 563/2415/4571 2415/2409/4571 4978/4943/4571
f 3627/4944/4572 4978/4943/4572 1328/4945/4572
f 4978/4943/4573 3626/4940/4573 1162/4946/4573
f 2415/2409/4574 564/2410/4574 3626/4940/4574
f 562/2419/4575 2417/2414/4575 4979/4947/4575
f 3628/4948/4576 4979/4947/4576 1325/4949/4576
f 4979/4947/4577 3627/4944/4577 1161/4950/4577
f 2417/2414/4578 563/2415/4578 3627/4944/4578
f 561/4951/4579 2419/2418/4579 4980/4952/4579
f 3629/4953/4580 4980/4952/4580 1322/4954/4580
f 4980/4952/4581 3628/4948/4581 1160/4955/4581
f 2419/2418/4582 562/2419/4582 3628/4948/4582
f 560/2421/4583 2421/2423/4583 4981/4956/4583
f 3630/4957/4584 4981/4956/4584 1319/4958/4584
f 4981/4956/4585 3629/4953/4585 1159/4959/4585
f 2421/2423/4586 561/4951/4586 3629/4953/4586
f 3631/4960/4587 559/4961/4587 2423/2426/4587
f 1157/4962/4588 3631/4960/4588 4982/4963/4588
f 1316/4964/4589 4982/4963/4589 3630/4957/4589
f 4982/4963/4590 2423/2426/4590 560/2421/4590
f 3632/4965/4591 558/2428/4591 2425/2430/4591
f 1156/4966/4592 3632/4965/4592 4983/4967/4592
f 1313/4968/4593 4983/4967/4593 3631/4960/4593
f 4983/4967/4594 2425/2430/4594 559/4961/4594
f 3633/4969/4595 557/2433/4595 2427/2435/4595
f 1155/4970/4596 3633/4969/4596 4984/4971/4596
f 1310/4972/4597 4984/4971/4597 3632/4965/4597
f 4984/4971/4598 2427/2435/4598 558/2428/4598
f 3634/4973/4599 556/2437/4599 2429/2439/4599
f 1154/4974/4600 3634/4973/4600 4985/4975/4600
f 1307/4976/4601 4985/4975/4601 3633/4969/4601
f 4985/4975/4602 2429/2439/4602 557/2433/4602
f 3635/4977/4603 555/2441/4603 2431/2443/4603
f 1153/4978/4604 3635/4977/4604 4986/4979/4604
f 1304/4980/4605 4986/4979/4605 3634/4973/4605
f 4986/4979/4606 2431/2443/4606 556/2437/4606
f 3636/4981/4607 554/2445/4607 2433/2447/4607
f 1152/4982/4608 3636/4981/4608 4987/4983/4608
f 1301/4984/4609 4987/4983/4609 3635/4977/4609
f 4987/4983/4610 2433/2447/4610 555/2441/4610
f 553/2454/4611 2435/2450/4611 4988/4985/4611
f 3637/4986/4612 4988/4985/4612 1298/4987/4612
f 4988/4985/4613 3636/4981/4613 1152/4982/4613
f 4988/4985/4614 2435/2450/4614 554/2445/4614
f 552/2458/4615 2437/2453/4615 4989/4988/4615
f 3638/4989/4616 4989/4988/4616 1295/4990/4616
f 4989/4988/4617 3637/4986/4617 1151/4991/4617
f 2437/2453/4618 553/2454/4618 3637/4986/4618
f 551/2462/4619 2439/2457/4619 4990/4992/4619
f 3639/4993/4620 4990/4992/4620 1292/4994/4620
f 4990/4992/4621 3638/4989/4621 1150/4995/4621
f 2439/2457/4622 552/2458/4622 3638/4989/4622
f 550/2466/4623 2441/2461/4623 4991/4996/4623
f 3640/4997/4624 4991/4996/4624 1289/4998/4624
f 4991/4996/4625 3639/4993/4625 1149/4999/4625
f 2441/2461/4626 551/2462/4626 3639/4993/4626
f 549/2471/4627 2443/2465/4627 4992/5000/4627
f 3641/5001/4628 4992/5000/4628 1286/5002/4628
f 4992/5000/4629 3640/4997/4629 1148/5003/4629
f 2443/2465/4630 550/2466/4630 3640/4997/4630
f 548/2475/4631 2445/2470/4631 4993/5004/4631
f 3642/5005/4632 4993/5004/4632 1283/5006/4632
f 4993/5004/4633 3641/5001/4633 1147/5007/4633
f 2445/2470/4634 549/2471/4634 3641/5001/4634
f 547/5008/4635 2446/2474/4635 4994/5009/4635
f 3618/5010/4636 4994/5009/4636 1280/5011/4636
f 4994/5009/4637 3642/5005/4637 1146/5012/4637
f 2446/2474/4638 548/2475/4638 3642/5005/4638
f 3540/5013/4639 1144/5014/4639 3644/5015/4639
f 1119/5016/4640 3540/5013/4640 4995/5017/4640
f 3643/5018/4641 4995/5017/4641 2523/2628/4641
f 4995/5017/4642 3644/5015/4642 1196/2623/4642
f 3542/5019/4643 1143/5020/4643 3645/5021/4643
f 1144/5014/4644 3542/5019/4644 4996/5022/4644
f 3644/5015/4645 4996/5022/4645 2520/2622/4645
f 4996/5022/4646 3645/5021/4646 1195/2617/4646
f 3544/5023/4647 1142/5024/4647 3646/5025/4647
f 1143/5020/4648 3544/5023/4648 4997/5026/4648
f 3645/5021/4649 4997/5026/4649 2517/2616/4649
f 4997/5026/4650 3646/5025/4650 1194/2611/4650
f 3546/5027/4651 1141/5028/4651 3647/5029/4651
f 1142/5024/4652 3546/5027/4652 4998/5030/4652
f 3646/5025/4653 4998/5030/4653 2514/2610/4653
f 4998/5030/4654 3647/5029/4654 1193/2605/4654
f 3548/5031/4655 1140/5032/4655 3648/5033/4655
f 1141/5028/4656 3548/5031/4656 4999/5034/4656
f 3647/5029/4657 4999/5034/4657 2511/2604/4657
f 4999/5034/4658 3648/5033/4658 1192/2599/4658
f 3550/5035/4659 1139/5036/4659 3649/5037/4659
f 1140/5032/4660 3550/5035/4660 5000/5038/4660
f 3648/5033/4661 5000/5038/4661 2508/2598/4661
f 5000/5038/4662 3649/5037/4662 1191/2593/4662
f 3552/5039/4663 1138/5040/4663 3650/5041/4663
f 1139/5036/4664 3552/5039/4664 5001/5042/4664
f 3649/5037/4665 5001/5042/4665 2505/2592/4665
f 5001/5042/4666 3650/5041/4666 1190/2587/4666
f 1137/5043/4667 3651/5044/4667 5002/5045/4667
f 1138/5040/4668 3554/5046/4668 5002/5045/4668
f 3650/5041/4669 5002/5045/4669 2502/2585/4669
f 5002/5045/4670 3651/5044/4670 1189/2586/4670
f 1136/5047/4671 3652/5048/4671 5003/5049/4671
f 3556/5050/4672 5003/5049/4672 3651/5044/4672
f 5003/5049/4673 2499/2582/4673 1189/2586/4673
f 3652/5048/4674 1188/2580/4674 2499/2582/4674
f 1135/5051/4675 3653/5052/4675 5004/5053/4675
f 3558/5054/4676 5004/5053/4676 3652/5048/4676
f 5004/5053/4677 2496/2576/4677 1188/2580/4677
f 3653/5052/4678 1187/2574/4678 2496/2576/4678
f 1134/5055/4679 3654/5056/4679 5005/5057/4679
f 3560/5058/4680 5005/5057/4680 3653/5052/4680
f 5005/5057/4681 2493/2570/4681 1187/2574/4681
f 3654/5056/4682 1186/2568/4682 2493/2570/4682
f 1133/5059/4683 3655/5060/4683 5006/5061/4683
f 3562/5062/4684 5006/5061/4684 3654/5056/4684
f 5006/5061/4685 2490/2564/4685 1186/2568/4685
f 3655/5060/4686 1185/2562/4686 2490/2564/4686
f 1132/5063/4687 3656/5064/4687 5007/5065/4687
f 3564/5066/4688 5007/5065/4688 3655/5060/4688
f 5007/5065/4689 2487/2557/4689 1185/2562/4689
f 3656/5064/4690 1184/2551/4690 2487/2557/4690
f 3566/5067/4691 1131/5068/4691 3657/5069/4691
f 1132/5063/4692 3566/5067/4692 5008/5070/4692
f 3656/5064/4693 5008/5070/4693 2484/2550/4693
f 5008/5070/4694 3657/5069/4694 1183/2545/4694
f 3568/5071/4695 1130/5072/4695 3658/5073/4695
f 1131/5068/4696 3568/5071/4696 5009/5074/4696
f 3657/5069/4697 5009/5074/4697 2481/2544/4697
f 5009/5074/4698 3658/5073/4698 1182/2539/4698
f 3570/5075/4699 1129/5076/4699 3659/5077/4699
f 1130/5072/4700 3570/5075/4700 5010/5078/4700
f 3658/5073/4701 5010/5078/4701 2478/2538/4701
f 5010/5078/4702 3659/5077/4702 1181/2533/4702
f 3572/5079/4703 1128/5080/4703 3660/5081/4703
f 1129/5076/4704 3572/5079/4704 5011/5082/4704
f 3659/5077/4705 5011/5082/4705 2475/2532/4705
f 5011/5082/4706 3660/5081/4706 1180/2528/4706
f 3574/5083/4707 1127/5084/4707 3661/5085/4707
f 1128/5080/4708 3574/5083/4708 5012/5086/4708
f 3660/5081/4709 5012/5086/4709 2472/2526/4709
f 5012/5086/4710 3661/5085/4710 1179/2527/4710
f 1126/5087/4711 3662/5088/4711 5013/5089/4711
f 1127/5084/4712 3576/5090/4713 5013/5089/4712
f 5013/5089/4714 2469/2521/4714 1179/2527/4714
f 3662/5088/4715 1178/2519/4715 2469/2521/4715
f 1125/5091/4716 3663/5092/4716 5014/5093/4716
f 3578/5094/4717 5014/5093/4717 3662/5088/4717
f 5014/5093/4718 2466/2516/4718 1178/2519/4718
f 3663/5092/4719 1177/2514/4719 2466/2516/4719
f 1124/5095/4720 3664/5096/4720 5015/5097/4720
f 3580/5098/4721 5015/5097/4721 3663/5092/4721
f 5015/5097/4722 2463/2510/4722 1177/2514/4722
f 3664/5096/4723 1176/2508/4723 2463/2510/4723
f 1123/5099/4724 3665/5100/4724 5016/5101/4724
f 3582/5102/4725 5016/5101/4725 3664/5096/4725
f 5016/5101/4726 2460/2504/4726 1176/2508/4726
f 3665/5100/4727 1175/2502/4727 2460/2504/4727
f 1122/5103/4728 3666/5104/4728 5017/5105/4728
f 3584/5106/4729 5017/5105/4729 3665/5100/4729
f 5017/5105/4730 2457/2498/4730 1175/2502/4730
f 3666/5104/4731 1174/2496/4731 2457/2498/4731
f 1121/5107/4732 3667/5108/4732 5018/5109/4732
f 3586/5110/4733 5018/5109/4733 3666/5104/4733
f 5018/5109/4734 2454/2492/4734 1174/2496/4734
f 3667/5108/4735 1173/2490/4735 2454/2492/4735
f 1120/5111/4736 3668/5112/4736 5019/5113/4736
f 3588/5114/4737 5019/5113/4737 3667/5108/4737
f 5019/5113/4738 2451/2486/4738 1173/2490/4738
f 3668/5112/4739 1172/2484/4739 2451/2486/4739
f 1119/5115/4740 3643/5116/4740 5020/5117/4740
f 3590/5118/4741 5020/5117/4741 3668/5112/4741
f 5020/5117/4742 2447/2479/4742 1172/2484/4742
f 3643/5116/4743 1171/2476/4743 2447/2479/4743
f 3669/5119/4744 1247/5120/4744 3671/5121/4744
f 3669/5119/4745 5021/5122/4745 3670/5123/4745
f 5021/5122/4746 2394/2366/4746 1222/2361/4746
f 5021/5122/4747 3671/5121/4747 1203/2367/4747
f 3672/5124/4748 1244/5125/4748 3670/5123/4748
f 3672/5124/4749 5022/5126/4749 3673/5127/4749
f 5022/5126/4750 2392/2360/4750 1219/2331/4750
f 5022/5126/4751 3670/5123/4751 1222/2361/4751
f 3674/5128/4752 1246/5129/4752 3676/5130/4752
f 3674/5128/4753 5023/5131/4753 3675/5132/4753
f 5023/5131/4754 2391/2356/4754 1221/2351/4754
f 5023/5131/4755 3676/5130/4755 1200/2357/4755
f 3677/5133/4756 1243/5134/4756 3675/5132/4756
f 3677/5133/4757 5024/5135/4757 3678/5136/4757
f 5024/5135/4758 2389/2350/4758 1217/2319/4758
f 5024/5135/4759 3675/5132/4759 1221/2351/4759
f 3679/5137/4760 1245/5138/4761 3681/5139/4760
f 3679/5137/4762 5025/5140/4762 3680/5141/4762
f 5025/5140/4763 2388/2346/4763 1220/2341/4763
f 5025/5140/4764 3681/5139/4764 1197/2347/4764
f 3682/5142/4765 1242/5143/4766 3680/5141/4765
f 3682/5142/4767 5026/5144/4767 3683/5145/4767
f 5026/5144/4768 2386/2340/4768 1215/2307/4768
f 5026/5144/4769 3680/5141/4769 1220/2341/4769
f 3684/5146/4770 1248/5147/4771 3686/5148/4771
f 3684/5146/4772 5027/5149/4773 3685/5150/4774
f 5027/5149/4775 2385/2336/4775 1213/2295/4775
f 5027/5149/4776 3686/5148/4776 1206/2337/4776
f 3687/5151/4777 1241/5152/4778 3673/5127/4777
f 3687/5151/4779 5028/5153/4779 3688/5154/4779
f 5028/5153/4780 2383/2330/4780 1218/2325/4780
f 5028/5153/4781 3673/5127/4781 1219/2331/4781
f 3689/5155/4782 1240/5156/4782 3688/5154/4782
f 3689/5155/4783 5029/5157/4783 3690/5158/4783
f 5029/5157/4784 2381/2324/4784 1212/2289/4784
f 5029/5157/4785 3688/5154/4785 1218/2325/4785
f 3691/5159/4786 1239/5160/4786 3678/5136/4786
f 3691/5159/4787 5030/5161/4787 3692/5162/4787
f 5030/5161/4788 2379/2318/4788 1216/2313/4788
f 5030/5161/4789 3678/5136/4789 1217/2319/4789
f 3693/5163/4790 1238/5164/4790 3692/5162/4790
f 3693/5163/4791 5031/5165/4791 3694/5166/4791
f 5031/5165/4792 2377/2312/4792 1210/2277/4792
f 5031/5165/4793 3692/5162/4793 1216/2313/4793
f 3695/5167/4794 1237/5168/4794 3683/5145/4794
f 3695/5167/4795 5032/5169/4795 3696/5170/4795
f 5032/5169/4796 2375/2306/4796 1214/2301/4796
f 5032/5169/4797 3683/5145/4797 1215/2307/4797
f 3697/5171/4798 1236/5172/4798 3696/5170/4798
f 3697/5171/4799 5033/5173/4799 3698/5174/4799
f 5033/5173/4800 2373/2300/4800 1208/2265/4800
f 5033/5173/4801 3696/5170/4801 1214/2301/4801
f 3699/5175/4802 1235/5176/4802 3685/5150/4803
f 3699/5175/4804 5034/5177/4804 3700/5178/4804
f 5034/5177/4805 2371/2294/4805 1205/2251/4805
f 5034/5177/4806 3685/5150/4807 1213/2295/4806
f 3701/5179/4808 1234/5180/4808 3690/5158/4808
f 3701/5179/4809 5035/5181/4809 3702/5182/4809
f 5035/5181/4810 2369/2288/4810 1211/2283/4810
f 5035/5181/4811 3690/5158/4811 1212/2289/4811
f 3703/5183/4812 1233/5184/4812 3702/5182/4812
f 3703/5183/4813 5036/5185/4813 3704/5186/4813
f 5036/5185/4814 2367/2282/4814 1202/2237/4814
f 5036/5185/4815 3702/5182/4815 1211/2283/4815
f 3705/5187/4816 1232/5188/4816 3694/5166/4816
f 3705/5187/4817 5037/5189/4817 3706/5190/4817
f 5037/5189/4818 2365/2276/4818 1209/2271/4818
f 5037/5189/4819 3694/5166/4819 1210/2277/4819
f 3707/5191/4820 1231/5192/4820 3706/5190/4820
f 3707/5191/4821 5038/5193/4821 3708/5194/4821
f 5038/5193/4822 2363/2270/4822 1199/2223/4822
f 5038/5193/4823 3706/5190/4823 1209/2271/4823
f 3709/5195/4824 1230/5196/4824 3698/5174/4824
f 3709/5195/4825 5039/5197/4825 3710/5198/4826
f 5039/5197/4827 2361/2264/4827 1207/2257/4827
f 5039/5197/4828 3698/5174/4828 1208/2265/4828
f 3711/5199/4829 1229/5200/4830 3710/5198/4831
f 3711/5199/4832 5040/5201/4833 3686/5148/4833
f 5040/5201/4834 2358/2256/4834 1206/2337/4834
f 5040/5201/4835 3710/5198/4836 1207/2257/4835
f 3712/5202/4837 1228/5203/4837 3700/5178/4837
f 3712/5202/4838 5041/5204/4838 3713/5205/4838
f 5041/5204/4839 2356/2250/4839 1204/2243/4839
f 5041/5204/4840 3700/5178/4840 1205/2251/4840
f 3714/5206/4841 1227/5207/4841 3713/5205/4841
f 3714/5206/4842 5042/5208/4842 3671/5121/4842
f 5042/5208/4843 2353/2242/4843 1203/2367/4843
f 5042/5208/4844 3713/5205/4844 1204/2243/4844
f 3715/5209/4845 1226/5210/4845 3704/5186/4845
f 3715/5209/4846 5043/5211/4846 3716/5212/4846
f 5043/5211/4847 2351/2236/4847 1201/2229/4847
f 5043/5211/4848 3704/5186/4848 1202/2237/4848
f 3717/5213/4849 1225/5214/4849 3716/5212/4849
f 3717/5213/4850 5044/5215/4850 3676/5130/4850
f 5044/5215/4851 2348/2228/4851 1200/2357/4851
f 5044/5215/4852 3716/5212/4852 1201/2229/4852
f 3718/5216/4853 1224/5217/4853 3708/5194/4853
f 3718/5216/4854 5045/5218/4854 3719/5219/4854
f 5045/5218/4855 2346/2222/4855 1198/450/4855
f 5045/5218/4856 3708/5194/4856 1199/2223/4856
f 3720/5220/4857 1223/5221/4857 3719/5219/4857
f 3720/5220/4858 5046/5222/4858 3681/5139/4858
f 5046/5222/4859 1514/449/4859 1197/2347/4859
f 5046/5222/4860 3719/5219/4860 1198/450/4860
f 2310/2185/4861 13/2128/4861 3722/5223/4861
f 2310/2185/4862 5047/5224/4862 3721/5225/4862
f 5047/5224/4863 3720/5220/4863 1245/5138/4864
f 5047/5224/4865 3722/5223/4865 1223/5221/4865
f 2291/2127/4866 15/2129/4866 3723/5226/4866
f 2291/2127/4867 5048/5227/4867 3722/5223/4867
f 5048/5227/4868 3718/5216/4868 1223/5221/4868
f 5048/5227/4869 3723/5226/4869 1224/5217/4869
f 2302/2156/4870 29/2080/4870 3725/5228/4870
f 2302/2156/4871 5049/5229/4871 3724/5230/4871
f 5049/5229/4872 3717/5213/4872 1246/5129/4872
f 5049/5229/4873 3725/5228/4873 1225/5214/4873
f 2273/2079/4874 31/2081/4874 3726/5231/4874
f 2273/2079/4875 5050/5232/4875 3725/5228/4875
f 5050/5232/4876 3715/5209/4876 1225/5214/4876
f 5050/5232/4877 3726/5231/4877 1226/5210/4877
f 2282/2103/4878 45/2105/4878 3728/5233/4878
f 2282/2103/4879 5051/5234/4879 3727/5235/4879
f 5051/5234/4880 3714/5206/4880 1247/5120/4880
f 5051/5234/4881 3728/5233/4881 1227/5207/4881
f 2313/2195/4882 47/2144/4882 3729/5236/4882
f 2313/2195/4883 5052/5237/4883 3728/5233/4883
f 5052/5237/4884 3712/5202/4884 1227/5207/4884
f 5052/5237/4885 3729/5236/4885 1228/5203/4885
f 2319/2216/4886 1/2191/4886 3731/5238/4886
f 2319/2216/4887 5053/5239/4887 3730/5240/4887
f 5053/5239/4888 3711/5199/4889 1248/5147/4888
f 5053/5239/4890 3731/5238/4890 1229/5200/4890
f 2312/2190/4891 3/2136/4891 3732/5241/4891
f 2312/2190/4892 5054/5242/4892 3731/5238/4892
f 5054/5242/4893 3709/5195/4893 1229/5200/4893
f 5054/5242/4894 3732/5241/4894 1230/5196/4894
f 2316/2207/4895 17/2163/4895 3733/5243/4895
f 2316/2207/4896 5055/5244/4896 3723/5226/4896
f 5055/5244/4897 3707/5191/4897 1224/5217/4897
f 5055/5244/4898 3733/5243/4898 1231/5192/4898
f 2304/2162/4899 19/2088/4899 3734/5245/4899
f 2304/2162/4900 5056/5246/4900 3733/5243/4900
f 5056/5246/4901 3705/5187/4901 1231/5192/4901
f 5056/5246/4902 3734/5245/4902 1232/5188/4902
f 2308/2177/4903 33/2112/4903 3735/5247/4903
f 2308/2177/4904 5057/5248/4904 3726/5231/4904
f 5057/5248/4905 3703/5183/4905 1226/5210/4905
f 5057/5248/4906 3735/5247/4906 1233/5184/4906
f 2285/2111/4907 35/2113/4907 3736/5249/4907
f 2285/2111/4908 5058/5250/4908 3735/5247/4908
f 5058/5250/4909 3701/5179/4909 1233/5184/4909
f 5058/5250/4910 3736/5249/4910 1234/5180/4910
f 2297/2143/4911 51/2145/4911 3737/5251/4911
f 2297/2143/4912 5059/5252/4912 3729/5236/4912
f 5059/5252/4913 3699/5175/4913 1228/5203/4913
f 5059/5252/4914 3737/5251/4914 1235/5176/4914
f 2294/2135/4915 5/2137/4915 3738/5253/4915
f 2294/2135/4916 5060/5254/4916 3732/5241/4916
f 5060/5254/4917 3697/5171/4917 1230/5196/4917
f 5060/5254/4918 3738/5253/4918 1236/5172/4918
f 2317/2211/4919 7/2169/4919 3739/5255/4919
f 2317/2211/4920 5061/5256/4920 3738/5253/4920
f 5061/5256/4921 3695/5167/4921 1236/5172/4921
f 5061/5256/4922 3739/5255/4922 1237/5168/4922
f 2276/2087/4923 21/2089/4923 3740/5257/4923
f 2276/2087/4924 5062/5258/4924 3734/5245/4924
f 5062/5258/4925 3693/5163/4925 1232/5188/4925
f 5062/5258/4926 3740/5257/4926 1238/5164/4926
f 2309/2181/4927 23/2120/4927 3741/5259/4927
f 2309/2181/4928 5063/5260/4928 3740/5257/4928
f 5063/5260/4929 3691/5159/4929 1238/5164/4929
f 5063/5260/4930 3741/5259/4930 1239/5160/4930
f 2314/2199/4931 37/2151/4931 3742/5261/4931
f 2314/2199/4932 5064/5262/4932 3736/5249/4932
f 5064/5262/4933 3689/5155/4933 1234/5180/4933
f 5064/5262/4934 3742/5261/4934 1240/5156/4934
f 2300/2150/4935 39/1828/4935 3743/5263/4935
f 2300/2150/4936 5065/5264/4936 3742/5261/4936
f 5065/5264/4937 3687/5151/4937 1240/5156/4937
f 5065/5264/4938 3743/5263/4938 1241/5152/4939
f 2320/2221/4940 49/2217/4940 3730/5240/4940
f 2320/2221/4941 5066/5265/4941 3737/5251/4941
f 5066/5265/4942 3684/5146/4943 1235/5176/4942
f 5066/5265/4944 3730/5240/4944 1248/5147/4944
f 2306/2168/4945 9/2096/4945 3744/5266/4945
f 2306/2168/4946 5067/5267/4946 3739/5255/4946
f 5067/5267/4947 3682/5142/4947 1237/5168/4947
f 5067/5267/4948 3744/5266/4948 1242/5143/4949
f 2279/2095/4950 11/2097/4950 3721/5225/4950
f 2279/2095/4951 5068/5268/4951 3744/5266/4951
f 5068/5268/4952 3679/5137/4952 1242/5143/4953
f 5068/5268/4954 3721/5225/4954 1245/5138/4955
f 2288/2119/4956 25/2121/4956 3745/5269/4956
f 2288/2119/4957 5069/5270/4957 3741/5259/4957
f 5069/5270/4958 3677/5133/4958 1239/5160/4958
f 5069/5270/4959 3745/5269/4959 1243/5134/4959
f 2315/2203/4960 27/2157/4960 3724/5230/4960
f 2315/2203/4961 5070/5271/4961 3745/5269/4961
f 5070/5271/4962 3674/5128/4962 1243/5134/4962
f 5070/5271/4963 3724/5230/4963 1246/5129/4963
f 2167/1827/4964 41/1829/4964 3746/5272/4964
f 2167/1827/4965 5071/5273/4965 3743/5263/4965
f 5071/5273/4966 3672/5124/4966 1241/5152/4967
f 5071/5273/4968 3746/5272/4968 1244/5125/4968
f 2307/2173/4969 43/2104/4969 3727/5235/4969
f 2307/2173/4970 5072/5274/4970 3746/5272/4970
f 5072/5274/4971 3669/5119/4971 1244/5125/4971
f 5072/5274/4972 3727/5235/4972 1247/5120/4972
f 1103/5275/4973 3799/5276/4973 5073/5277/4973
f 1104/5278/4974 3500/4711/4974 5073/5277/4974
f 3799/5276/4975 1249/5279/4975 3800/5280/4975
f 1095/5281/4976 3801/5282/4976 5074/5283/4976
f 1096/5284/4977 3493/4703/4977 5074/5283/4977
f 3801/5282/4978 1249/5279/4978 3802/5285/4978
f 1111/5286/4979 3803/5287/4979 5075/5288/4979
f 1112/5289/4980 3508/4719/4980 5075/5288/4980
f 3803/5287/4981 1249/5279/4981 3804/5290/4981
f 1098/5291/4982 3805/5292/4982 5076/5293/4982
f 1099/5294/4983 2685/2956/4983 5076/5293/4983
f 3805/5292/4984 1249/5279/4984 3806/5295/4984
f 1104/5278/4985 3800/5280/4985 5077/5296/4985
f 1105/5297/4986 3501/4733/4986 5077/5296/4986
f 3800/5280/4987 1249/5279/4987 3807/5298/4987
f 1096/5284/4988 3802/5285/4988 5078/5299/4988
f 1097/5300/4989 3494/4726/4989 5078/5299/4989
f 3802/5285/4990 1249/5279/4990 3808/5301/4990
f 1112/5289/4991 3804/5290/4991 5079/5302/4991
f 1113/5303/4992 3509/4740/4992 5079/5302/4992
f 3804/5290/4993 1249/5279/4993 3809/5304/4993
f 1105/5297/4994 3807/5298/4994 5080/5305/4994
f 1106/5306/4995 3502/4736/4995 5080/5305/4995
f 3807/5298/4996 1249/5279/4996 3810/5307/4996
f 1097/5300/4997 3808/5301/4997 5081/5308/4997
f 1098/5291/4998 3495/4729/4998 5081/5308/4998
f 3808/5301/4999 1249/5279/4999 3805/5292/4999
f 1113/5303/5000 3809/5304/5000 5082/5309/5000
f 1114/5310/5001 3510/4743/5001 5082/5309/5001
f 3809/5304/5002 1249/5279/5002 3811/5311/5002
f 1106/5306/5003 3810/5307/5003 5083/5312/5003
f 1107/5313/5004 3503/4652/5004 5083/5312/5004
f 3810/5307/5005 1249/5279/5005 3812/5314/5005
f 1099/5294/5006 3806/5295/5006 5084/5315/5006
f 1100/5316/5007 3496/4648/5007 5084/5315/5007
f 3806/5295/5008 1249/5279/5008 3813/5317/5008
f 1114/5310/5009 3811/5311/5009 5085/5318/5009
f 1115/5319/5010 3511/4661/5010 5085/5318/5010
f 3811/5311/5011 1249/5279/5011 3814/5320/5011
f 1107/5313/5012 3812/5314/5012 5086/5321/5012
f 1108/5322/5013 3504/4657/5013 5086/5321/5013
f 3812/5314/5014 1249/5279/5014 3815/5323/5014
f 1100/5316/5015 3813/5317/5015 5087/5324/5015
f 1101/5325/5016 3497/4679/5016 5087/5324/5016
f 3813/5317/5017 1249/5279/5017 3816/5326/5017
f 1115/5319/5018 3814/5320/5018 5088/5327/5018
f 1116/5328/5019 3512/4666/5019 5088/5327/5019
f 3814/5320/5020 1249/5279/5020 3817/5329/5020
f 1117/5330/5021 3818/5331/5021 5089/5332/5021
f 1093/5333/5022 3490/4670/5022 5089/5332/5022
f 3818/5331/5023 1249/5279/5023 3793/5334/5023
f 1108/5322/5024 3815/5323/5024 5090/5335/5024
f 1109/5336/5025 3505/4687/5025 5090/5335/5025
f 3815/5323/5026 1249/5279/5026 3819/5337/5026
f 1101/5325/5027 3816/5326/5027 5091/5338/5027
f 1102/5339/5028 3498/4683/5028 5091/5338/5028
f 3816/5326/5029 1249/5279/5029 3820/5340/5029
f 1116/5328/5030 3817/5329/5030 5092/5341/5030
f 1118/5342/5031 3513/4695/5031 5092/5341/5031
f 3817/5329/5032 1249/5279/5032 3821/5343/5032
f 1093/5333/5033 3793/5334/5033 5093/5344/5033
f 1094/5345/5034 3491/4675/5034 5093/5344/5034
f 3793/5334/5035 1249/5279/5035 3822/5346/5035
f 1109/5336/5036 3819/5337/5036 5094/5347/5036
f 1110/5348/5037 3506/4691/5037 5094/5347/5037
f 3819/5337/5038 1249/5279/5038 3823/5349/5038
f 1102/5339/5039 3820/5340/5039 5095/5350/5039
f 1103/5275/5040 3499/4707/5040 5095/5350/5040
f 3820/5340/5041 1249/5279/5041 3799/5276/5041
f 1118/5342/5042 3821/5343/5042 5096/5351/5042
f 1117/5330/5043 3514/4722/5043 5096/5351/5043
f 3821/5343/5044 1249/5279/5044 3818/5331/5044
f 1094/5345/5045 3822/5346/5045 5097/5352/5045
f 1095/5281/5046 3492/4699/5046 5097/5352/5046
f 3822/5346/5047 1249/5279/5047 3801/5282/5047
f 1110/5348/5048 3823/5349/5048 5098/5353/5048
f 1111/5286/5049 3507/4715/5049 5098/5353/5049
f 3823/5349/5050 1249/5279/5050 3803/5287/5050
f 531/2317/5051 3771/5354/5051 5099/5355/5051
f 530/2281/5052 2336/2316/5052 5099/5355/5052
f 3770/5356/5053 5099/5355/5053 3781/5357/5053
f 3771/5354/5054 1264/5358/5054 3781/5357/5054
f 538/2293/5055 3769/5359/5055 5100/5360/5055
f 537/2287/5056 2329/2292/5056 5100/5360/5056
f 3768/5361/5057 5100/5360/5057 3788/5362/5057
f 3769/5359/5058 1257/5363/5058 3788/5362/5058
f 522/2269/5059 3767/5364/5059 5101/5365/5059
f 521/2263/5060 2344/2268/5060 5101/5365/5060
f 3766/5366/5061 5101/5365/5061 3773/5367/5061
f 3767/5364/5062 1273/5368/5062 3773/5367/5062
f 546/2299/5063 3765/5369/5063 5102/5370/5063
f 544/2255/5064 2322/2298/5064 5102/5370/5064
f 3764/5371/5065 5102/5370/5065 3796/5372/5065
f 3765/5369/5066 1275/5373/5066 3796/5372/5066
f 530/2281/5067 3770/5356/5067 5103/5374/5067
f 529/2275/5068 2337/2280/5068 5103/5374/5068
f 3763/5375/5069 5103/5374/5069 3780/5376/5069
f 3770/5356/5070 1265/5377/5070 3780/5376/5070
f 527/456/5071 3762/5378/5071 5104/5379/5071
f 526/455/5072 1516/454/5072 5104/5379/5072
f 3761/5380/5073 5104/5379/5073 3798/5381/5073
f 3762/5378/5074 1268/5382/5074 3798/5381/5074
f 537/2287/5075 3768/5361/5075 5105/5383/5075
f 536/2241/5076 2330/2286/5076 5105/5383/5076
f 3760/5384/5077 5105/5383/5077 3787/5385/5077
f 3768/5361/5078 1258/5386/5078 3787/5385/5078
f 521/2263/5079 3766/5366/5079 5106/5387/5079
f 545/2262/5080 2345/2261/5080 5106/5387/5080
f 3759/5388/5081 5106/5387/5081 3772/5389/5081
f 3766/5366/5082 1274/5390/5082 3772/5389/5082
f 544/2255/5083 3764/5371/5083 5107/5391/5083
f 543/2249/5084 2323/2254/5084 5107/5391/5084
f 3758/5392/5085 5107/5391/5085 3795/5393/5085
f 3764/5371/5086 1251/5394/5086 3795/5393/5086
f 529/2275/5087 3763/5375/5087 5108/5395/5087
f 528/2227/5088 2338/2274/5088 5108/5395/5088
f 3757/5396/5089 5108/5395/5089 3779/5397/5089
f 3763/5375/5090 1266/5398/5090 3779/5397/5090
f 536/2241/5091 3760/5384/5091 5109/5399/5091
f 535/2235/5092 2331/2240/5092 5109/5399/5092
f 3756/5400/5093 5109/5399/5093 3786/5401/5093
f 3760/5384/5094 1259/5402/5094 3786/5401/5094
f 543/2249/5095 3758/5392/5095 5110/5403/5095
f 542/2248/5096 2324/2247/5096 5110/5403/5096
f 3755/5404/5097 5110/5403/5097 3794/5405/5097
f 3758/5392/5098 1252/5406/5098 3794/5405/5098
f 528/2227/5099 3757/5396/5099 5111/5407/5099
f 527/456/5100 2339/2226/5100 5111/5407/5100
f 3762/5378/5101 5111/5407/5101 3778/5408/5101
f 3757/5396/5102 1267/5409/5102 3778/5408/5102
f 535/2235/5103 3756/5400/5103 5112/5410/5103
f 534/2234/5104 2332/2233/5104 5112/5410/5104
f 3754/5411/5105 5112/5410/5105 3785/5412/5105
f 3756/5400/5106 1260/5413/5106 3785/5412/5106
f 542/2248/5107 3755/5404/5107 5113/5414/5107
f 541/2365/5108 2325/2369/5108 5113/5414/5108
f 3753/5415/5109 5113/5414/5109 3792/5416/5109
f 3755/5404/5110 1253/5417/5110 3792/5416/5110
f 526/455/5111 3761/5380/5111 5114/5418/5111
f 525/2345/5112 2340/2349/5112 5114/5418/5112
f 3752/5419/5113 5114/5418/5113 3777/5420/5113
f 3761/5380/5114 1269/5421/5114 3777/5420/5114
f 534/2234/5115 3754/5411/5115 5115/5422/5115
f 533/2355/5116 2333/2359/5116 5115/5422/5116
f 3751/5423/5117 5115/5422/5117 3784/5424/5117
f 3754/5411/5118 1261/5425/5118 3784/5424/5118
f 541/2365/5119 3753/5415/5119 5116/5426/5119
f 540/2335/5120 2326/2364/5120 5116/5426/5120
f 3750/5427/5121 5116/5426/5121 3791/5428/5121
f 3753/5415/5122 1254/5429/5122 3791/5428/5122
f 525/2345/5123 3752/5419/5123 5117/5430/5123
f 524/2311/5124 2341/2344/5124 5117/5430/5124
f 3749/5431/5125 5117/5430/5125 3776/5432/5125
f 3752/5419/5126 1270/5433/5126 3776/5432/5126
f 533/2355/5127 3751/5423/5127 5118/5434/5127
f 532/2323/5128 2334/2354/5128 5118/5434/5128
f 3748/5435/5129 5118/5434/5129 3783/5436/5129
f 3751/5423/5130 1262/5437/5130 3783/5436/5130
f 540/2335/5131 3750/5427/5131 5119/5438/5131
f 539/2329/5132 2327/2334/5132 5119/5438/5132
f 3747/5439/5133 5119/5438/5133 3790/5440/5133
f 3750/5427/5134 1255/5441/5134 3790/5440/5134
f 524/2311/5135 3749/5431/5135 5120/5442/5135
f 523/2305/5136 2342/2310/5136 5120/5442/5136
f 3824/5443/5137 5120/5442/5137 3775/5444/5137
f 3749/5431/5138 1271/5445/5138 3775/5444/5138
f 532/2323/5139 3748/5435/5139 5121/5446/5139
f 531/2317/5140 2335/2322/5140 5121/5446/5140
f 3771/5354/5141 5121/5446/5141 3782/5447/5141
f 3748/5435/5142 1263/5448/5142 3782/5447/5142
f 539/2329/5143 3747/5439/5143 5122/5449/5143
f 538/2293/5144 2328/2328/5144 5122/5449/5144
f 3769/5359/5145 5122/5449/5145 3789/5450/5145
f 3747/5439/5146 1256/5451/5146 3789/5450/5146
f 523/2305/5147 3824/5443/5147 5123/5452/5147
f 522/2269/5148 2343/2304/5148 5123/5452/5148
f 3767/5364/5149 5123/5452/5149 3774/5453/5149
f 3824/5443/5150 1272/5454/5150 3774/5453/5150
f 545/2262/5151 3759/5388/5151 5124/5455/5151
f 546/2299/5152 2321/2339/5152 5124/5455/5152
f 3765/5369/5153 5124/5455/5153 3797/5456/5153
f 3759/5388/5154 1250/5457/5154 3797/5456/5154
f 1272/5454/5155 3832/5458/5155 5125/5459/5155
f 1273/5368/5156 3774/5453/5156 5125/5459/5156
f 3832/5458/5157 1276/5460/5157 3850/5461/5157
f 1275/5373/5158 3830/5462/5158 5126/5463/5158
f 1251/5394/5159 3796/5372/5159 5126/5463/5159
f 3830/5462/5160 1276/5460/5160 3849/5464/5160
f 1264/5358/5161 3829/5465/5161 5127/5466/5161
f 1265/5377/5162 3781/5357/5162 5127/5466/5162
f 3829/5465/5163 1276/5460/5163 3848/5467/5163
f 1257/5363/5164 3827/5468/5164 5128/5469/5164
f 1258/5386/5165 3788/5362/5165 5128/5469/5165
f 3827/5468/5166 1276/5460/5166 3847/5470/5166
f 1273/5368/5167 3850/5461/5167 5129/5471/5167
f 1274/5390/5168 3773/5367/5168 5129/5471/5168
f 3850/5461/5169 1276/5460/5169 3846/5472/5169
f 1251/5394/5170 3849/5464/5170 5130/5473/5170
f 1252/5406/5171 3795/5393/5171 5130/5473/5171
f 3849/5464/5172 1276/5460/5172 3845/5474/5172
f 1265/5377/5173 3848/5467/5173 5131/5475/5173
f 1266/5398/5174 3780/5376/5174 5131/5475/5174
f 3848/5467/5175 1276/5460/5175 3844/5476/5175
f 1258/5386/5176 3847/5470/5176 5132/5477/5176
f 1259/5402/5177 3787/5385/5177 5132/5477/5177
f 3847/5470/5178 1276/5460/5178 3843/5478/5178
f 1274/5390/5179 3846/5472/5179 5133/5479/5179
f 1250/5457/5180 3772/5389/5180 5133/5479/5180
f 3846/5472/5181 1276/5460/5181 3825/5480/5181
f 1252/5406/5182 3845/5474/5182 5134/5481/5182
f 1253/5417/5183 3794/5405/5183 5134/5481/5183
f 3845/5474/5184 1276/5460/5184 3840/5482/5184
f 1266/5398/5185 3844/5476/5185 5135/5483/5185
f 1267/5409/5186 3779/5397/5186 5135/5483/5186
f 3844/5476/5187 1276/5460/5187 3842/5484/5187
f 1259/5402/5188 3843/5478/5188 5136/5485/5188
f 1260/5413/5189 3786/5401/5189 5136/5485/5189
f 3843/5478/5190 1276/5460/5190 3841/5486/5190
f 1267/5409/5191 3842/5484/5191 5137/5487/5191
f 1268/5382/5192 3778/5408/5192 5137/5487/5192
f 3842/5484/5193 1276/5460/5193 3835/5488/5193
f 1260/5413/5194 3841/5486/5194 5138/5489/5194
f 1261/5425/5195 3785/5412/5195 5138/5489/5195
f 3841/5486/5196 1276/5460/5196 3839/5490/5196
f 1253/5417/5197 3840/5482/5197 5139/5491/5197
f 1254/5429/5198 3792/5416/5198 5139/5491/5198
f 3840/5482/5199 1276/5460/5199 3838/5492/5199
f 1269/5421/5200 3836/5493/5200 5140/5494/5200
f 1270/5433/5201 3777/5420/5201 5140/5494/5201
f 3836/5493/5202 1276/5460/5202 3837/5495/5202
f 1261/5425/5203 3839/5490/5203 5141/5496/5203
f 1262/5437/5204 3784/5424/5204 5141/5496/5204
f 3839/5490/5205 1276/5460/5205 3834/5497/5205
f 1254/5429/5206 3838/5492/5206 5142/5498/5206
f 1255/5441/5207 3791/5428/5207 5142/5498/5207
f 3838/5492/5208 1276/5460/5208 3833/5499/5208
f 1270/5433/5209 3837/5495/5209 5143/5500/5209
f 1271/5445/5210 3776/5432/5210 5143/5500/5210
f 3837/5495/5211 1276/5460/5211 3831/5501/5211
f 1268/5382/5212 3835/5488/5212 5144/5502/5212
f 1269/5421/5213 3798/5381/5213 5144/5502/5213
f 3835/5488/5214 1276/5460/5214 3836/5493/5214
f 1262/5437/5215 3834/5497/5215 5145/5503/5215
f 1263/5448/5216 3783/5436/5216 5145/5503/5216
f 3834/5497/5217 1276/5460/5217 3828/5504/5217
f 1255/5441/5218 3833/5499/5218 5146/5505/5218
f 1256/5451/5219 3790/5440/5219 5146/5505/5219
f 3833/5499/5220 1276/5460/5220 3826/5506/5220
f 1271/5445/5221 3831/5501/5221 5147/5507/5221
f 1272/5454/5222 3775/5444/5222 5147/5507/5222
f 3831/5501/5223 1276/5460/5223 3832/5458/5223
f 1250/5457/5224 3825/5480/5224 5148/5508/5224
f 1275/5373/5225 3797/5456/5225 5148/5508/5225
f 3825/5480/5226 1276/5460/5226 3830/5462/5226
f 1263/5448/5227 3828/5504/5227 5149/5509/5227
f 1264/5358/5228 3782/5447/5228 5149/5509/5228
f 3828/5504/5229 1276/5460/5229 3829/5465/5229
f 1256/5451/5230 3826/5506/5230 5150/5510/5230
f 1257/5363/5231 3789/5450/5231 5150/5510/5231
f 3826/5506/5232 1276/5460/5232 3827/5468/5232
f 1145/1/5233 3851/3/5233 1277/4/5233
f 1277/4/5234 1278/5/5234 2/5511/5234
f 3851/3/5235 4/7/5236 1278/5/5235
f 1280/2/5237 1279/6/5237 3851/3/5237
f 1146/8/5238 3852/10/5239 1279/6/5238
f 1279/6/5240 1281/11/5240 4/7/5241
f 3852/10/5242 6/13/5243 1281/11/5243
f 1283/9/5244 1282/12/5244 3852/10/5245
f 1147/14/5246 3853/16/5246 1282/12/5246
f 1282/12/5247 1284/17/5247 6/13/5247
f 3853/16/5248 8/19/5248 1284/17/5248
f 1286/15/5249 1285/18/5249 3853/16/5249
f 1148/20/5250 3854/22/5250 1285/18/5250
f 1285/18/5251 1287/23/5251 8/19/5251
f 3854/22/5252 10/25/5252 1287/23/5252
f 1289/21/5253 1288/24/5253 3854/22/5253
f 1149/26/5254 3855/28/5254 1288/24/5254
f 1288/24/5255 1290/29/5255 10/25/5255
f 3855/28/5256 12/31/5256 1290/29/5256
f 1292/27/5257 1291/30/5257 3855/28/5257
f 1150/32/5258 3856/34/5259 1291/30/5258
f 1291/30/5260 1293/35/5260 12/31/5260
f 3856/34/5261 14/37/5262 1293/35/5262
f 1295/33/5263 1294/36/5263 3856/34/5264
f 1151/38/5265 3857/40/5265 1294/36/5265
f 1294/36/5266 1296/41/5266 14/37/5266
f 3857/40/5267 16/43/5267 1296/41/5267
f 1298/39/5268 1297/42/5268 3857/40/5268
f 1152/44/5269 3858/46/5269 1297/42/5269
f 1297/42/5270 1299/47/5270 16/43/5270
f 1299/47/5271 1300/48/5271 18/51/5271
f 3858/46/5272 1153/49/5272 1300/48/5272
f 1300/48/5273 1304/50/5273 3859/52/5273
f 18/51/5274 3859/52/5274 1302/53/5274
f 1302/53/5275 1303/54/5275 20/57/5275
f 3859/52/5276 1154/55/5276 1303/54/5276
f 1303/54/5277 1307/56/5277 3860/58/5277
f 20/57/5278 3860/58/5278 1305/59/5278
f 1305/59/5279 1306/60/5279 22/63/5279
f 3860/58/5280 1155/61/5280 1306/60/5280
f 1306/60/5281 1310/62/5281 3861/64/5281
f 22/63/5282 3861/64/5282 1308/65/5282
f 1308/65/5283 1309/66/5283 24/69/5283
f 3861/64/5284 1156/67/5284 1309/66/5284
f 1309/66/5285 1313/68/5285 3862/70/5285
f 24/69/5286 3862/70/5286 1311/71/5286
f 1311/71/5287 1312/72/5287 26/75/5287
f 3862/70/5288 1157/73/5288 1312/72/5288
f 1312/72/5289 1316/74/5289 3863/76/5289
f 26/75/5290 3863/76/5290 1314/77/5290
f 1314/77/5291 1315/78/5291 28/4875/5292
f 3863/76/5293 1158/79/5293 1315/78/5293
f 1158/79/5294 3864/81/5294 1315/78/5294
f 1315/78/5295 1317/82/5295 28/4875/5296
f 3864/81/5297 30/84/5297 1317/82/5297
f 1319/80/5298 1318/83/5298 3864/81/5298
f 1159/85/5299 3865/87/5299 1318/83/5299
f 1318/83/5300 1320/88/5300 30/84/5300
f 3865/87/5301 32/90/5301 1320/88/5301
f 1322/86/5302 1321/89/5302 3865/87/5302
f 1160/91/5303 3866/93/5304 1321/89/5303
f 1321/89/5305 1323/94/5305 32/90/5305
f 3866/93/5306 34/96/5307 1323/94/5307
f 1325/92/5308 1324/95/5308 3866/93/5309
f 1161/97/5310 3867/99/5310 1324/95/5310
f 1324/95/5311 1326/100/5311 34/96/5311
f 3867/99/5312 36/102/5312 1326/100/5312
f 1328/98/5313 1327/101/5313 3867/99/5313
f 1162/103/5314 3868/105/5314 1327/101/5314
f 1327/101/5315 1329/106/5315 36/102/5315
f 3868/105/5316 38/108/5316 1329/106/5316
f 1331/104/5317 1330/107/5317 3868/105/5317
f 1163/109/5318 3869/111/5319 1330/107/5318
f 1330/107/5320 1332/112/5320 38/108/5320
f 1332/112/5321 1333/113/5321 40/116/5321
f 3869/111/5322 1164/114/5323 1333/113/5323
f 1333/113/5324 1337/115/5324 3870/117/5324
f 40/116/5325 3870/117/5325 1335/118/5326
f 1335/118/5327 1336/119/5328 42/122/5328
f 3870/117/5329 1165/120/5329 1336/119/5329
f 1336/119/5330 1340/121/5330 3871/123/5330
f 42/122/5331 3871/123/5331 1338/124/5331
f 1338/124/5332 1339/125/5332 44/128/5332
f 3871/123/5333 1166/126/5333 1339/125/5333
f 1339/125/5334 1343/127/5334 3872/129/5334
f 44/128/5335 3872/129/5335 1341/130/5335
f 1341/130/5336 1342/131/5336 46/134/5336
f 3872/129/5337 1167/132/5337 1342/131/5337
f 1342/131/5338 1346/133/5338 3873/135/5338
f 46/134/5339 3873/135/5339 1344/136/5339
f 1344/136/5340 1345/137/5340 48/140/5340
f 3873/135/5341 1168/138/5341 1345/137/5341
f 1345/137/5342 1349/139/5342 3874/141/5342
f 48/140/5343 3874/141/5343 1347/142/5343
f 1347/142/5344 1348/143/5344 50/146/5344
f 3874/141/5345 1169/144/5345 1348/143/5345
f 1348/143/5346 1352/145/5346 3875/147/5346
f 50/146/5347 3875/147/5347 1350/148/5347
f 1350/148/5348 1351/149/5348 52/152/5348
f 3875/147/5349 1170/150/5349 1351/149/5349
f 1351/149/5350 1354/151/5350 3876/153/5351
f 52/152/5352 3876/153/5353 1353/154/5352
f 1353/154/5354 1277/155/5354 2/4902/5354
f 3876/153/5355 1145/156/5356 1277/155/5356
f 519/157/5357 3877/159/5357 1355/160/5357
f 1355/160/124 1356/161/124 411/1645/124
f 1356/161/5358 1357/162/5358 415/1644/5358
f 3877/159/126 470/163/126 1357/162/126
f 106/164/5359 3878/166/5359 1359/167/5359
f 1359/167/5360 1360/168/5360 292/1184/5360
f 3878/166/5361 265/170/5361 1360/168/5361
f 1362/165/5362 1361/169/5362 3878/166/5362
f 108/172/5363 3879/174/5363 1363/175/5363
f 1363/175/132 1364/176/132 268/1252/132
f 3879/174/133 337/178/133 1364/176/133
f 1366/173/134 1365/177/134 3879/174/134
f 1367/180/135 1370/182/135 3880/184/135
f 73/183/5364 3880/184/5364 1368/1946/5364
f 3880/184/5365 74/186/5365 1368/1946/5365
f 1370/182/5366 1369/185/5366 3880/184/5366
f 1369/185/5367 1373/188/5367 3881/189/5367
f 74/186/5368 3881/189/5368 1371/1949/5368
f 3881/189/5369 75/191/5369 1371/1949/5369
f 1373/188/5370 1372/190/5370 3881/189/5370
f 1374/193/5371 1377/195/5371 3882/197/5371
f 71/196/5372 3882/197/5372 1375/1940/5372
f 3882/197/5373 72/199/5373 1375/1940/5373
f 1377/195/146 1376/198/146 3882/197/146
f 110/201/5374 3883/203/5374 1378/204/5374
f 1378/204/148 1379/205/148 334/220/148
f 3883/203/149 295/207/149 1379/205/149
f 1381/202/150 1380/206/150 3883/203/150
f 1382/209/5375 1385/211/5375 3884/213/5375
f 298/212/5376 3884/213/5376 1383/214/5376
f 1383/214/153 1384/215/153 271/218/153
f 3884/213/5377 111/216/5377 1384/215/5377
f 1384/215/5378 1387/217/5378 3885/219/5378
f 271/218/5379 3885/219/5379 1386/5512/5379
f 3885/219/5380 334/220/5380 1386/5512/5380
f 1387/217/5381 1378/204/5381 3885/219/5381
f 1388/221/5382 1390/223/5382 3886/225/5382
f 331/224/160 3886/225/160 1389/226/160
f 1389/226/161 1382/209/161 298/212/161
f 3886/225/5383 112/210/5383 1382/209/5383
f 1391/227/5384 1394/229/5384 3887/231/5384
f 68/230/164 3887/231/164 1392/1931/164
f 3887/231/5385 69/233/5385 1392/1931/5385
f 1394/229/5386 1393/232/5386 3887/231/5386
f 1395/235/5387 1398/237/5387 3888/239/5387
f 277/238/5388 3888/239/5388 1396/240/5388
f 1396/240/5389 1397/241/5389 328/1235/5389
f 3888/239/5390 116/242/5390 1397/241/5390
f 1399/243/5391 1402/245/5391 3889/247/5391
f 64/246/5392 3889/247/5392 1400/1919/5392
f 3889/247/5393 65/249/5393 1400/1919/5393
f 1402/245/5394 1401/248/5394 3889/247/5394
f 1401/248/5395 1405/251/5396 3890/252/5395
f 65/249/5397 3890/252/5397 1403/1922/5397
f 3890/252/5398 66/254/5398 1403/1922/5398
f 1405/251/5399 1404/253/180 3890/252/180
f 1406/256/5400 1409/258/5400 3891/260/5400
f 62/259/5401 3891/260/5401 1407/1913/5401
f 3891/260/183 63/262/183 1407/1913/183
f 1409/258/5402 1408/261/5402 3891/260/5402
f 119/264/5403 3892/266/5403 1410/267/5403
f 1410/267/5404 1411/268/5404 325/283/5404
f 3892/266/5405 304/270/5405 1411/268/5405
f 1413/265/5406 1412/269/5406 3892/266/5406
f 121/272/5407 3893/274/5407 1414/275/5407
f 1414/275/5408 1415/276/5408 307/289/5408
f 3893/274/5409 280/278/5409 1415/276/5409
f 1417/273/192 1416/277/192 3893/274/192
f 120/279/5410 3894/281/5410 1416/277/5410
f 1416/277/5411 1418/282/5411 280/278/5411
f 3894/281/5412 325/283/5412 1418/282/5412
f 1419/280/196 1410/267/196 3894/281/196
f 122/284/5413 3895/286/5413 1420/287/5413
f 1420/287/198 1421/288/198 322/1211/198
f 3895/286/199 307/289/199 1421/288/199
f 1422/285/5414 1414/275/5414 3895/286/5414
f 1423/290/5415 1426/292/5415 3896/294/5415
f 59/293/5416 3896/294/5416 1424/1904/5416
f 3896/294/5417 60/296/5417 1424/1904/5417
f 1426/292/5418 1425/295/5418 3896/294/5418
f 1427/298/5419 1430/300/5419 3897/302/5419
f 286/301/5420 3897/302/5420 1428/303/5420
f 1428/303/5421 1429/304/5421 319/1206/5421
f 3897/302/208 125/305/208 1429/304/208
f 1431/306/5422 1434/308/5422 3898/310/5422
f 55/309/5423 3898/310/5423 1432/1892/5423
f 3898/310/5424 56/312/5424 1432/1892/5424
f 1434/308/5425 1433/311/5425 3898/310/5425
f 1433/311/5426 1437/314/5426 3899/315/5426
f 56/312/214 3899/315/214 1435/1895/214
f 3899/315/5427 57/317/5427 1435/1895/5427
f 1437/314/5428 1436/316/5428 3899/315/5428
f 1438/319/5429 1440/321/5429 3900/323/5429
f 54/322/218 3900/323/218 1439/1889/218
f 3900/323/5430 55/309/5430 1439/1889/5430
f 1440/321/5431 1431/306/5431 3900/323/5431
f 1441/324/221 1444/326/221 3901/328/221
f 316/327/222 3901/328/222 1442/329/222
f 1442/329/5432 1443/330/5432 313/1190/5432
f 3901/328/5433 127/331/5433 1443/330/5433
f 1445/332/5434 1447/334/5434 3902/336/5434
f 289/335/5435 3902/336/5435 1446/337/5435
f 1446/337/5436 1441/324/5436 316/327/5436
f 3902/336/5437 128/325/5437 1441/324/5437
f 105/171/5438 3903/339/5438 1361/169/5438
f 1361/169/5439 1448/340/5439 265/170/5439
f 3903/339/5440 261/342/5440 1448/340/5440
f 1450/338/5441 1449/341/5441 3903/339/5441
f 477/344/5442 3904/346/5442 1451/347/5442
f 1451/347/5443 1452/348/5443 348/1792/5443
f 1452/348/235 1453/349/235 351/1785/235
f 3904/346/5444 479/350/5444 1453/349/5444
f 479/350/5445 3905/352/5445 1453/349/5445
f 1453/349/238 1455/353/238 351/1785/238
f 1455/353/239 1456/354/239 354/1778/239
f 3905/352/5446 481/355/5446 1456/354/5446
f 481/355/5447 3906/357/5447 1456/354/5447
f 1456/354/242 1458/358/242 354/1778/242
f 1458/358/243 1459/359/243 357/1771/243
f 3906/357/5448 483/360/5448 1459/359/5448
f 483/360/5449 3907/362/5449 1459/359/5449
f 1459/359/246 1461/363/246 357/1771/246
f 1461/363/247 1462/364/247 360/1764/247
f 3907/362/248 485/365/248 1462/364/248
f 485/365/5450 3908/367/5450 1462/364/5450
f 1462/364/5451 1464/368/5451 360/1764/5451
f 1464/368/251 1465/369/251 363/1757/251
f 3908/367/252 487/370/252 1465/369/252
f 487/370/5452 3909/372/5452 1465/369/5452
f 1465/369/5453 1467/373/5453 363/1757/5453
f 1467/373/255 1468/374/255 366/1750/255
f 3909/372/256 489/375/256 1468/374/256
f 489/375/5454 3910/377/5454 1468/374/5454
f 1468/374/5455 1470/378/5455 366/1750/5455
f 1470/378/259 1471/379/259 369/1743/259
f 3910/377/5456 491/380/5456 1471/379/5456
f 491/380/261 3911/382/261 1471/379/261
f 1471/379/5457 1473/383/5457 369/1743/5457
f 1473/383/5458 1474/384/5458 372/1736/5458
f 3911/382/5459 493/385/5459 1474/384/5459
f 493/385/5460 3912/387/5460 1474/384/5460
f 1474/384/266 1476/388/266 372/1736/266
f 1476/388/267 1477/389/267 375/1729/267
f 3912/387/5461 495/390/5461 1477/389/5461
f 495/390/5462 3913/392/5462 1477/389/5462
f 1477/389/270 1479/393/270 375/1729/270
f 1479/393/271 1480/394/271 378/1722/271
f 3913/392/5463 497/395/5463 1480/394/5463
f 497/395/5464 3914/397/5464 1480/394/5464
f 1480/394/5465 1482/398/5465 378/1722/5465
f 1482/398/5466 1483/399/5466 381/1715/5466
f 3914/397/276 499/400/276 1483/399/276
f 499/400/5467 3915/402/5467 1483/399/5467
f 1483/399/278 1485/403/278 381/1715/278
f 1485/403/5468 1486/404/5468 384/1708/5468
f 3915/402/5469 501/405/5469 1486/404/5469
f 501/405/281 3916/407/281 1486/404/281
f 1486/404/282 1488/408/282 384/1708/282
f 1488/408/5470 1489/409/5470 387/1701/5470
f 3916/407/5471 503/410/5471 1489/409/5471
f 503/410/285 3917/412/285 1489/409/285
f 1489/409/286 1491/413/286 387/1701/286
f 1491/413/5472 1492/414/5472 390/1694/5472
f 3917/412/5473 505/415/5473 1492/414/5473
f 505/415/289 3918/417/289 1492/414/289
f 1492/414/290 1494/418/290 390/1694/290
f 1494/418/291 1495/419/291 393/1687/291
f 3918/417/5474 507/420/5474 1495/419/5474
f 507/420/5475 3919/422/5475 1495/419/5475
f 1495/419/294 1497/423/294 393/1687/294
f 1497/423/295 1498/424/295 396/1680/295
f 3919/422/5476 509/425/5476 1498/424/5476
f 509/425/5477 3920/427/5477 1498/424/5477
f 1498/424/298 1500/428/298 396/1680/298
f 1500/428/299 1501/429/299 399/1673/299
f 3920/427/5478 511/430/5478 1501/429/5478
f 511/430/5479 3921/432/5479 1501/429/5479
f 1501/429/302 1503/433/302 399/1673/302
f 1503/433/5480 1504/434/5480 402/1666/5480
f 3921/432/5481 513/435/5481 1504/434/5481
f 513/435/305 3922/437/305 1504/434/305
f 1504/434/5482 1506/438/5482 402/1666/5482
f 1506/438/307 1507/439/307 405/1659/307
f 3922/437/5483 515/440/5483 1507/439/5483
f 515/440/5484 3923/442/5484 1507/439/5484
f 1507/439/310 1509/443/310 405/1659/310
f 1509/443/5485 1510/444/5485 408/1652/5485
f 3923/442/5486 517/445/5486 1510/444/5486
f 517/445/5487 3924/447/5487 1510/444/5487
f 1510/444/5488 1512/448/5488 408/1652/5488
f 1512/448/5489 1355/160/5489 411/1645/5489
f 3924/447/5490 519/157/5490 1355/160/5490
f 1514/449/317 1517/451/317 3925/452/317
f 1514/449/318 1515/453/318 1197/2347/318
f 3925/452/5491 526/455/5491 1515/453/5491
f 3925/452/5492 527/456/5492 1516/454/5492
f 471/457/5493 3926/459/5493 1518/460/5493
f 1518/460/5494 1519/461/5494 339/1813/5494
f 1519/461/5495 1520/462/5495 342/1806/5495
f 3926/459/5496 473/463/5496 1520/462/5496
f 340/464/5497 3927/466/5497 1522/467/5497
f 1522/467/5498 1523/468/5498 134/882/5498
f 1523/468/327 1524/469/327 137/1131/327
f 3927/466/328 343/470/328 1524/469/328
f 412/471/329 3928/473/329 1526/474/329
f 1526/474/5499 1527/475/5499 206/876/5499
f 1527/475/5500 1528/476/5500 132/875/5500
f 3928/473/332 414/477/332 1528/476/332
f 409/478/333 3929/480/333 1530/481/333
f 1530/481/334 1531/482/334 203/888/334
f 1531/482/5501 1526/474/5501 206/876/5501
f 3929/480/5502 412/471/5502 1526/474/5502
f 406/483/5503 3930/485/5503 1533/486/5503
f 1533/486/5504 1534/487/5504 200/898/5504
f 1534/487/339 1530/481/339 203/888/339
f 3930/485/340 409/478/340 1530/481/340
f 403/488/5505 3931/490/5505 1536/491/5505
f 1536/491/342 1537/492/342 197/911/342
f 1537/492/343 1533/486/343 200/898/343
f 3931/490/5506 406/483/5506 1533/486/5506
f 400/493/5507 3932/495/5507 1539/496/5507
f 1539/496/5508 1540/497/5508 194/922/5508
f 1540/497/5509 1536/491/5509 197/911/5509
f 3932/495/348 403/488/348 1536/491/348
f 397/498/349 3933/500/349 1542/501/349
f 1542/501/350 1543/502/350 191/933/350
f 1543/502/351 1539/496/351 194/922/351
f 3933/500/5510 400/493/5510 1539/496/5510
f 394/503/353 3934/505/353 1545/506/353
f 1545/506/5511 1546/507/5511 188/944/5511
f 1546/507/5512 1542/501/5512 191/933/5512
f 3934/505/356 397/498/356 1542/501/356
f 391/508/5513 3935/510/5513 1548/511/5513
f 1548/511/5514 1549/512/5514 185/955/5514
f 1549/512/359 1545/506/359 188/944/359
f 3935/510/360 394/503/360 1545/506/360
f 388/513/5515 3936/515/5515 1551/516/5515
f 1551/516/5516 1552/517/5516 182/966/5516
f 1552/517/363 1548/511/363 185/955/363
f 3936/515/364 391/508/364 1548/511/364
f 385/518/365 3937/520/365 1554/521/365
f 1554/521/366 1555/522/366 179/977/366
f 1555/522/5517 1551/516/5517 182/966/5517
f 3937/520/5518 388/513/5518 1551/516/5518
f 382/523/369 3938/525/369 1557/526/369
f 1557/526/5519 1558/527/5519 176/988/5519
f 1558/527/5520 1554/521/5520 179/977/5520
f 3938/525/372 385/518/372 1554/521/372
f 379/528/5521 3939/530/5521 1560/531/5521
f 1560/531/5522 1561/532/5522 173/999/5522
f 1561/532/5523 1557/526/5523 176/988/5523
f 3939/530/5524 382/523/5524 1557/526/5524
f 376/533/377 3940/535/377 1563/536/377
f 1563/536/5525 1564/537/5525 170/1010/5525
f 1564/537/5526 1560/531/5526 173/999/5526
f 3940/535/380 379/528/380 1560/531/380
f 373/538/381 3941/540/381 1566/541/381
f 1566/541/5527 1567/542/5527 167/1021/5527
f 1567/542/5528 1563/536/5528 170/1010/5528
f 3941/540/384 376/533/384 1563/536/384
f 370/543/385 3942/545/385 1569/546/385
f 1569/546/5529 1570/547/5529 164/1032/5529
f 1570/547/387 1566/541/387 167/1021/387
f 3942/545/388 373/538/388 1566/541/388
f 367/548/389 3943/550/389 1572/551/389
f 1572/551/5530 1573/552/5530 161/1043/5530
f 1573/552/5531 1569/546/5531 164/1032/5531
f 3943/550/392 370/543/392 1569/546/392
f 364/553/5532 3944/555/5532 1575/556/5532
f 1575/556/5533 1576/557/5533 158/1054/5533
f 1576/557/395 1572/551/395 161/1043/395
f 3944/555/396 367/548/396 1572/551/396
f 361/558/397 3945/560/397 1578/561/397
f 1578/561/398 1579/562/398 155/1065/398
f 1579/562/5534 1575/556/5534 158/1054/5534
f 3945/560/5535 364/553/5535 1575/556/5535
f 358/563/401 3946/565/401 1581/566/401
f 1581/566/402 1582/567/402 152/1076/402
f 1582/567/5536 1578/561/5536 155/1065/5536
f 3946/565/5537 361/558/5537 1578/561/5537
f 355/568/405 3947/570/405 1584/571/405
f 1584/571/5538 1585/572/5538 149/1087/5538
f 1585/572/5539 1581/566/5539 152/1076/5539
f 3947/570/408 358/563/408 1581/566/408
f 352/573/5540 3948/575/5540 1587/576/5540
f 1587/576/410 1588/577/410 146/1098/410
f 1588/577/411 1584/571/411 149/1087/411
f 3948/575/412 355/568/412 1584/571/412
f 349/578/413 3949/580/413 1590/581/413
f 1590/581/5541 1591/582/5541 143/1109/5541
f 1591/582/5542 1587/576/5542 146/1098/5542
f 3949/580/5543 352/573/5543 1587/576/5543
f 346/583/5544 3950/585/5544 1593/586/5544
f 1593/586/418 1594/587/418 140/1120/418
f 1594/587/419 1590/581/419 143/1109/419
f 3950/585/5545 349/578/5545 1590/581/5545
f 343/470/421 3951/589/421 1524/469/421
f 1524/469/422 1596/590/422 137/1131/422
f 1596/590/5546 1593/586/5546 140/1120/5546
f 3951/589/5547 346/583/5547 1593/586/5547
f 414/591/425 3952/593/425 1528/594/425
f 1528/594/5548 1598/595/5548 132/883/5548
f 1598/595/5549 1522/467/5549 134/882/5549
f 3952/593/428 340/464/428 1522/467/428
f 473/463/5550 3953/597/5550 1520/462/5550
f 1520/462/5551 1600/598/5551 342/1806/5551
f 1600/598/431 1601/599/431 345/1799/431
f 3953/597/5552 475/600/5552 1601/599/5552
f 1603/601/5553 1606/603/5553 3954/604/5553
f 1603/601/5554 1604/605/5554 104/2370/5554
f 3954/604/5555 79/607/5555 1604/605/5555
f 3954/604/5556 133/608/5556 1605/606/5556
f 1607/609/5557 1609/611/5557 3955/613/5557
f 103/612/5558 3955/613/5558 1608/614/5558
f 1608/614/5559 1603/601/5559 104/2370/5559
f 3955/613/5560 136/602/5560 1603/601/5560
f 1610/615/5561 1612/617/5561 3956/619/5561
f 102/618/5562 3956/619/5562 1611/620/5562
f 1611/620/5563 1607/609/5563 103/612/5563
f 3956/619/5564 139/610/5564 1607/609/5564
f 1613/621/5565 1615/623/5565 3957/625/5565
f 101/624/5566 3957/625/5566 1614/626/5566
f 1614/626/5567 1610/615/5567 102/618/5567
f 3957/625/5568 142/616/5568 1610/615/5568
f 1616/627/449 1618/629/449 3958/631/449
f 100/630/5569 3958/631/5569 1617/632/5569
f 1617/632/5570 1613/621/5570 101/624/5570
f 3958/631/5571 145/622/5571 1613/621/5571
f 1619/633/5572 1621/635/5572 3959/637/5572
f 99/636/5573 3959/637/5573 1620/638/5573
f 1620/638/5574 1616/627/5574 100/630/5574
f 3959/637/5575 148/628/5575 1616/627/5575
f 154/639/5576 3960/641/5576 1622/642/5576
f 1622/642/5577 1623/643/5577 98/649/5577
f 1623/643/5578 1619/633/5578 99/636/5578
f 3960/641/5579 151/634/5579 1619/633/5579
f 157/644/5580 3961/646/5580 1625/647/5580
f 1625/647/5581 1626/648/5581 97/655/5581
f 3961/646/5582 98/649/5582 1626/648/5582
f 1627/645/5583 1622/642/5583 3961/646/5583
f 160/650/5584 3962/652/5584 1628/653/5584
f 1628/653/5585 1629/654/5585 96/661/5585
f 3962/652/5586 97/655/5586 1629/654/5586
f 1630/651/5587 1625/647/5587 3962/652/5587
f 163/656/5588 3963/658/5588 1631/659/5588
f 1631/659/5589 1632/660/5589 95/667/5589
f 3963/658/5590 96/661/5590 1632/660/5590
f 1633/657/5591 1628/653/5591 3963/658/5591
f 1634/662/5592 1636/664/5592 3964/666/5592
f 94/665/5593 3964/666/5593 1635/2412/5593
f 3964/666/5594 95/667/5594 1635/2412/5594
f 1636/664/5595 1631/659/5595 3964/666/5595
f 1637/668/5596 1639/670/5596 3965/672/5596
f 93/671/5597 3965/672/5597 1638/673/5597
f 1638/673/5598 1634/662/5598 94/665/5598
f 3965/672/5599 166/663/5599 1634/662/5599
f 1640/674/5600 1642/676/5600 3966/678/5600
f 92/677/5601 3966/678/5601 1641/679/5601
f 1641/679/5602 1637/668/5602 93/671/5602
f 3966/678/5603 169/669/5603 1637/668/5603
f 175/680/5604 3967/682/5604 1643/683/5604
f 1643/683/5605 1644/684/5605 91/690/5605
f 3967/682/5606 92/677/5606 1644/684/5606
f 1645/681/5607 1640/674/5607 3967/682/5607
f 178/685/5608 3968/687/5608 1646/688/5608
f 1646/688/5609 1647/689/5609 90/696/5609
f 3968/687/5610 91/690/5610 1647/689/5610
f 1648/686/5611 1643/683/5611 3968/687/5611
f 1649/691/5612 1651/693/5612 3969/695/5612
f 89/694/5613 3969/695/5613 1650/2432/5613
f 3969/695/5614 90/696/5614 1650/2432/5614
f 1651/693/5615 1646/688/5615 3969/695/5615
f 1652/697/5616 1654/699/5616 3970/701/5616
f 88/700/5617 3970/701/5617 1653/702/5617
f 1653/702/5618 1649/691/5618 89/694/5618
f 3970/701/5619 181/692/5619 1649/691/5619
f 1655/703/5620 1657/705/5620 3971/707/5620
f 87/706/5621 3971/707/5621 1656/708/5621
f 1656/708/5622 1652/697/5622 88/700/5622
f 3971/707/5623 184/698/5623 1652/697/5623
f 1658/709/5624 1660/711/5624 3972/713/5624
f 86/712/5625 3972/713/5625 1659/714/5625
f 1659/714/5626 1655/703/5626 87/706/5626
f 3972/713/5627 187/704/5627 1655/703/5627
f 193/715/5628 3973/717/5628 1661/718/5628
f 1661/718/5629 1662/719/5629 85/725/5629
f 1662/719/5630 1658/709/5630 86/712/5630
f 3973/717/5631 190/710/5631 1658/709/5631
f 196/720/5632 3974/722/5632 1664/723/5632
f 1664/723/5633 1665/724/5633 84/731/5633
f 3974/722/5634 85/725/5634 1665/724/5634
f 1666/721/5635 1661/718/5635 3974/722/5635
f 199/726/5636 3975/728/5636 1667/729/5636
f 1667/729/5637 1668/730/5637 83/737/5637
f 3975/728/5638 84/731/5638 1668/730/5638
f 1669/727/520 1664/723/520 3975/728/520
f 202/732/5639 3976/734/5639 1670/735/5639
f 1670/735/5640 1671/736/5640 82/743/5640
f 3976/734/5641 83/737/5641 1671/736/5641
f 1672/733/5642 1667/729/5642 3976/734/5642
f 205/738/5643 3977/740/5643 1673/741/5643
f 1673/741/5644 1674/742/5644 81/749/5644
f 3977/740/5645 82/743/5645 1674/742/5645
f 1675/739/5646 1670/735/5646 3977/740/5646
f 208/744/5647 3978/746/5647 1676/747/5647
f 1676/747/5648 1677/748/5648 80/2468/5648
f 3978/746/5649 81/749/5649 1677/748/5649
f 1678/745/5650 1673/741/5650 3978/746/5650
f 133/750/5651 3979/752/5651 1605/754/5651
f 79/753/5652 3979/752/5652 1679/755/5652
f 1679/755/5653 1676/747/5653 80/2468/5653
f 1680/751/5654 1676/747/5654 3979/752/5654
f 475/600/5655 3980/757/5655 1601/599/5655
f 1601/599/538 1681/758/538 345/1799/538
f 1681/758/5656 1451/347/5656 348/1792/5656
f 3980/757/540 477/344/540 1451/347/540
f 257/759/5657 3981/761/5657 1683/762/5657
f 1683/762/5658 1450/338/5658 105/171/5658
f 3981/761/5659 130/343/5659 1450/338/5659
f 1685/760/5660 1684/763/5660 3981/761/5660
f 1686/765/5661 1687/767/5661 3982/768/5661
f 1686/765/5662 1362/165/5662 106/164/5662
f 3982/768/5663 105/171/5663 1362/165/5663
f 3982/768/5664 257/759/5664 1683/762/5664
f 1688/769/5665 1690/771/5665 3983/772/5665
f 1688/769/5666 1689/773/5666 107/179/5666
f 3983/772/5667 106/164/5667 1689/773/5667
f 3983/772/552 255/766/552 1686/765/552
f 1691/774/5668 1692/776/5668 3984/777/5668
f 1691/774/554 1366/173/554 108/172/554
f 3984/777/5669 107/179/5669 1366/173/5669
f 3984/777/556 253/770/556 1688/769/556
f 1693/778/5670 1695/780/5670 3985/781/5670
f 1693/778/5671 1694/782/5671 109/208/5671
f 3985/781/5672 108/172/5672 1694/782/5672
f 3985/781/5673 251/775/5673 1691/774/5673
f 1696/783/5674 1697/785/5674 3986/786/5674
f 1696/783/5675 1381/202/5675 110/201/5675
f 3986/786/5676 109/208/5676 1381/202/5676
f 3986/786/5677 249/779/5677 1693/778/5677
f 245/787/5678 3987/789/5678 1698/790/5678
f 111/216/5679 3987/789/5679 1387/217/5679
f 3987/789/5680 110/201/5680 1387/217/5680
f 3987/789/5681 247/784/5681 1696/783/5681
f 243/791/5682 3988/793/5682 1700/794/5682
f 112/210/5683 3988/793/5683 1385/211/5683
f 1385/211/5684 1698/790/5684 111/216/5684
f 1701/792/5685 1698/790/5685 3988/793/5685
f 241/795/5686 3989/797/5686 1702/798/5686
f 113/222/5687 3989/797/5687 1390/223/5687
f 1390/223/5688 1700/794/5688 112/210/5688
f 1703/796/5689 1700/794/5689 3989/797/5689
f 239/799/5690 3990/801/5690 1704/803/5690
f 114/802/578 3990/801/578 1705/804/578
f 1705/804/579 1702/798/579 113/222/579
f 1706/800/580 1702/798/580 3990/801/580
f 237/805/5691 3991/807/5691 1707/809/5691
f 115/808/582 3991/807/582 1708/810/582
f 1708/810/5692 1704/803/5692 114/802/5692
f 1709/806/584 1704/803/584 3991/807/584
f 235/811/5693 3992/813/5693 1710/814/5693
f 116/242/5694 3992/813/5694 1711/815/5694
f 1711/815/5695 1707/809/5695 115/808/5695
f 1712/812/588 1707/809/588 3992/813/588
f 1713/816/5696 1714/818/5696 3993/819/5696
f 117/236/5697 3993/819/5697 1398/237/5697
f 1398/237/5698 1710/814/5698 116/242/5698
f 3993/819/5699 235/811/5699 1710/814/5699
f 231/820/5700 3994/822/5700 1715/823/5700
f 1715/823/5701 1716/824/5701 118/271/5701
f 3994/822/5702 117/236/5702 1716/824/5702
f 1717/821/5703 1713/816/5703 3994/822/5703
f 1718/825/597 1719/827/597 3995/828/597
f 1718/825/5704 1413/265/5704 119/264/5704
f 3995/828/5705 118/271/5705 1413/265/5705
f 3995/828/5706 231/820/5706 1715/823/5706
f 1720/829/601 1721/831/601 3996/832/601
f 1720/829/5707 1419/280/5707 120/279/5707
f 3996/832/603 119/264/603 1419/280/603
f 3996/832/5708 229/826/5708 1718/825/5708
f 1722/833/605 1723/835/605 3997/836/605
f 1722/833/606 1417/273/606 121/272/606
f 3997/836/607 120/279/607 1417/273/607
f 3997/836/5709 227/830/5709 1720/829/5709
f 1724/837/5710 1725/839/5710 3998/840/5710
f 1724/837/5711 1422/285/5711 122/284/5711
f 3998/840/5712 121/272/5712 1422/285/5712
f 3998/840/5713 225/834/5713 1722/833/5713
f 1726/841/5714 1728/843/5714 3999/844/5714
f 1726/841/5715 1727/845/5715 123/851/5715
f 3999/844/5716 122/284/5716 1727/845/5716
f 3999/844/5717 223/838/5717 1724/837/5717
f 219/846/5718 4000/848/5718 1729/850/5718
f 124/849/5719 4000/848/5719 1730/1201/5719
f 4000/848/5720 123/851/5720 1730/1201/5720
f 4000/848/5721 221/842/5721 1726/841/5721
f 217/852/5722 4001/854/5722 1732/855/5722
f 125/305/5723 4001/854/5723 1733/856/5723
f 1733/856/5724 1729/850/5724 124/849/5724
f 1734/853/5725 1729/850/5725 4001/854/5725
f 215/857/5726 4002/859/5726 1735/860/5726
f 126/299/5727 4002/859/5727 1430/300/5727
f 1430/300/5728 1732/855/5728 125/305/5728
f 1736/858/5729 1732/855/5729 4002/859/5729
f 213/861/629 4003/863/629 1737/864/629
f 127/331/5730 4003/863/5730 1738/865/5730
f 1738/865/631 1735/860/631 126/299/631
f 1739/862/5731 1735/860/5731 4003/863/5731
f 211/866/633 4004/868/633 1740/869/633
f 128/325/5732 4004/868/5732 1444/326/5732
f 1444/326/5733 1737/864/5733 127/331/5733
f 1741/867/5734 1737/864/5734 4004/868/5734
f 1742/870/5735 1744/872/5735 4005/873/5735
f 1742/870/638 1743/874/638 418/1830/638
f 4005/873/5736 132/875/5736 1743/874/5736
f 4005/873/640 206/876/640 1527/475/640
f 1745/877/641 1743/879/641 4006/880/641
f 1745/877/5737 1746/881/5737 419/1139/5737
f 4006/880/643 134/882/643 1746/881/643
f 4006/880/5738 132/883/5738 1598/595/5738
f 1747/884/645 1748/886/645 4007/887/645
f 1747/884/5739 1744/872/5739 467/871/5739
f 4007/887/5740 206/876/5740 1744/872/5740
f 4007/887/648 203/888/648 1531/482/648
f 53/889/5741 4008/891/5741 1749/892/5741
f 1749/892/5742 1680/751/5742 133/750/5742
f 4008/891/5743 208/744/5743 1680/751/5743
f 1751/890/5744 1750/893/5744 4008/891/5744
f 1752/894/653 1753/896/653 4009/897/653
f 1752/894/654 1748/886/654 465/885/654
f 4009/897/5745 203/888/5745 1748/886/5745
f 4009/897/5746 200/898/5746 1534/487/5746
f 204/899/657 4010/901/657 1754/903/657
f 207/902/658 4010/901/658 1755/904/658
f 1755/904/5747 1756/905/5747 468/1152/5747
f 1757/900/660 1756/905/660 4010/901/660
f 1758/907/5748 1759/909/5748 4011/910/5748
f 1758/907/5749 1753/896/5749 463/895/5749
f 4011/910/663 200/898/663 1753/896/663
f 4011/910/5750 197/911/5750 1537/492/5750
f 201/912/5751 4012/914/5751 1760/915/5751
f 204/899/5752 4012/914/5752 1757/900/5752
f 1757/900/5753 1761/916/5753 466/906/5753
f 1762/913/5754 1761/916/5754 4012/914/5754
f 1763/918/669 1764/920/669 4013/921/669
f 1763/918/5755 1759/909/5755 461/908/5755
f 4013/921/5756 197/911/5756 1759/909/5756
f 4013/921/5757 194/922/5757 1540/497/5757
f 198/923/5758 4014/925/5758 1765/926/5758
f 201/912/5759 4014/925/5759 1762/913/5759
f 1762/913/5760 1766/927/5760 464/917/5760
f 1767/924/5761 1766/927/5761 4014/925/5761
f 1768/929/5762 1769/931/5762 4015/932/5762
f 1768/929/678 1764/920/678 459/919/678
f 4015/932/5763 194/922/5763 1764/920/5763
f 4015/932/5764 191/933/5764 1543/502/5764
f 195/934/681 4016/936/681 1770/937/681
f 198/923/682 4016/936/682 1767/924/682
f 1767/924/5765 1771/938/5765 462/928/5765
f 1772/935/5766 1771/938/5766 4016/936/5766
f 1773/940/5767 1774/942/5767 4017/943/5767
f 1773/940/5768 1769/931/5768 457/930/5768
f 4017/943/5769 191/933/5769 1769/931/5769
f 4017/943/5770 188/944/5770 1546/507/5770
f 192/945/5771 4018/947/5771 1775/948/5771
f 195/934/690 4018/947/690 1772/935/690
f 1772/935/691 1776/949/691 460/939/691
f 1777/946/5772 1776/949/5772 4018/947/5772
f 1778/951/5773 1779/953/5773 4019/954/5773
f 1778/951/5774 1774/942/5774 455/941/5774
f 4019/954/5775 188/944/5775 1774/942/5775
f 4019/954/5776 185/955/5776 1549/512/5776
f 189/956/697 4020/958/697 1780/959/697
f 192/945/698 4020/958/698 1777/946/698
f 1777/946/5777 1781/960/5777 458/950/5777
f 1782/957/5778 1781/960/5778 4020/958/5778
f 1783/962/701 1784/964/701 4021/965/701
f 1783/962/5779 1779/953/5779 453/952/5779
f 4021/965/5780 185/955/5780 1779/953/5780
f 4021/965/5781 182/966/5781 1552/517/5781
f 186/967/705 4022/969/705 1785/970/705
f 189/956/706 4022/969/706 1782/957/706
f 1782/957/707 1786/971/707 456/961/707
f 1787/968/708 1786/971/708 4022/969/708
f 1788/973/5782 1789/975/5782 4023/976/5782
f 1788/973/5783 1784/964/5783 451/963/5783
f 4023/976/5784 182/966/5784 1784/964/5784
f 4023/976/5785 179/977/5785 1555/522/5785
f 183/978/713 4024/980/713 1790/981/713
f 186/967/714 4024/980/714 1787/968/714
f 1787/968/715 1791/982/715 454/972/715
f 1792/979/5786 1791/982/5786 4024/980/5786
f 1793/984/717 1794/986/717 4025/987/717
f 1793/984/718 1789/975/718 449/974/718
f 4025/987/5787 179/977/5787 1789/975/5787
f 4025/987/5788 176/988/5788 1558/527/5788
f 180/989/5789 4026/991/5789 1795/992/5789
f 183/978/5790 4026/991/5790 1792/979/5790
f 1792/979/723 1796/993/723 452/983/723
f 1797/990/5791 1796/993/5791 4026/991/5791
f 1798/995/5792 1799/997/5792 4027/998/5792
f 1798/995/5793 1794/986/5793 447/985/5793
f 4027/998/727 176/988/727 1794/986/727
f 4027/998/5794 173/999/5794 1561/532/5794
f 177/1000/729 4028/1002/729 1800/1003/729
f 180/989/730 4028/1002/730 1797/990/730
f 1797/990/731 1801/1004/731 450/994/731
f 1802/1001/5795 1801/1004/5795 4028/1002/5795
f 1803/1006/5796 1804/1008/5796 4029/1009/5796
f 1803/1006/5797 1799/997/5797 445/996/5797
f 4029/1009/5798 173/999/5798 1799/997/5798
f 4029/1009/5799 170/1010/5799 1564/537/5799
f 174/1011/737 4030/1013/737 1805/1014/737
f 177/1000/738 4030/1013/738 1802/1001/738
f 1802/1001/739 1806/1015/739 448/1005/739
f 1807/1012/740 1806/1015/740 4030/1013/740
f 1808/1017/5800 1809/1019/5800 4031/1020/5800
f 1808/1017/5801 1804/1008/5801 443/1007/5801
f 4031/1020/5802 170/1010/5802 1804/1008/5802
f 4031/1020/5803 167/1021/5803 1567/542/5803
f 171/1022/745 4032/1024/745 1810/1025/745
f 174/1011/746 4032/1024/746 1807/1012/746
f 1807/1012/747 1811/1026/747 446/1016/747
f 1812/1023/5804 1811/1026/5804 4032/1024/5804
f 1813/1028/5805 1814/1030/5805 4033/1031/5805
f 1813/1028/5806 1809/1019/5806 441/1018/5806
f 4033/1031/5807 167/1021/5807 1809/1019/5807
f 4033/1031/752 164/1032/752 1570/547/752
f 168/1033/753 4034/1035/753 1815/1036/753
f 171/1022/754 4034/1035/754 1812/1023/754
f 1812/1023/5808 1816/1037/5808 444/1027/5808
f 1817/1034/756 1816/1037/756 4034/1035/756
f 1818/1039/757 1819/1041/757 4035/1042/757
f 1818/1039/758 1814/1030/758 439/1029/758
f 4035/1042/5809 164/1032/5809 1814/1030/5809
f 4035/1042/5810 161/1043/5810 1573/552/5810
f 165/1044/761 4036/1046/761 1820/1047/761
f 168/1033/762 4036/1046/762 1817/1034/762
f 1817/1034/763 1821/1048/763 442/1038/763
f 1822/1045/764 1821/1048/764 4036/1046/764
f 1823/1050/5811 1824/1052/5811 4037/1053/5811
f 1823/1050/5812 1819/1041/5812 437/1040/5812
f 4037/1053/5813 161/1043/5813 1819/1041/5813
f 4037/1053/5814 158/1054/5814 1576/557/5814
f 162/1055/769 4038/1057/769 1825/1058/769
f 165/1044/770 4038/1057/770 1822/1045/770
f 1822/1045/771 1826/1059/771 440/1049/771
f 1827/1056/5815 1826/1059/5815 4038/1057/5815
f 1828/1061/5816 1829/1063/5816 4039/1064/5816
f 1828/1061/774 1824/1052/774 435/1051/774
f 4039/1064/5817 158/1054/5817 1824/1052/5817
f 4039/1064/5818 155/1065/5818 1579/562/5818
f 159/1066/5819 4040/1068/5819 1830/1069/5819
f 162/1055/5820 4040/1068/5820 1827/1056/5820
f 1827/1056/5821 1831/1070/5821 438/1060/5821
f 1832/1067/5822 1831/1070/5822 4040/1068/5822
f 1833/1072/5823 1834/1074/5823 4041/1075/5823
f 1833/1072/5824 1829/1063/5824 433/1062/5824
f 4041/1075/5825 155/1065/5825 1829/1063/5825
f 4041/1075/5826 152/1076/5826 1582/567/5826
f 156/1077/785 4042/1079/785 1835/1080/785
f 159/1066/786 4042/1079/786 1832/1067/786
f 1832/1067/787 1836/1081/787 436/1071/787
f 1837/1078/788 1836/1081/788 4042/1079/788
f 1838/1083/5827 1839/1085/5827 4043/1086/5827
f 1838/1083/5828 1834/1074/5828 431/1073/5828
f 4043/1086/5829 152/1076/5829 1834/1074/5829
f 4043/1086/5830 149/1087/5830 1585/572/5830
f 153/1088/793 4044/1090/793 1840/1091/793
f 156/1077/794 4044/1090/794 1837/1078/794
f 1837/1078/795 1841/1092/795 434/1082/795
f 1842/1089/796 1841/1092/796 4044/1090/796
f 1843/1094/797 1844/1096/797 4045/1097/797
f 1843/1094/5831 1839/1085/5831 429/1084/5831
f 4045/1097/5832 149/1087/5832 1839/1085/5832
f 4045/1097/5833 146/1098/5833 1588/577/5833
f 150/1099/801 4046/1101/801 1845/1102/801
f 153/1088/802 4046/1101/802 1842/1089/802
f 1842/1089/5834 1846/1103/5834 432/1093/5834
f 1847/1100/5835 1846/1103/5835 4046/1101/5835
f 1848/1105/5836 1849/1107/5836 4047/1108/5836
f 1848/1105/806 1844/1096/806 427/1095/806
f 4047/1108/5837 146/1098/5837 1844/1096/5837
f 4047/1108/5838 143/1109/5838 1591/582/5838
f 147/1110/809 4048/1112/809 1850/1113/809
f 150/1099/5839 4048/1112/5839 1847/1100/5839
f 1847/1100/5840 1851/1114/5840 430/1104/5840
f 1852/1111/812 1851/1114/812 4048/1112/812
f 1853/1116/5841 1854/1118/5841 4049/1119/5841
f 1853/1116/5842 1849/1107/5842 425/1106/5842
f 4049/1119/5843 143/1109/5843 1849/1107/5843
f 4049/1119/816 140/1120/816 1594/587/816
f 144/1121/817 4050/1123/817 1855/1124/817
f 147/1110/818 4050/1123/818 1852/1111/818
f 1852/1111/5844 1856/1125/5844 428/1115/5844
f 1857/1122/820 1856/1125/820 4050/1123/820
f 1858/1127/821 1859/1129/821 4051/1130/821
f 1858/1127/822 1854/1118/822 423/1117/822
f 4051/1130/5845 140/1120/5845 1854/1118/5845
f 4051/1130/5846 137/1131/5846 1596/590/5846
f 141/1132/825 4052/1134/825 1860/1135/825
f 144/1121/5847 4052/1134/5847 1857/1122/5847
f 1857/1122/5848 1861/1136/5848 426/1126/5848
f 1862/1133/828 1861/1136/828 4052/1134/828
f 1863/1138/5849 1746/881/5849 4053/1140/5849
f 1863/1138/830 1859/1129/830 421/1128/830
f 4053/1140/831 137/1131/831 1859/1129/831
f 4053/1140/5850 134/882/5850 1523/468/5850
f 138/1141/5851 4054/1143/5851 1864/1144/5851
f 141/1132/834 4054/1143/834 1862/1133/834
f 1862/1133/835 1865/1145/835 424/1137/835
f 1866/1142/5852 1865/1145/5852 4054/1143/5852
f 207/902/5853 4055/1147/5853 1867/1149/5853
f 131/1148/5854 4055/1147/5854 1868/1150/5854
f 1868/1150/5855 1869/1151/5855 417/1834/5855
f 1755/904/5856 1869/1151/5856 4055/1147/5856
f 135/1153/841 4056/1155/841 1870/1156/841
f 138/1141/842 4056/1155/842 1866/1142/842
f 1866/1142/843 1871/1157/843 422/1146/843
f 1872/1154/5857 1871/1157/5857 4056/1155/5857
f 131/1159/5858 4057/1161/5858 1873/1162/5858
f 1873/1162/5859 1874/1163/5859 260/1267/5859
f 4057/1161/5860 210/1165/5860 1874/1163/5860
f 1876/1160/5861 1875/1164/5861 4057/1161/5861
f 1684/1166/5862 1879/1168/5862 4058/1170/5862
f 130/1169/5863 4058/1170/5863 1877/1171/5863
f 1877/1171/5864 1878/1172/5864 129/333/5864
f 4058/1170/5865 209/1173/5865 1878/1172/5865
f 1880/1174/5866 1883/1176/5866 4059/1178/5866
f 78/1177/5867 4059/1178/5867 1881/1961/5867
f 4059/1178/5868 53/1180/5868 1881/1961/5868
f 1883/1176/5869 1882/1179/5869 4059/1178/5869
f 107/179/5870 4060/1182/5870 1365/177/5870
f 1365/177/5871 1884/1183/5871 337/178/5871
f 4060/1182/859 292/1184/859 1884/1183/859
f 1689/773/860 1359/167/860 4060/1182/860
f 1436/316/5872 1887/1185/5872 4061/1186/5872
f 57/317/5873 4061/1186/5873 1885/1898/5873
f 4061/1186/5874 58/1188/5874 1885/1898/5874
f 1887/1185/5875 1886/1187/5875 4061/1186/5875
f 1443/330/865 1738/865/865 4062/1191/865
f 313/1190/866 4062/1191/866 1888/1192/866
f 1888/1192/867 1427/298/867 286/301/867
f 4062/1191/5876 126/299/5876 1427/298/5876
f 1886/1187/5877 1890/1193/5877 4063/1194/5877
f 58/1188/5878 4063/1194/5878 1889/1901/5878
f 4063/1194/5879 59/293/5879 1889/1901/5879
f 1890/1193/5880 1423/290/5880 4063/1194/5880
f 1425/295/873 1893/1195/873 4064/1196/873
f 60/296/5881 4064/1196/5881 1891/1907/5882
f 4064/1196/5883 61/1198/5883 1891/1907/5884
f 1893/1195/5885 1892/1197/5885 4064/1196/5885
f 1894/1200/5886 1730/1201/5886 4065/1203/5886
f 310/1202/5887 4065/1203/5887 1895/5513/5887
f 4065/1203/5888 283/1205/5888 1895/5513/5888
f 1730/1201/5889 1896/1204/5889 4065/1203/5889
f 1429/304/881 1733/856/881 4066/1207/881
f 319/1206/882 4066/1207/882 1897/1208/882
f 1897/1208/883 1894/1200/883 310/1202/883
f 4066/1207/5890 124/849/5890 1894/1200/5890
f 123/851/5891 4067/1209/5891 1896/1204/5891
f 1896/1204/886 1898/1210/886 283/1205/886
f 4067/1209/5892 322/1211/5892 1898/1210/5892
f 1727/845/5893 1420/287/5893 4067/1209/5893
f 1408/261/889 1900/1212/889 4068/1213/889
f 63/262/5894 4068/1213/5894 1899/1916/5894
f 4068/1213/891 64/246/891 1899/1916/891
f 1900/1212/5895 1399/243/5895 4068/1213/5895
f 1892/1197/893 1902/1214/893 4069/1215/893
f 61/1198/5896 4069/1215/5896 1901/1910/5896
f 4069/1215/5897 62/259/5897 1901/1910/5897
f 1902/1214/5898 1406/256/5898 4069/1215/5898
f 1404/253/897 1905/1216/897 4070/1217/897
f 66/254/5899 4070/1217/5899 1903/1925/5899
f 4070/1217/5900 67/1219/5900 1903/1925/5900
f 1905/1216/5901 1904/1218/5901 4070/1217/5901
f 118/271/5902 4071/1221/5902 1412/269/5902
f 1412/269/5903 1906/1222/5903 304/270/5903
f 4071/1221/5904 277/238/5904 1906/1222/5904
f 1716/824/5905 1395/235/5905 4071/1221/5905
f 1904/1218/5906 1908/1223/5906 4072/1224/5906
f 67/1219/5907 4072/1224/5907 1907/1928/5907
f 4072/1224/5908 68/230/5908 1907/1928/5908
f 1908/1223/5909 1391/227/5909 4072/1224/5909
f 1393/232/5910 1911/1225/5910 4073/1226/5910
f 69/233/910 4073/1226/910 1909/1934/910
f 4073/1226/5911 70/1228/5911 1909/1934/5911
f 1911/1225/5912 1910/1227/5912 4073/1226/5912
f 1912/1230/913 1708/810/913 4074/1232/913
f 301/1231/5913 4074/1232/5913 1913/1233/5913
f 1913/1233/5914 1914/1234/5914 274/1238/5914
f 4074/1232/5915 114/802/5915 1914/1234/5915
f 1397/241/5916 1711/815/5916 4075/1236/5916
f 328/1235/5917 4075/1236/5917 1915/1237/5917
f 1915/1237/5918 1912/1230/5918 301/1231/5918
f 4075/1236/5919 115/808/5919 1912/1230/5919
f 1914/1234/921 1705/804/921 4076/1239/921
f 274/1238/5920 4076/1239/5920 1916/1240/5920
f 1916/1240/5921 1388/221/5921 331/224/5921
f 4076/1239/5922 113/222/5922 1388/221/5922
f 1376/198/5923 1918/1241/5923 4077/1242/5923
f 72/199/5924 4077/1242/5924 1917/1943/5924
f 4077/1242/5925 73/183/5925 1917/1943/5925
f 1918/1241/5926 1367/180/5926 4077/1242/5926
f 1910/1227/5927 1920/1243/5927 4078/1244/5927
f 70/1228/5928 4078/1244/5928 1919/1937/5928
f 4078/1244/931 71/196/931 1919/1937/931
f 1920/1243/932 1374/193/932 4078/1244/932
f 1372/190/5929 1923/1245/5929 4079/1246/5929
f 75/191/5930 4079/1246/5930 1921/1952/5930
f 4079/1246/935 76/1248/935 1921/1952/935
f 1923/1245/5931 1922/1247/5931 4079/1246/5931
f 109/208/937 4080/1250/937 1380/206/937
f 1380/206/5932 1924/1251/5932 295/207/5932
f 4080/1250/5933 268/1252/5933 1924/1251/5933
f 1694/782/5934 1363/175/5934 4080/1250/5934
f 1922/1247/5935 1927/1253/5935 4081/1254/5935
f 76/1248/5936 4081/1254/5936 1925/1955/5936
f 4081/1254/5937 77/1256/5937 1925/1955/5937
f 1927/1253/944 1926/1255/944 4081/1254/944
f 1926/1255/5938 1929/1258/5938 4082/1259/5938
f 77/1256/5939 4082/1259/5939 1928/1958/5939
f 4082/1259/947 78/1177/947 1928/1958/947
f 1929/1258/948 1880/1174/948 4082/1259/948
f 1449/1260/5940 1877/1171/5940 4083/1262/5940
f 261/1261/5941 4083/1262/5941 1930/1263/5941
f 1930/1263/5942 1445/332/5942 289/335/5942
f 4083/1262/5943 129/333/5943 1445/332/5943
f 1879/1168/5944 1932/1264/5944 4084/1265/5944
f 209/1173/5945 4084/1265/5945 1931/1266/5945
f 1931/1266/5946 1874/1163/5946 210/1165/5946
f 4084/1265/5947 260/1267/5947 1874/1163/5947
f 135/1153/5948 4085/1268/5948 1875/1164/5948
f 1875/1164/5949 1933/1269/5949 210/1165/5949
f 4085/1268/5950 212/1271/5950 1933/1269/5950
f 1870/1156/5951 1934/1270/5951 4085/1268/5951
f 1935/1272/5952 1931/1266/5952 4086/1273/5952
f 211/866/5953 4086/1273/5953 1936/1274/5953
f 1936/1274/5954 1933/1269/5954 212/1271/5954
f 4086/1273/5955 210/1165/5955 1933/1269/5955
f 138/1141/965 4087/1275/965 1934/1270/965
f 1934/1270/5956 1937/1276/5956 212/1271/5956
f 4087/1275/5957 214/1278/5957 1937/1276/5957
f 1864/1144/968 1938/1277/968 4087/1275/968
f 1741/867/5958 1936/1274/5958 4088/1279/5958
f 213/861/5959 4088/1279/5959 1939/1280/5959
f 1939/1280/5960 1937/1276/5960 214/1278/5960
f 4088/1279/5961 212/1271/5961 1937/1276/5961
f 141/1132/5962 4089/1281/5962 1938/1277/5962
f 1938/1277/5963 1940/1282/5963 214/1278/5963
f 4089/1281/5964 216/1284/5964 1940/1282/5964
f 1860/1135/976 1941/1283/976 4089/1281/976
f 1739/862/977 1939/1280/977 4090/1285/977
f 215/857/5965 4090/1285/5965 1942/1286/5965
f 1942/1286/979 1940/1282/979 216/1284/979
f 4090/1285/5966 214/1278/5966 1940/1282/5966
f 144/1121/5967 4091/1287/5967 1941/1283/5967
f 1941/1283/982 1943/1288/982 216/1284/982
f 4091/1287/5968 218/1290/5968 1943/1288/5968
f 1855/1124/5969 1944/1289/5969 4091/1287/5969
f 1736/858/5970 1942/1286/5970 4092/1291/5970
f 217/852/5971 4092/1291/5971 1945/1292/5971
f 1945/1292/5972 1943/1288/5972 218/1290/5972
f 4092/1291/5973 216/1284/5973 1943/1288/5973
f 147/1110/5974 4093/1293/5974 1944/1289/5974
f 1944/1289/990 1946/1294/990 218/1290/990
f 4093/1293/5975 220/1296/5975 1946/1294/5975
f 1850/1113/992 1947/1295/992 4093/1293/992
f 1734/853/5976 1945/1292/5976 4094/1297/5976
f 219/846/5977 4094/1297/5977 1948/1298/5977
f 1948/1298/5978 1946/1294/5978 220/1296/5978
f 4094/1297/5979 218/1290/5979 1946/1294/5979
f 150/1099/997 4095/1299/997 1947/1295/997
f 1947/1295/998 1949/1300/998 220/1296/998
f 1949/1300/999 1950/1301/999 222/1304/999
f 4095/1299/1000 153/1088/1000 1950/1301/1000
f 1731/847/5980 1948/1298/5980 4096/1302/5980
f 1731/847/5981 1951/1303/5981 221/842/5981
f 4096/1302/1003 222/1304/1003 1951/1303/1003
f 4096/1302/1004 220/1296/1004 1949/1300/1004
f 1950/1301/1005 1840/1091/1005 4097/1305/1005
f 222/1304/5982 4097/1305/5982 1952/1306/5982
f 1952/1306/1007 1953/1307/1007 224/1310/1007
f 4097/1305/5983 156/1077/5983 1953/1307/5983
f 221/842/1009 4098/1308/1009 1728/843/1009
f 1728/843/5984 1954/1309/5984 223/838/5984
f 4098/1308/5985 224/1310/5985 1954/1309/5985
f 1951/1303/5986 1952/1306/5986 4098/1308/5986
f 1953/1307/5987 1835/1080/5987 4099/1311/5987
f 224/1310/5988 4099/1311/5988 1955/1312/5988
f 1955/1312/1015 1956/1313/1015 226/1316/1015
f 4099/1311/1016 159/1066/1016 1956/1313/1016
f 223/838/5989 4100/1314/5989 1725/839/5989
f 1725/839/1018 1957/1315/1018 225/834/1018
f 4100/1314/5990 226/1316/5990 1957/1315/5990
f 1954/1309/5991 1955/1312/5991 4100/1314/5991
f 1956/1313/1021 1830/1069/1021 4101/1317/1021
f 226/1316/1022 4101/1317/1022 1958/1318/1022
f 1958/1318/5992 1959/1319/5992 228/1322/5992
f 4101/1317/5993 162/1055/5993 1959/1319/5993
f 225/834/5994 4102/1320/5994 1723/835/5994
f 1723/835/5995 1960/1321/5995 227/830/5995
f 4102/1320/5996 228/1322/5996 1960/1321/5996
f 1957/1315/1028 1958/1318/1028 4102/1320/1028
f 1959/1319/5997 1825/1058/5997 4103/1323/5997
f 228/1322/1030 4103/1323/1030 1961/1324/1030
f 1961/1324/1031 1962/1325/1031 230/1328/1031
f 4103/1323/1032 165/1044/1032 1962/1325/1032
f 227/830/5998 4104/1326/5998 1721/831/5998
f 1721/831/1034 1963/1327/1034 229/826/1034
f 4104/1326/5999 230/1328/5999 1963/1327/5999
f 1960/1321/1036 1961/1324/1036 4104/1326/1036
f 1962/1325/6000 1820/1047/6000 4105/1329/6000
f 230/1328/6001 4105/1329/6001 1964/1330/6001
f 1964/1330/6002 1965/1331/6002 232/1334/6002
f 4105/1329/6003 168/1033/6003 1965/1331/6003
f 229/826/6004 4106/1332/6004 1719/827/6004
f 1719/827/6005 1966/1333/6005 231/820/6005
f 4106/1332/6006 232/1334/6006 1966/1333/6006
f 1963/1327/6007 1964/1330/6007 4106/1332/6007
f 1965/1331/6008 1815/1036/6008 4107/1335/6008
f 232/1334/6009 4107/1335/6009 1967/1336/6009
f 1967/1336/6010 1968/1337/6010 234/1340/6010
f 4107/1335/1048 171/1022/1048 1968/1337/1048
f 231/820/6011 4108/1338/6011 1717/821/6011
f 1717/821/6012 1969/1339/6012 233/817/6012
f 4108/1338/6013 234/1340/6013 1969/1339/6013
f 1966/1333/6014 1967/1336/6014 4108/1338/6014
f 171/1022/1053 4109/1341/1053 1968/1337/1053
f 1968/1337/6015 1970/1342/6015 234/1340/6015
f 4109/1341/6016 236/1344/6016 1970/1342/6016
f 1810/1025/6017 1971/1343/6017 4109/1341/6017
f 1714/818/6018 1969/1339/6018 4110/1345/6018
f 235/811/6019 4110/1345/6019 1972/1346/6019
f 1972/1346/6020 1970/1342/6020 236/1344/6020
f 4110/1345/6021 234/1340/6021 1970/1342/6021
f 174/1011/6022 4111/1347/6022 1971/1343/6022
f 1971/1343/6023 1973/1348/6023 236/1344/6023
f 4111/1347/6024 238/1350/6024 1973/1348/6024
f 1805/1014/6025 1974/1349/6025 4111/1347/6025
f 1712/812/6026 1972/1346/6026 4112/1351/6026
f 237/805/6027 4112/1351/6027 1975/1352/6027
f 1975/1352/6028 1973/1348/6028 238/1350/6028
f 4112/1351/6029 236/1344/6029 1973/1348/6029
f 177/1000/1069 4113/1353/1069 1974/1349/1069
f 1974/1349/1070 1976/1354/1070 238/1350/1070
f 4113/1353/1071 240/1356/1071 1976/1354/1071
f 1800/1003/6030 1977/1355/6030 4113/1353/6030
f 1709/806/1073 1975/1352/1073 4114/1357/1073
f 239/799/6031 4114/1357/6031 1978/1358/6031
f 1978/1358/1075 1976/1354/1075 240/1356/1075
f 4114/1357/6032 238/1350/6032 1976/1354/6032
f 180/989/6033 4115/1359/6033 1977/1355/6033
f 1977/1355/6034 1979/1360/6034 240/1356/6034
f 4115/1359/1079 242/1362/1079 1979/1360/1079
f 1795/992/1080 1980/1361/1080 4115/1359/1080
f 1706/800/6035 1978/1358/6035 4116/1363/6035
f 241/795/6036 4116/1363/6036 1981/1364/6036
f 1981/1364/1083 1979/1360/1083 242/1362/1083
f 4116/1363/6037 240/1356/6037 1979/1360/6037
f 183/978/1085 4117/1365/1085 1980/1361/1085
f 1980/1361/1086 1982/1366/1086 242/1362/1086
f 4117/1365/6038 244/1368/6038 1982/1366/6038
f 1790/981/6039 1983/1367/6039 4117/1365/6039
f 1703/796/1089 1981/1364/1089 4118/1369/1089
f 243/791/6040 4118/1369/6040 1984/1370/6040
f 1984/1370/6041 1982/1366/6041 244/1368/6041
f 4118/1369/6042 242/1362/6042 1982/1366/6042
f 186/967/6043 4119/1371/6043 1983/1367/6043
f 1983/1367/1094 1985/1372/1094 244/1368/1094
f 4119/1371/6044 246/1374/6044 1985/1372/6044
f 1785/970/1096 1986/1373/1096 4119/1371/1096
f 1701/792/6045 1984/1370/6045 4120/1375/6045
f 245/787/1098 4120/1375/1098 1987/1376/1098
f 1987/1376/6046 1985/1372/6046 246/1374/6046
f 4120/1375/6047 244/1368/6047 1985/1372/6047
f 189/956/1101 4121/1377/1101 1986/1373/1101
f 1986/1373/1102 1988/1378/1102 246/1374/1102
f 1988/1378/1103 1989/1379/1103 248/1382/1103
f 4121/1377/1104 192/945/1104 1989/1379/1104
f 1699/788/6048 1987/1376/6048 4122/1380/6048
f 1699/788/6049 1990/1381/6049 247/784/6049
f 4122/1380/1107 248/1382/1107 1990/1381/1107
f 4122/1380/1108 246/1374/1108 1988/1378/1108
f 1989/1379/1109 1775/948/1109 4123/1383/1109
f 248/1382/6050 4123/1383/6050 1991/1384/6050
f 1991/1384/1111 1992/1385/1111 250/1388/1111
f 4123/1383/6051 195/934/6051 1992/1385/6051
f 247/784/6052 4124/1386/6052 1697/785/6052
f 1697/785/6053 1993/1387/6053 249/779/6053
f 4124/1386/6054 250/1388/6054 1993/1387/6054
f 1990/1381/6055 1991/1384/6055 4124/1386/6055
f 1992/1385/6056 1770/937/6056 4125/1389/6056
f 250/1388/6057 4125/1389/6057 1994/1390/6057
f 1994/1390/1119 1995/1391/1119 252/1394/1119
f 4125/1389/6058 198/923/6058 1995/1391/6058
f 249/779/6059 4126/1392/6059 1695/780/6059
f 1695/780/6060 1996/1393/6060 251/775/6060
f 4126/1392/6061 252/1394/6061 1996/1393/6061
f 1993/1387/6062 1994/1390/6062 4126/1392/6062
f 1995/1391/1125 1765/926/1125 4127/1395/1125
f 252/1394/6063 4127/1395/6063 1997/1396/6063
f 1997/1396/6064 1998/1397/6064 254/1400/6064
f 4127/1395/6065 201/912/6065 1998/1397/6065
f 251/775/6066 4128/1398/6066 1692/776/6066
f 1692/776/1130 1999/1399/1130 253/770/1130
f 4128/1398/6067 254/1400/6067 1999/1399/6067
f 1996/1393/1132 1997/1396/1132 4128/1398/1132
f 1998/1397/1133 1760/915/1133 4129/1401/1133
f 254/1400/6068 4129/1401/6068 2000/1402/6068
f 2000/1402/6069 2001/1403/6069 256/1406/6069
f 4129/1401/1136 204/899/1136 2001/1403/1136
f 253/770/6070 4130/1404/6070 1690/771/6070
f 1690/771/6071 2002/1405/6071 255/766/6071
f 4130/1404/6072 256/1406/6072 2002/1405/6072
f 1999/1399/6073 2000/1402/6073 4130/1404/6073
f 2001/1403/6074 1754/903/6074 4131/1407/6074
f 256/1406/6075 4131/1407/6075 2003/1408/6075
f 2003/1408/6076 2004/1409/6076 258/1412/6076
f 4131/1407/6077 207/902/6077 2004/1409/6077
f 255/766/6078 4132/1410/6078 1687/767/6078
f 1687/767/6079 2005/1411/6079 257/759/6079
f 4132/1410/6080 258/1412/6080 2005/1411/6080
f 2002/1405/6081 2003/1408/6081 4132/1410/6081
f 2004/1409/6082 1867/1149/6082 4133/1413/6082
f 258/1412/6083 4133/1413/6083 2006/1414/6083
f 2006/1414/6084 1873/1415/6084 260/1418/6084
f 4133/1413/6085 131/1148/6085 1873/1415/6085
f 257/759/6086 4134/1416/6086 1685/760/6086
f 1685/760/6087 1932/1417/6087 259/764/6087
f 4134/1416/6088 260/1418/6088 1932/1417/6088
f 2005/1411/6089 2006/1414/6089 4134/1416/6089
f 209/1173/6090 4135/1419/6090 1878/1172/6090
f 129/333/6091 4135/1419/6091 1447/334/6091
f 1447/334/6092 1740/869/6092 128/325/6092
f 1935/1272/6093 1740/869/6093 4135/1419/6093
f 262/1420/6094 4136/1422/6094 2007/1423/6094
f 288/320/6095 4136/1422/6095 2008/1424/6095
f 2008/1424/6096 2009/1425/6096 290/1436/6096
f 2010/1421/6097 2009/1425/6097 4136/1422/6097
f 263/1426/6098 4137/1428/6098 2009/1425/6098
f 2009/1425/6099 2011/1429/6099 290/1436/6099
f 4137/1428/6100 289/1431/6100 2011/1429/6100
f 2012/1427/6101 1930/1430/6101 4137/1428/6101
f 288/320/1169 4138/1433/1169 1440/321/1169
f 315/307/6102 4138/1433/6102 2013/1434/6102
f 2013/1434/6103 2014/1435/6103 317/1444/6103
f 2008/1424/6104 2014/1435/6104 4138/1433/6104
f 290/1436/1173 4139/1437/1173 2014/1435/1173
f 2014/1435/6105 2015/1438/6105 317/1444/6105
f 4139/1437/1175 316/1440/1175 2015/1438/1175
f 2011/1429/6106 1446/1439/6106 4139/1437/6106
f 315/307/1177 4140/1441/1177 1434/308/1177
f 312/313/6107 4140/1441/6107 2016/1442/6107
f 2016/1442/1179 2017/1443/1179 314/1452/1179
f 2013/1434/6108 2017/1443/6108 4140/1441/6108
f 317/1444/6109 4141/1445/6109 2017/1443/6109
f 2017/1443/1182 2018/1446/1182 314/1452/1182
f 4141/1445/6110 313/1448/6110 2018/1446/6110
f 2015/1438/6111 1442/1447/6111 4141/1445/6111
f 312/313/6112 4142/1449/6112 1437/314/6112
f 285/318/6113 4142/1449/6113 2019/1450/6113
f 2019/1450/6114 2020/1451/6114 287/1460/6114
f 2016/1442/1188 2020/1451/1188 4142/1449/1188
f 314/1452/6115 4143/1453/6115 2020/1451/6115
f 2020/1451/6116 2021/1454/6116 287/1460/6116
f 4143/1453/6117 286/1456/6117 2021/1454/6117
f 2018/1446/1192 1888/1455/1192 4143/1453/1192
f 285/318/6118 4144/1457/6118 1887/1185/6118
f 318/1189/1194 4144/1457/1194 2022/1458/1194
f 2022/1458/1195 2023/1459/1195 320/1468/1195
f 2019/1450/6119 2023/1459/6119 4144/1457/6119
f 287/1460/6120 4145/1461/6120 2023/1459/6120
f 2023/1459/6121 2024/1462/6121 320/1468/6121
f 4145/1461/6122 319/1464/6122 2024/1462/6122
f 2021/1454/1200 1428/1463/1200 4145/1461/1200
f 318/1189/6123 4146/1465/6123 1890/1193/6123
f 309/291/6124 4146/1465/6124 2025/1466/6124
f 2025/1466/6125 2026/1467/6125 311/1476/6125
f 2022/1458/6126 2026/1467/6126 4146/1465/6126
f 320/1468/1205 4147/1469/1205 2026/1467/1205
f 2026/1467/6127 2027/1470/6127 311/1476/6127
f 4147/1469/6128 310/1472/6128 2027/1470/6128
f 2024/1462/6129 1897/1471/6129 4147/1469/6129
f 309/291/6130 4148/1473/6130 1426/292/6130
f 282/297/6131 4148/1473/6131 2028/1474/6131
f 2028/1474/6132 2029/1475/6132 284/1478/6132
f 2025/1466/6133 2029/1475/6133 4148/1473/6133
f 311/1476/6134 4149/1477/6134 2029/1475/6134
f 284/1478/6135 4149/1477/6135 2030/1479/6135
f 2030/1479/6136 1895/1480/6136 283/1488/6136
f 2027/1470/6137 1895/1480/6137 4149/1477/6137
f 282/297/6138 4150/1481/6138 1893/1195/6138
f 321/1199/6139 4150/1481/6139 2031/1482/6139
f 2031/1482/6140 2032/1483/6140 323/1484/6140
f 2028/1474/6141 2032/1483/6141 4150/1481/6141
f 2032/1483/6142 2030/1479/6142 4151/1485/6142
f 323/1484/6143 4151/1485/6143 2033/1486/6143
f 2033/1486/6144 1898/1487/6144 322/1496/6144
f 4151/1485/6145 283/1488/6145 1898/1487/6145
f 321/1199/1225 4152/1489/1225 1902/1214/1225
f 306/257/6146 4152/1489/6146 2034/1490/6146
f 2034/1490/1227 2035/1491/1227 308/1492/1227
f 2031/1482/6147 2035/1491/6147 4152/1489/6147
f 2035/1491/1229 2033/1486/1229 4153/1493/1229
f 308/1492/1230 4153/1493/1230 2036/1494/1230
f 2036/1494/6148 1421/1495/6148 307/1504/6148
f 4153/1493/6149 322/1496/6149 1421/1495/6149
f 306/257/6150 4154/1497/6150 1409/258/6150
f 279/263/6151 4154/1497/6151 2037/1498/6151
f 2037/1498/6152 2038/1499/6152 281/1500/6152
f 2034/1490/6153 2038/1499/6153 4154/1497/6153
f 2038/1499/6154 2036/1494/6154 4155/1501/6154
f 281/1500/6155 4155/1501/6155 2039/1502/6155
f 2039/1502/1239 1415/1503/1239 280/1512/1239
f 4155/1501/1240 307/1504/1240 1415/1503/1240
f 279/263/1241 4156/1505/1241 1900/1212/1241
f 324/244/1242 4156/1505/1242 2040/1506/1242
f 2040/1506/1243 2041/1507/1243 326/1508/1243
f 2037/1498/1244 2041/1507/1244 4156/1505/1244
f 2041/1507/6156 2039/1502/6156 4157/1509/6156
f 326/1508/6157 4157/1509/6157 2042/1510/6157
f 2042/1510/6158 1418/1511/6158 325/1520/6158
f 4157/1509/6159 280/1512/6159 1418/1511/6159
f 324/244/6160 4158/1513/6160 1402/245/6160
f 303/250/6161 4158/1513/6161 2043/1514/6161
f 2043/1514/6162 2044/1515/6162 305/1516/6162
f 2040/1506/6163 2044/1515/6163 4158/1513/6163
f 2044/1515/1253 2042/1510/1253 4159/1517/1253
f 305/1516/6164 4159/1517/6164 2045/1518/6164
f 2045/1518/6165 1411/1519/6165 304/1528/6165
f 4159/1517/6166 325/1520/6166 1411/1519/6166
f 303/250/6167 4160/1521/6167 1405/251/6168
f 276/255/6169 4160/1521/6169 2046/1522/6169
f 2046/1522/6170 2047/1523/6170 278/1524/6170
f 2043/1514/6171 2047/1523/6171 4160/1521/6171
f 2047/1523/1262 2045/1518/1262 4161/1525/1262
f 278/1524/6172 4161/1525/6172 2048/1526/6172
f 2048/1526/6173 1906/1527/6173 277/1536/6173
f 4161/1525/6174 304/1528/6174 1906/1527/6174
f 276/255/6175 4162/1529/6175 1905/1216/6175
f 327/1220/6176 4162/1529/6176 2049/1530/6176
f 2049/1530/6177 2050/1531/6177 329/1540/6177
f 2046/1522/6178 2050/1531/6178 4162/1529/6178
f 278/1524/6179 4163/1532/6179 2050/1531/6179
f 2050/1531/1271 2051/1533/1271 329/1540/1271
f 4163/1532/6180 328/1535/6180 2051/1533/6180
f 2048/1526/6181 1396/1534/6181 4163/1532/6181
f 327/1220/6182 4164/1537/6182 1908/1223/6182
f 300/228/6183 4164/1537/6183 2052/1538/6183
f 2052/1538/6184 2053/1539/6184 302/1548/6184
f 2049/1530/6185 2053/1539/6185 4164/1537/6185
f 329/1540/6186 4165/1541/6186 2053/1539/6186
f 2053/1539/1279 2054/1542/1279 302/1548/1279
f 4165/1541/6187 301/1544/6187 2054/1542/6187
f 2051/1533/6188 1915/1543/6188 4165/1541/6188
f 300/228/6189 4166/1545/6189 1394/229/6189
f 273/234/6190 4166/1545/6190 2055/1546/6190
f 2055/1546/1284 2056/1547/1284 275/1556/1284
f 2052/1538/1285 2056/1547/1285 4166/1545/1285
f 302/1548/6191 4167/1549/6191 2056/1547/6191
f 2056/1547/6192 2057/1550/6192 275/1556/6192
f 4167/1549/6193 274/1552/6193 2057/1550/6193
f 2054/1542/6194 1913/1551/6194 4167/1549/6194
f 273/234/6195 4168/1553/6195 1911/1225/6195
f 330/1229/6196 4168/1553/6196 2058/1554/6196
f 2058/1554/6197 2059/1555/6197 332/1564/6197
f 2055/1546/6198 2059/1555/6198 4168/1553/6198
f 275/1556/6199 4169/1557/6199 2059/1555/6199
f 2059/1555/6200 2060/1558/6200 332/1564/6200
f 4169/1557/1296 331/1560/1296 2060/1558/1296
f 2057/1550/1297 1916/1559/1297 4169/1557/1297
f 330/1229/6201 4170/1561/6201 1920/1243/6201
f 297/194/1299 4170/1561/1299 2061/1562/1299
f 2061/1562/6202 2062/1563/6202 299/1572/6202
f 2058/1554/1301 2062/1563/1301 4170/1561/1301
f 332/1564/1302 4171/1565/1302 2062/1563/1302
f 2062/1563/1303 2063/1566/1303 299/1572/1303
f 4171/1565/6203 298/1568/6203 2063/1566/6203
f 2060/1558/6204 1389/1567/6204 4171/1565/6204
f 297/194/6205 4172/1569/6205 1377/195/6205
f 270/200/6206 4172/1569/6206 2064/1570/6206
f 2064/1570/6207 2065/1571/6207 272/1580/6207
f 2061/1562/6208 2065/1571/6208 4172/1569/6208
f 299/1572/6209 4173/1573/6209 2065/1571/6209
f 2065/1571/6210 2066/1574/6210 272/1580/6210
f 4173/1573/6211 271/1576/6211 2066/1574/6211
f 2063/1566/6212 1383/1575/6212 4173/1573/6212
f 270/200/6213 4174/1577/6213 1918/1241/6213
f 333/181/6214 4174/1577/6214 2067/1578/6214
f 2067/1578/6215 2068/1579/6215 335/1582/6215
f 2064/1570/6216 2068/1579/6216 4174/1577/6216
f 272/1580/6217 4175/1581/6217 2068/1579/6217
f 335/1582/6218 4175/1581/6218 2069/1583/6218
f 2069/1583/6219 1386/1584/6219 334/1592/6219
f 2066/1574/6220 1386/1584/6220 4175/1581/6220
f 333/181/6221 4176/1585/6221 1370/182/6221
f 294/187/6222 4176/1585/6222 2070/1586/6222
f 2070/1586/6223 2071/1587/6223 296/1588/6223
f 2067/1578/6224 2071/1587/6224 4176/1585/6224
f 2071/1587/6225 2069/1583/6225 4177/1589/6225
f 296/1588/1327 4177/1589/1327 2072/1590/1327
f 2072/1590/6226 1379/1591/6226 295/1600/6226
f 4177/1589/6227 334/1592/6227 1379/1591/6227
f 294/187/1330 4178/1593/1330 1373/188/1330
f 267/192/6228 4178/1593/6228 2073/1594/6228
f 2073/1594/6229 2074/1595/6229 269/1596/6229
f 2070/1586/1333 2074/1595/1333 4178/1593/1333
f 2074/1595/6230 2072/1590/6230 4179/1597/6230
f 269/1596/6231 4179/1597/6231 2075/1598/6231
f 2075/1598/1336 1924/1599/1336 268/1608/1336
f 4179/1597/6232 295/1600/6232 1924/1599/6232
f 267/192/6233 4180/1601/6233 1923/1245/6233
f 336/1249/1339 4180/1601/1339 2076/1602/1339
f 2076/1602/1340 2077/1603/1340 338/1604/1340
f 2073/1594/6234 2077/1603/6234 4180/1601/6234
f 2077/1603/6235 2075/1598/6235 4181/1605/6235
f 338/1604/6236 4181/1605/6236 2078/1606/6236
f 2078/1606/1344 1364/1607/1344 337/1616/1344
f 4181/1605/6237 268/1608/6237 1364/1607/6237
f 336/1249/6238 4182/1609/6238 1927/1253/6238
f 291/1257/6239 4182/1609/6239 2079/1610/6239
f 2079/1610/6240 2080/1611/6240 293/1612/6240
f 2076/1602/1349 2080/1611/1349 4182/1609/1349
f 2080/1611/1350 2078/1606/1350 4183/1613/1350
f 293/1612/6241 4183/1613/6241 2081/1614/6241
f 2081/1614/6242 1884/1615/6242 292/1624/6242
f 4183/1613/6243 337/1616/6243 1884/1615/6243
f 291/1257/6244 4184/1617/6244 1929/1258/6244
f 264/1175/6245 4184/1617/6245 2082/1618/6245
f 2082/1618/6246 2083/1619/6246 266/1620/6246
f 2079/1610/6247 2083/1619/6247 4184/1617/6247
f 2083/1619/6248 2081/1614/6248 4185/1621/6248
f 266/1620/1359 4185/1621/1359 2084/1622/1359
f 2084/1622/6249 1360/1623/6249 265/1632/6249
f 4185/1621/1361 292/1624/1361 1360/1623/1361
f 264/1175/6250 4186/1625/6250 1883/1176/6250
f 262/1181/6251 4186/1625/6251 2010/1626/6251
f 2010/1626/6252 2085/1627/6252 263/1628/6252
f 2082/1618/6253 2085/1627/6253 4186/1625/6253
f 2085/1627/6254 2084/1622/6254 4187/1629/6254
f 263/1628/6255 4187/1629/6255 2012/1630/6255
f 2012/1630/6256 1448/1631/6256 261/5514/6256
f 4187/1629/6257 265/1632/6257 1448/1631/6257
f 1882/1633/6258 2007/1423/6258 4188/1634/6258
f 53/889/6259 4188/1634/6259 1751/890/6259
f 4188/1634/6260 54/322/6260 1751/890/6260
f 2007/1423/6261 1438/319/6261 4188/1634/6261
f 1529/472/1374 2088/1635/1374 4189/1636/1374
f 1529/472/1375 2086/1637/1375 414/477/1375
f 4189/1636/1376 416/1639/1376 2086/1637/1376
f 4189/1636/1377 413/1640/1377 2087/1638/1377
f 2087/1638/6262 2090/1641/6262 4190/1642/6262
f 2087/1638/6263 2089/1643/6263 416/1639/6263
f 4190/1642/6264 415/1644/6264 2089/1643/6264
f 4190/1642/1381 411/1645/1381 1356/161/1381
f 1532/479/6265 2092/1646/6265 4191/1647/6265
f 1532/479/1383 2088/1635/1383 412/471/1383
f 4191/1647/1384 413/1640/1384 2088/1635/1384
f 4191/1647/6266 410/1649/6266 2091/1648/6266
f 2091/1648/1386 2093/1650/1386 4192/1651/1386
f 2091/1648/1387 2090/1641/1387 413/1640/1387
f 4192/1651/6267 411/1645/6267 2090/1641/6267
f 4192/1651/6268 408/1652/6268 1512/448/6268
f 1535/484/6269 2095/1653/6269 4193/1654/6269
f 1535/484/1391 2092/1646/1391 409/478/1391
f 4193/1654/6270 410/1649/6270 2092/1646/6270
f 4193/1654/1393 407/1656/1393 2094/1655/1393
f 2094/1655/6271 2096/1657/6271 4194/1658/6271
f 2094/1655/6272 2093/1650/6272 410/1649/6272
f 4194/1658/6273 408/1652/6273 2093/1650/6273
f 4194/1658/6274 405/1659/6274 1509/443/6274
f 1538/489/6275 2098/1660/6275 4195/1661/6275
f 1538/489/6276 2095/1653/6276 406/483/6276
f 4195/1661/1400 407/1656/1400 2095/1653/1400
f 4195/1661/1401 404/1663/1401 2097/1662/1401
f 2097/1662/1402 2099/1664/1402 4196/1665/1402
f 2097/1662/1403 2096/1657/1403 407/1656/1403
f 4196/1665/6277 405/1659/6277 2096/1657/6277
f 4196/1665/6278 402/1666/6278 1506/438/6278
f 1541/494/6279 2101/1667/6279 4197/1668/6279
f 1541/494/6280 2098/1660/6280 403/488/6280
f 4197/1668/6281 404/1663/6281 2098/1660/6281
f 4197/1668/6282 401/1670/6282 2100/1669/6282
f 2100/1669/6283 2102/1671/6283 4198/1672/6283
f 2100/1669/6284 2099/1664/6284 404/1663/6284
f 4198/1672/1412 402/1666/1412 2099/1664/1412
f 4198/1672/6285 399/1673/6285 1503/433/6285
f 1544/499/6286 2104/1674/6286 4199/1675/6286
f 1544/499/6287 2101/1667/6287 400/493/6287
f 4199/1675/1416 401/1670/1416 2101/1667/1416
f 4199/1675/6288 398/1677/6288 2103/1676/6288
f 2103/1676/1418 2105/1678/1418 4200/1679/1418
f 2103/1676/6289 2102/1671/6289 401/1670/6289
f 4200/1679/1420 399/1673/1420 2102/1671/1420
f 4200/1679/6290 396/1680/6290 1500/428/6290
f 1547/504/6291 2107/1681/6291 4201/1682/6291
f 1547/504/6292 2104/1674/6292 397/498/6292
f 4201/1682/6293 398/1677/6293 2104/1674/6293
f 4201/1682/6294 395/1684/6294 2106/1683/6294
f 2106/1683/1426 2108/1685/1426 4202/1686/1426
f 2106/1683/1427 2105/1678/1427 398/1677/1427
f 4202/1686/1428 396/1680/1428 2105/1678/1428
f 4202/1686/1429 393/1687/1429 1497/423/1429
f 1550/509/6295 2110/1688/6295 4203/1689/6295
f 1550/509/1431 2107/1681/1431 394/503/1431
f 4203/1689/1432 395/1684/1432 2107/1681/1432
f 4203/1689/1433 392/1691/1433 2109/1690/1433
f 2109/1690/6296 2111/1692/6296 4204/1693/6296
f 2109/1690/1435 2108/1685/1435 395/1684/1435
f 4204/1693/6297 393/1687/6297 2108/1685/6297
f 4204/1693/6298 390/1694/6298 1494/418/6298
f 1553/514/6299 2113/1695/6299 4205/1696/6299
f 1553/514/6300 2110/1688/6300 391/508/6300
f 4205/1696/6301 392/1691/6301 2110/1688/6301
f 4205/1696/6302 389/1698/6302 2112/1697/6302
f 2112/1697/6303 2114/1699/6303 4206/1700/6303
f 2112/1697/6304 2111/1692/6304 392/1691/6304
f 4206/1700/6305 390/1694/6305 2111/1692/6305
f 4206/1700/1445 387/1701/1445 1491/413/1445
f 1556/519/6306 2116/1702/6306 4207/1703/6306
f 1556/519/1447 2113/1695/1447 388/513/1447
f 4207/1703/1448 389/1698/1448 2113/1695/1448
f 4207/1703/6307 386/1705/6307 2115/1704/6307
f 2115/1704/6308 2117/1706/6308 4208/1707/6308
f 2115/1704/1451 2114/1699/1451 389/1698/1451
f 4208/1707/6309 387/1701/6309 2114/1699/6309
f 4208/1707/6310 384/1708/6310 1488/408/6310
f 1559/524/6311 2119/1709/6311 4209/1710/6311
f 1559/524/6312 2116/1702/6312 385/518/6312
f 4209/1710/6313 386/1705/6313 2116/1702/6313
f 4209/1710/1457 383/1712/1457 2118/1711/1457
f 2118/1711/6314 2120/1713/6314 4210/1714/6314
f 2118/1711/6315 2117/1706/6315 386/1705/6315
f 4210/1714/6316 384/1708/6316 2117/1706/6316
f 4210/1714/6317 381/1715/6317 1485/403/6317
f 1562/529/6318 2122/1716/6318 4211/1717/6318
f 1562/529/6319 2119/1709/6319 382/523/6319
f 4211/1717/6320 383/1712/6320 2119/1709/6320
f 4211/1717/1465 380/1719/1465 2121/1718/1465
f 2121/1718/6321 2123/1720/6321 4212/1721/6321
f 2121/1718/6322 2120/1713/6322 383/1712/6322
f 4212/1721/1468 381/1715/1468 2120/1713/1468
f 4212/1721/6323 378/1722/6323 1482/398/6323
f 1565/534/1470 2125/1723/1470 4213/1724/1470
f 1565/534/6324 2122/1716/6324 379/528/6324
f 4213/1724/6325 380/1719/6325 2122/1716/6325
f 4213/1724/1473 377/1726/1473 2124/1725/1473
f 2124/1725/1474 2126/1727/1474 4214/1728/1474
f 2124/1725/6326 2123/1720/6326 380/1719/6326
f 4214/1728/1476 378/1722/1476 2123/1720/1476
f 4214/1728/6327 375/1729/6327 1479/393/6327
f 1568/539/6328 2128/1730/6328 4215/1731/6328
f 1568/539/1479 2125/1723/1479 376/533/1479
f 4215/1731/1480 377/1726/1480 2125/1723/1480
f 4215/1731/6329 374/1733/6329 2127/1732/6329
f 2127/1732/6330 2129/1734/6330 4216/1735/6330
f 2127/1732/1483 2126/1727/1483 377/1726/1483
f 4216/1735/6331 375/1729/6331 2126/1727/6331
f 4216/1735/1485 372/1736/1485 1476/388/1485
f 1571/544/6332 2131/1737/6332 4217/1738/6332
f 1571/544/6333 2128/1730/6333 373/538/6333
f 4217/1738/1488 374/1733/1488 2128/1730/1488
f 4217/1738/6334 371/1740/6334 2130/1739/6334
f 2130/1739/6335 2132/1741/6335 4218/1742/6335
f 2130/1739/6336 2129/1734/6336 374/1733/6336
f 4218/1742/6337 372/1736/6337 2129/1734/6337
f 4218/1742/1493 369/1743/1493 1473/383/1493
f 1574/549/6338 2134/1744/6338 4219/1745/6338
f 1574/549/6339 2131/1737/6339 370/543/6339
f 4219/1745/1496 371/1740/1496 2131/1737/1496
f 4219/1745/6340 368/1747/6340 2133/1746/6340
f 2133/1746/6341 2135/1748/6341 4220/1749/6341
f 2133/1746/6342 2132/1741/6342 371/1740/6342
f 4220/1749/6343 369/1743/6343 2132/1741/6343
f 4220/1749/6344 366/1750/6344 1470/378/6344
f 1577/554/1502 2137/1751/1502 4221/1752/1502
f 1577/554/6345 2134/1744/6345 367/548/6345
f 4221/1752/6346 368/1747/6346 2134/1744/6346
f 4221/1752/1505 365/1754/1505 2136/1753/1505
f 2136/1753/1506 2138/1755/1506 4222/1756/1506
f 2136/1753/6347 2135/1748/6347 368/1747/6347
f 4222/1756/6348 366/1750/6348 2135/1748/6348
f 4222/1756/6349 363/1757/6349 1467/373/6349
f 1580/559/6350 2140/1758/6350 4223/1759/6350
f 1580/559/6351 2137/1751/6351 364/553/6351
f 4223/1759/6352 365/1754/6352 2137/1751/6352
f 4223/1759/6353 362/1761/6353 2139/1760/6353
f 2139/1760/6354 2141/1762/6354 4224/1763/6354
f 2139/1760/6355 2138/1755/6355 365/1754/6355
f 4224/1763/1516 363/1757/1516 2138/1755/1516
f 4224/1763/6356 360/1764/6356 1464/368/6356
f 1583/564/1518 2143/1765/1518 4225/1766/1518
f 1583/564/6357 2140/1758/6357 361/558/6357
f 4225/1766/1520 362/1761/1520 2140/1758/1520
f 4225/1766/1521 359/1768/1521 2142/1767/1521
f 2142/1767/1522 2144/1769/1522 4226/1770/1522
f 2142/1767/6358 2141/1762/6358 362/1761/6358
f 4226/1770/6359 360/1764/6359 2141/1762/6359
f 4226/1770/6360 357/1771/6360 1461/363/6360
f 1586/569/6361 2146/1772/6361 4227/1773/6361
f 1586/569/6362 2143/1765/6362 358/563/6362
f 4227/1773/6363 359/1768/6363 2143/1765/6363
f 4227/1773/6364 356/1775/6364 2145/1774/6364
f 2145/1774/1530 2147/1776/1530 4228/1777/1530
f 2145/1774/1531 2144/1769/1531 359/1768/1531
f 4228/1777/1532 357/1771/1532 2144/1769/1532
f 4228/1777/1533 354/1778/1533 1458/358/1533
f 1589/574/6365 2149/1779/6365 4229/1780/6365
f 1589/574/6366 2146/1772/6366 355/568/6366
f 4229/1780/6367 356/1775/6367 2146/1772/6367
f 4229/1780/1537 353/1782/1537 2148/1781/1537
f 2148/1781/6368 2150/1783/6368 4230/1784/6368
f 2148/1781/1539 2147/1776/1539 356/1775/1539
f 4230/1784/6369 354/1778/6369 2147/1776/6369
f 4230/1784/1541 351/1785/1541 1455/353/1541
f 1592/579/6370 2152/1786/6370 4231/1787/6370
f 1592/579/6371 2149/1779/6371 352/573/6371
f 4231/1787/6372 353/1782/6372 2149/1779/6372
f 4231/1787/6373 350/1789/6373 2151/1788/6373
f 2151/1788/6374 2153/1790/6374 4232/1791/6374
f 2151/1788/6375 2150/1783/6375 353/1782/6375
f 4232/1791/6376 351/1785/6376 2150/1783/6376
f 4232/1791/1549 348/1792/1549 1452/348/1549
f 1595/584/6377 2155/1793/6377 4233/1794/6377
f 1595/584/6378 2152/1786/6378 349/578/6378
f 4233/1794/1552 350/1789/1552 2152/1786/1552
f 4233/1794/1553 347/1796/1553 2154/1795/1553
f 2154/1795/1554 2156/1797/1554 4234/1798/1554
f 2154/1795/1555 2153/1790/1555 350/1789/1555
f 4234/1798/6379 348/1792/6379 2153/1790/6379
f 4234/1798/6380 345/1799/6380 1681/758/6380
f 1597/588/1558 2158/1800/1558 4235/1801/1558
f 1597/588/6381 2155/1793/6381 346/583/6381
f 4235/1801/1560 347/1796/1560 2155/1793/1560
f 4235/1801/6382 344/1803/6382 2157/1802/6382
f 2157/1802/6383 2159/1804/6383 4236/1805/6383
f 2157/1802/6384 2156/1797/6384 347/1796/6384
f 4236/1805/6385 345/1799/6385 2156/1797/6385
f 4236/1805/6386 342/1806/6386 1600/598/6386
f 1525/465/1566 2161/1807/1566 4237/1808/1566
f 1525/465/6387 2158/1800/6387 343/470/6387
f 4237/1808/6388 344/1803/6388 2158/1800/6388
f 4237/1808/1569 341/1810/1569 2160/1809/1569
f 2160/1809/1570 2162/1811/1570 4238/1812/1570
f 2160/1809/1571 2159/1804/1571 344/1803/1571
f 4238/1812/6389 342/1806/6389 2159/1804/6389
f 4238/1812/6390 339/1813/6390 1519/461/6390
f 1599/592/1574 2086/1814/1574 4239/1815/1574
f 1599/592/1575 2161/1807/1575 340/464/1575
f 4239/1815/1576 341/1810/1576 2161/1807/1576
f 4239/1815/1577 416/1817/1577 2163/1816/1577
f 2163/1816/6391 2089/1818/6391 4240/1819/6391
f 2163/1816/6392 2162/1811/6392 341/1810/6392
f 4240/1819/1580 339/1813/1580 2162/1811/1580
f 4240/1819/6393 415/1821/6393 2164/1820/6393
f 2165/1822/1582 2168/1824/1582 4241/1825/1582
f 2165/1822/1583 2166/1826/1583 482/2147/1583
f 4241/1825/1584 39/1828/1584 2166/1826/1584
f 4241/1825/1585 41/1829/1585 2167/1827/1585
f 1742/870/6394 2170/1831/6394 4242/1832/6394
f 1742/870/6395 2169/1833/6395 467/871/6395
f 4242/1832/1588 468/1152/1588 2169/1833/1588
f 4242/1832/1589 417/1834/1589 1869/1151/1589
f 1747/884/6396 2169/1833/6396 4243/1835/6396
f 1747/884/6397 2171/1836/6397 465/885/6397
f 4243/1835/6398 466/906/6398 2171/1836/6398
f 4243/1835/6399 468/1152/6399 1756/905/6399
f 1752/894/1594 2171/1836/1594 4244/1837/1594
f 1752/894/6400 2172/1838/6400 463/895/6400
f 4244/1837/6401 464/917/6401 2172/1838/6401
f 4244/1837/1597 466/906/1597 1761/916/1597
f 1758/907/6402 2172/1838/6402 4245/1839/6402
f 1758/907/1599 2173/1840/1599 461/908/1599
f 4245/1839/6403 462/928/6403 2173/1840/6403
f 4245/1839/6404 464/917/6404 1766/927/6404
f 1763/918/1602 2173/1840/1602 4246/1841/1602
f 1763/918/1603 2174/1842/1603 459/919/1603
f 4246/1841/1604 460/939/1604 2174/1842/1604
f 4246/1841/6405 462/928/6405 1771/938/6405
f 1768/929/1606 2174/1842/1606 4247/1843/1606
f 1768/929/1607 2175/1844/1607 457/930/1607
f 4247/1843/1608 458/950/1608 2175/1844/1608
f 4247/1843/6406 460/939/6406 1776/949/6406
f 1773/940/6407 2175/1844/6407 4248/1845/6407
f 1773/940/1611 2176/1846/1611 455/941/1611
f 4248/1845/1612 456/961/1612 2176/1846/1612
f 4248/1845/6408 458/950/6408 1781/960/6408
f 1778/951/1614 2176/1846/1614 4249/1847/1614
f 1778/951/1615 2177/1848/1615 453/952/1615
f 4249/1847/1616 454/972/1616 2177/1848/1616
f 4249/1847/1617 456/961/1617 1786/971/1617
f 1783/962/1618 2177/1848/1618 4250/1849/1618
f 451/963/1619 4250/1849/1619 2178/1850/1619
f 4250/1849/6409 452/983/6409 2178/1850/6409
f 4250/1849/1621 454/972/1621 1791/982/1621
f 1788/973/6410 2178/1850/6410 4251/1851/6410
f 449/974/6411 4251/1851/6411 2179/1852/6411
f 4251/1851/6412 450/994/6412 2179/1852/6412
f 4251/1851/6413 452/983/6413 1796/993/6413
f 1793/984/1626 2179/1852/1626 4252/1853/1626
f 1793/984/6414 2180/1854/6414 447/985/6414
f 4252/1853/6415 448/1005/6415 2180/1854/6415
f 4252/1853/1629 450/994/1629 1801/1004/1629
f 1798/995/6416 2180/1854/6416 4253/1855/6416
f 445/996/6417 4253/1855/6417 2181/1856/6417
f 4253/1855/1632 446/1016/1632 2181/1856/1632
f 4253/1855/1633 448/1005/1633 1806/1015/1633
f 1803/1006/1634 2181/1856/1634 4254/1857/1634
f 1803/1006/6418 2182/1858/6418 443/1007/6418
f 4254/1857/6419 444/1027/6419 2182/1858/6419
f 4254/1857/1637 446/1016/1637 1811/1026/1637
f 1808/1017/6420 2182/1858/6420 4255/1859/6420
f 1808/1017/1639 2183/1860/1639 441/1018/1639
f 4255/1859/1640 442/1038/1640 2183/1860/1640
f 4255/1859/6421 444/1027/6421 1816/1037/6421
f 441/1018/6422 4256/1861/6422 1813/1028/6422
f 1813/1028/6423 2184/1862/6423 439/1029/6423
f 4256/1861/6424 440/1049/6424 2184/1862/6424
f 4256/1861/1645 442/1038/1645 1821/1048/1645
f 439/1029/6425 4257/1863/6425 1818/1039/6425
f 1818/1039/1647 2185/1864/1647 437/1040/1647
f 4257/1863/1648 438/1060/1648 2185/1864/1648
f 4257/1863/6426 440/1049/6426 1826/1059/6426
f 1823/1050/6427 2185/1864/6427 4258/1865/6427
f 1823/1050/6428 2186/1866/6428 435/1051/6428
f 4258/1865/1652 436/1071/1652 2186/1866/1652
f 4258/1865/6429 438/1060/6429 1831/1070/6429
f 1828/1061/1654 2186/1866/1654 4259/1867/1654
f 1828/1061/1655 2187/1868/1655 433/1062/1655
f 4259/1867/1656 434/1082/1656 2187/1868/1656
f 4259/1867/6430 436/1071/6430 1836/1081/6430
f 1833/1072/1658 2187/1868/1658 4260/1869/1658
f 1833/1072/1659 2188/1870/1659 431/1073/1659
f 4260/1869/1660 432/1093/1660 2188/1870/1660
f 4260/1869/1661 434/1082/1661 1841/1092/1661
f 1838/1083/1662 2188/1870/1662 4261/1871/1662
f 1838/1083/6431 2189/1872/6431 429/1084/6431
f 4261/1871/6432 430/1104/6432 2189/1872/6432
f 4261/1871/1665 432/1093/1665 1846/1103/1665
f 1843/1094/1666 2189/1872/1666 4262/1873/1666
f 1843/1094/1667 2190/1874/1667 427/1095/1667
f 4262/1873/6433 428/1115/6433 2190/1874/6433
f 4262/1873/1669 430/1104/1669 1851/1114/1669
f 1848/1105/1670 2190/1874/1670 4263/1875/1670
f 1848/1105/1671 2191/1876/1671 425/1106/1671
f 4263/1875/1672 426/1126/1672 2191/1876/1672
f 4263/1875/1673 428/1115/1673 1856/1125/1673
f 1853/1116/1674 2191/1876/1674 4264/1877/1674
f 423/1117/6434 4264/1877/6434 2192/1878/6434
f 4264/1877/6435 424/1137/6435 2192/1878/6435
f 4264/1877/1677 426/1126/1677 1861/1136/1677
f 1858/1127/6436 2192/1878/6436 4265/1879/6436
f 1858/1127/1679 2193/1880/1679 421/1128/1679
f 4265/1879/1680 422/1146/1680 2193/1880/1680
f 4265/1879/6437 424/1137/6437 1865/1145/6437
f 1863/1138/6438 2193/1880/6438 4266/1881/6438
f 1863/1138/6439 2194/1882/6439 419/1139/6439
f 4266/1881/6440 420/1158/6440 2194/1882/6440
f 4266/1881/6441 422/1146/6441 1871/1157/6441
f 1745/877/6442 2194/1882/6442 4267/1883/6442
f 1745/877/6443 2170/1884/6443 418/878/6443
f 4267/1883/1688 417/1886/1688 2170/1884/1688
f 4267/1883/1689 420/1158/1689 2195/1885/1689
f 131/1159/6444 4268/1888/6444 1876/1160/6444
f 135/1153/6445 4268/1888/6445 1872/1154/6445
f 1872/1154/6446 2195/1885/6446 420/1158/6446
f 1868/1887/6447 2195/1885/6447 4268/1888/6447
f 54/322/6448 4269/1890/6448 1750/893/6448
f 1750/893/6449 1678/745/6449 208/744/6449
f 4269/1890/6450 205/738/6450 1678/745/6450
f 1439/1889/6451 2196/1891/6451 4269/1890/6451
f 55/309/6452 4270/1893/6452 2196/1891/6452
f 2196/1891/6453 1675/739/6453 205/738/6453
f 4270/1893/6454 202/732/6454 1675/739/6454
f 1432/1892/6455 2197/1894/6455 4270/1893/6455
f 56/312/6456 4271/1896/6456 2197/1894/6456
f 2197/1894/6457 1672/733/6457 202/732/6457
f 4271/1896/6458 199/726/6458 1672/733/6458
f 1435/1895/6459 2198/1897/6459 4271/1896/6459
f 57/317/6460 4272/1899/6460 2198/1897/6460
f 2198/1897/6461 1669/727/6461 199/726/6461
f 4272/1899/6462 196/720/6462 1669/727/6462
f 1885/1898/6463 2199/1900/6463 4272/1899/6463
f 2199/1900/6464 1889/1901/6464 4273/1902/6464
f 2199/1900/6465 1666/721/6465 196/720/6465
f 1666/721/6466 2200/1903/6466 193/715/6466
f 1889/1901/6467 2200/1903/6467 4273/1902/6467
f 2200/1903/6468 1424/1904/6468 4274/1905/6468
f 2200/1903/6469 1663/716/6469 193/715/6469
f 1663/716/6470 2201/1906/6470 190/710/6470
f 1424/1904/6471 2201/1906/6471 4274/1905/6471
f 2201/1906/6472 1891/1907/6473 4275/1908/6472
f 2201/1906/6474 1660/711/6474 190/710/6474
f 1660/711/6475 2202/1909/6475 187/704/6475
f 1891/1907/6476 2202/1909/1723 4275/1908/1723
f 2202/1909/6477 1901/1910/6477 4276/1911/6477
f 2202/1909/6478 1657/705/6478 187/704/6478
f 1657/705/6479 2203/1912/6479 184/698/6479
f 1901/1910/6480 2203/1912/6480 4276/1911/6480
f 2203/1912/6481 1407/1913/6481 4277/1914/6481
f 2203/1912/6482 1654/699/6482 184/698/6482
f 1654/699/6483 2204/1915/6483 181/692/6483
f 1407/1913/6484 2204/1915/6484 4277/1914/6484
f 2204/1915/1732 1899/1916/1732 4278/1917/1732
f 2204/1915/6485 1651/693/6485 181/692/6485
f 1651/693/1734 2205/1918/1734 178/685/1734
f 1899/1916/1735 2205/1918/1735 4278/1917/1735
f 2205/1918/6486 1400/1919/6486 4279/1920/6486
f 2205/1918/1737 1648/686/1737 178/685/1737
f 1648/686/6487 2206/1921/6487 175/680/6487
f 1400/1919/6488 2206/1921/6488 4279/1920/6488
f 2206/1921/1740 1403/1922/1740 4280/1923/1740
f 2206/1921/6489 1645/681/6489 175/680/6489
f 1645/681/6490 2207/1924/6490 172/675/6490
f 1403/1922/6491 2207/1924/6491 4280/1923/6491
f 2207/1924/6492 1903/1925/6492 4281/1926/6492
f 2207/1924/6493 1642/676/6493 172/675/6493
f 1642/676/6494 2208/1927/6494 169/669/6494
f 1903/1925/1747 2208/1927/1747 4281/1926/1747
f 2208/1927/6495 1907/1928/6495 4282/1929/6495
f 2208/1927/6496 1639/670/6496 169/669/6496
f 1639/670/1750 2209/1930/1750 166/663/1750
f 1907/1928/6497 2209/1930/6497 4282/1929/6497
f 2209/1930/1752 1392/1931/1752 4283/1932/1752
f 2209/1930/1753 1636/664/1753 166/663/1753
f 1636/664/6498 2210/1933/6498 163/656/6498
f 1392/1931/1755 2210/1933/1755 4283/1932/1755
f 2210/1933/6499 1909/1934/6499 4284/1935/6499
f 2210/1933/6500 1633/657/6500 163/656/6500
f 1633/657/6501 2211/1936/6501 160/650/6501
f 1909/1934/6502 2211/1936/6502 4284/1935/6502
f 2211/1936/6503 1919/1937/6503 4285/1938/6503
f 2211/1936/6504 1630/651/6504 160/650/6504
f 1630/651/6505 2212/1939/6505 157/644/6505
f 1919/1937/6506 2212/1939/6506 4285/1938/6506
f 2212/1939/1764 1375/1940/1764 4286/1941/1764
f 2212/1939/6507 1627/645/6507 157/644/6507
f 1627/645/6508 2213/1942/6508 154/639/6508
f 1375/1940/6509 2213/1942/6509 4286/1941/6509
f 2213/1942/6510 1917/1943/6510 4287/1944/6510
f 2213/1942/6511 1624/640/6511 154/639/6511
f 1624/640/6512 2214/1945/6512 151/634/6512
f 1917/1943/6513 2214/1945/6513 4287/1944/6513
f 2214/1945/6514 1368/1946/6514 4288/1947/6514
f 2214/1945/6515 1621/635/6515 151/634/6515
f 1621/635/6516 2215/1948/6516 148/628/6516
f 1368/1946/6517 2215/1948/6517 4288/1947/6517
f 2215/1948/6518 1371/1949/6518 4289/1950/6518
f 148/628/6519 4289/1950/6519 1618/629/6519
f 1618/629/6520 2216/1951/6520 145/622/6520
f 4289/1950/6521 75/191/6521 2216/1951/6521
f 2216/1951/6522 1921/1952/6522 4290/1953/6522
f 145/622/6523 4290/1953/6523 1615/623/6523
f 1615/623/6524 2217/1954/6524 142/616/6524
f 4290/1953/6525 76/1248/6525 2217/1954/6525
f 2217/1954/6526 1925/1955/6526 4291/1956/6526
f 142/616/6527 4291/1956/6527 1612/617/6527
f 1612/617/6528 2218/1957/6528 139/610/6528
f 4291/1956/6529 77/1256/6529 2218/1957/6529
f 2218/1957/6530 1928/1958/6530 4292/1959/6530
f 139/610/6531 4292/1959/6531 1609/611/6531
f 1609/611/6532 2219/1960/6532 136/602/6532
f 4292/1959/6533 78/1177/6533 2219/1960/6533
f 2219/1960/6534 1881/1961/6534 4293/1962/6534
f 136/602/6535 4293/1962/6535 1606/603/6535
f 1606/603/6536 1749/1963/6536 133/608/6536
f 4293/1962/6537 53/1180/6537 1749/1963/6537
f 2220/1964/1796 2223/1966/1796 4294/1967/1796
f 2220/1964/6538 2221/1968/6538 471/457/6538
f 4294/1967/1798 472/1970/1798 2221/1968/1798
f 4294/1967/1799 469/1971/1799 2222/1969/1799
f 1521/458/6539 2221/1968/6539 4295/1972/6539
f 1521/458/1801 2224/1973/1801 473/463/1801
f 4295/1972/1802 474/1975/1802 2224/1973/1802
f 4295/1972/1803 472/1970/1803 2225/1974/1803
f 1602/596/1804 2224/1973/1804 4296/1976/1804
f 1602/596/6540 2226/1977/6540 475/600/6540
f 4296/1976/6541 476/1979/6541 2226/1977/6541
f 4296/1976/1807 474/1975/1807 2227/1978/1807
f 1682/756/1808 2226/1977/1808 4297/1980/1808
f 1682/756/6542 2228/1981/6542 477/344/6542
f 4297/1980/1810 478/1983/1810 2228/1981/1810
f 4297/1980/1811 476/1979/1811 2229/1982/1811
f 1454/345/6543 2228/1981/6543 4298/1984/6543
f 1454/345/1813 2230/1985/1813 479/350/1813
f 4298/1984/1814 480/1987/1814 2230/1985/1814
f 4298/1984/1815 478/1983/1815 2231/1986/1815
f 1457/351/6544 2230/1985/6544 4299/1988/6544
f 1457/351/1817 2232/1989/1817 481/355/1817
f 4299/1988/6545 482/1991/6545 2232/1989/6545
f 4299/1988/6546 480/1987/6546 2165/1990/6546
f 1460/356/1820 2232/1989/1820 4300/1992/1820
f 1460/356/1821 2233/1993/1821 483/360/1821
f 4300/1992/6547 484/1995/6547 2233/1993/6547
f 4300/1992/6548 482/1991/6548 2234/1994/6548
f 1463/361/1824 2233/1993/1824 4301/1996/1824
f 1463/361/6549 2235/1997/6549 485/365/6549
f 4301/1996/6550 486/1999/6550 2235/1997/6550
f 4301/1996/6551 484/1995/6551 2236/1998/6551
f 1466/366/6552 2235/1997/6552 4302/2000/6552
f 1466/366/6553 2237/2001/6553 487/370/6553
f 4302/2000/1830 488/2003/1830 2237/2001/1830
f 4302/2000/1831 486/1999/1831 2238/2002/1831
f 1469/371/1832 2237/2001/1832 4303/2004/1832
f 1469/371/1833 2239/2005/1833 489/375/1833
f 4303/2004/1834 490/2007/1834 2239/2005/1834
f 4303/2004/1835 488/2003/1835 2240/2006/1835
f 1472/376/1836 2239/2005/1836 4304/2008/1836
f 1472/376/1837 2241/2009/1837 491/380/1837
f 4304/2008/6554 492/2011/6554 2241/2009/6554
f 4304/2008/6555 490/2007/6555 2242/2010/6555
f 1475/381/1840 2241/2009/1840 4305/2012/1840
f 1475/381/1841 2243/2013/1841 493/385/1841
f 4305/2012/1842 494/2015/1842 2243/2013/1842
f 4305/2012/1843 492/2011/1843 2244/2014/1843
f 1478/386/1844 2243/2013/1844 4306/2016/1844
f 1478/386/6556 2245/2017/6556 495/390/6556
f 4306/2016/6557 496/2019/6557 2245/2017/6557
f 4306/2016/1847 494/2015/1847 2246/2018/1847
f 1481/391/6558 2245/2017/6558 4307/2020/6558
f 1481/391/1849 2247/2021/1849 497/395/1849
f 4307/2020/1850 498/2023/1850 2247/2021/1850
f 4307/2020/6559 496/2019/6559 2248/2022/6559
f 1484/396/1852 2247/2021/1852 4308/2024/1852
f 1484/396/1853 2249/2025/1853 499/400/1853
f 4308/2024/1854 500/2027/1854 2249/2025/1854
f 4308/2024/1855 498/2023/1855 2250/2026/1855
f 1487/401/1856 2249/2025/1856 4309/2028/1856
f 1487/401/1857 2251/2029/1857 501/405/1857
f 4309/2028/6560 502/2031/6560 2251/2029/6560
f 4309/2028/6561 500/2027/6561 2252/2030/6561
f 1490/406/1860 2251/2029/1860 4310/2032/1860
f 1490/406/1861 2253/2033/1861 503/410/1861
f 4310/2032/1862 504/2035/1862 2253/2033/1862
f 4310/2032/1863 502/2031/1863 2254/2034/1863
f 1493/411/6562 2253/2033/6562 4311/2036/6562
f 1493/411/1865 2255/2037/1865 505/415/1865
f 4311/2036/1866 506/2039/1866 2255/2037/1866
f 4311/2036/1867 504/2035/1867 2256/2038/1867
f 1496/416/6563 2255/2037/6563 4312/2040/6563
f 1496/416/1869 2257/2041/1869 507/420/1869
f 4312/2040/6564 508/2043/6564 2257/2041/6564
f 4312/2040/1871 506/2039/1871 2258/2042/1871
f 1499/421/1872 2257/2041/1872 4313/2044/1872
f 1499/421/1873 2259/2045/1873 509/425/1873
f 4313/2044/6565 510/2047/6565 2259/2045/6565
f 4313/2044/6566 508/2043/6566 2260/2046/6566
f 1502/426/1876 2259/2045/1876 4314/2048/1876
f 1502/426/6567 2261/2049/6567 511/430/6567
f 4314/2048/6568 512/2051/6568 2261/2049/6568
f 4314/2048/6569 510/2047/6569 2262/2050/6569
f 1505/431/1880 2261/2049/1880 4315/2052/1880
f 1505/431/6570 2263/2053/6570 513/435/6570
f 4315/2052/1882 514/2055/1882 2263/2053/1882
f 4315/2052/1883 512/2051/1883 2264/2054/1883
f 1508/436/6571 2263/2053/6571 4316/2056/6571
f 1508/436/1885 2265/2057/1885 515/440/1885
f 4316/2056/1886 516/2059/1886 2265/2057/1886
f 4316/2056/1887 514/2055/1887 2266/2058/1887
f 1511/441/6572 2265/2057/6572 4317/2060/6572
f 1511/441/1889 2267/2061/1889 517/445/1889
f 4317/2060/1890 518/2063/1890 2267/2061/1890
f 4317/2060/6573 516/2059/6573 2268/2062/6573
f 1513/446/1892 2267/2061/1892 4318/2064/1892
f 1513/446/6574 2269/2065/6574 519/157/6574
f 4318/2064/1894 520/2067/1894 2269/2065/1894
f 4318/2064/1895 518/2063/1895 2270/2066/1895
f 1358/158/6575 2269/2065/6575 4319/2068/6575
f 1358/158/1897 2223/2069/1897 470/163/1897
f 4319/2068/1898 469/2071/1898 2223/2069/1898
f 4319/2068/1899 520/2067/1899 2271/2070/1899
f 470/1965/1900 4320/2072/1900 1357/2073/1900
f 1357/2073/6576 2164/1820/6576 415/1821/6576
f 2164/1820/1902 1518/460/1902 339/1813/1902
f 4320/2072/6577 471/457/6577 1518/460/6577
f 2242/2074/6578 2274/2076/6578 4321/2077/6578
f 2242/2074/1905 2272/2078/1905 492/2153/1905
f 4321/2077/1906 29/2080/1906 2272/2078/1906
f 4321/2077/1907 31/2081/1907 2273/2079/1907
f 2252/2082/1908 2277/2084/1908 4322/2085/1908
f 2252/2082/6579 2275/2086/6579 502/2159/6579
f 4322/2085/1910 19/2088/1910 2275/2086/1910
f 4322/2085/1911 21/2089/1911 2276/2087/1911
f 2262/2090/1912 2280/2092/1912 4323/2093/1912
f 2262/2090/1913 2278/2094/1913 512/2165/1913
f 4323/2093/1914 9/2096/1914 2278/2094/1914
f 4323/2093/1915 11/2097/1915 2279/2095/1915
f 2229/2098/1916 2283/2100/1916 4324/2101/1916
f 2229/2098/1917 2281/2102/1917 478/2171/1917
f 4324/2101/1918 43/2104/1918 2281/2102/1918
f 4324/2101/1919 45/2105/1919 2282/2103/1919
f 2238/2106/1920 2286/2108/1920 4325/2109/1920
f 2238/2106/1921 2284/2110/1921 488/2175/1921
f 4325/2109/1922 33/2112/1922 2284/2110/1922
f 4325/2109/1923 35/2113/1923 2285/2111/1923
f 2248/2114/1924 2289/2116/1924 4326/2117/1924
f 2248/2114/1925 2287/2118/1925 498/2179/1925
f 4326/2117/1926 23/2120/1926 2287/2118/1926
f 4326/2117/1927 25/2121/1927 2288/2119/1927
f 2258/2122/1928 2292/2124/1928 4327/2125/1928
f 2258/2122/1929 2290/2126/1929 508/2183/1929
f 4327/2125/1930 13/2128/1930 2290/2126/1930
f 4327/2125/1931 15/2129/1931 2291/2127/1931
f 2268/2130/6580 2295/2132/6580 4328/2133/6580
f 2268/2130/1933 2293/2134/1933 518/2187/1933
f 4328/2133/1934 3/2136/1934 2293/2134/1934
f 4328/2133/1935 5/2137/1935 2294/2135/1935
f 2225/2138/1936 2298/2140/1936 4329/2141/1936
f 2225/2138/1937 2296/2142/1937 474/2193/1937
f 4329/2141/1938 47/2144/1938 2296/2142/1938
f 4329/2141/1939 51/2145/1939 2297/2143/1939
f 2234/2146/6581 2166/1826/6581 4330/2148/6581
f 2234/2146/6582 2299/2149/6582 484/2197/6582
f 4330/2148/1942 37/2151/1942 2299/2149/1942
f 4330/2148/1943 39/1828/1943 2300/2150/1943
f 2244/2152/1944 2272/2078/1944 4331/2154/1944
f 2244/2152/1945 2301/2155/1945 494/2201/1945
f 4331/2154/1946 27/2157/1946 2301/2155/1946
f 4331/2154/1947 29/2080/1947 2302/2156/1947
f 2254/2158/1948 2275/2086/1948 4332/2160/1948
f 2254/2158/1949 2303/2161/1949 504/2205/1949
f 4332/2160/1950 17/2163/1950 2303/2161/1950
f 4332/2160/1951 19/2088/1951 2304/2162/1951
f 2264/2164/1952 2278/2094/1952 4333/2166/1952
f 2264/2164/1953 2305/2167/1953 514/2209/1953
f 4333/2166/1954 7/2169/1954 2305/2167/1954
f 4333/2166/1955 9/2096/1955 2306/2168/1955
f 2231/2170/1956 2281/2102/1956 4334/2172/1956
f 2231/2170/1957 2168/1824/1957 480/1823/1957
f 4334/2172/1958 41/1829/1958 2168/1824/1958
f 4334/2172/1959 43/2104/1959 2307/2173/1959
f 2240/2174/1960 2284/2110/1960 4335/2176/1960
f 2240/2174/1961 2274/2076/1961 490/2075/1961
f 4335/2176/1962 31/2081/1962 2274/2076/1962
f 4335/2176/1963 33/2112/1963 2308/2177/1963
f 2250/2178/1964 2287/2118/1964 4336/2180/1964
f 2250/2178/1965 2277/2084/1965 500/2083/1965
f 4336/2180/1966 21/2089/1966 2277/2084/1966
f 4336/2180/1967 23/2120/1967 2309/2181/1967
f 2260/2182/6583 2290/2126/6583 4337/2184/6583
f 2260/2182/6584 2280/2092/6584 510/2091/6584
f 4337/2184/1970 11/2097/1970 2280/2092/1970
f 4337/2184/1971 13/2128/1971 2310/2185/1971
f 2270/2186/1972 2293/2134/1972 4338/2188/1972
f 2270/2186/1973 2311/2189/1973 520/2213/1973
f 4338/2188/1974 1/2191/1974 2311/2189/1974
f 4338/2188/1975 3/2136/1975 2312/2190/1975
f 2227/2192/1976 2296/2142/1976 4339/2194/1976
f 2227/2192/6585 2283/2100/6585 476/2099/6585
f 4339/2194/1978 45/2105/1978 2283/2100/1978
f 4339/2194/1979 47/2144/1979 2313/2195/1979
f 2236/2196/1980 2299/2149/1980 4340/2198/1980
f 2236/2196/1981 2286/2108/1981 486/2107/1981
f 4340/2198/1982 35/2113/1982 2286/2108/1982
f 4340/2198/1983 37/2151/1983 2314/2199/1983
f 2246/2200/1984 2301/2155/1984 4341/2202/1984
f 2246/2200/1985 2289/2116/1985 496/2115/1985
f 4341/2202/1986 25/2121/1986 2289/2116/1986
f 4341/2202/1987 27/2157/1987 2315/2203/1987
f 2256/2204/1988 2303/2161/1988 4342/2206/1988
f 2256/2204/1989 2292/2124/1989 506/2123/1989
f 4342/2206/1990 15/2129/1990 2292/2124/1990
f 4342/2206/1991 17/2163/1991 2316/2207/1991
f 2266/2208/1992 2305/2167/1992 4343/2210/1992
f 2266/2208/1993 2295/2132/1993 516/2131/1993
f 4343/2210/1994 5/2137/1994 2295/2132/1994
f 4343/2210/1995 7/2169/1995 2317/2211/1995
f 2271/2212/1996 2311/2189/1996 4344/2214/1996
f 2271/2212/6586 2318/2215/6586 469/2219/6586
f 4344/2214/1998 49/2217/1998 2318/2215/1998
f 4344/2214/1999 1/2191/1999 2319/2216/1999
f 2222/2218/6587 2318/2215/6587 4345/2220/6587
f 2222/2218/2001 2298/2140/2001 472/2139/2001
f 4345/2220/2002 51/2145/2002 2298/2140/2002
f 4345/2220/2003 49/2217/2003 2320/2221/2003
f 2346/2222/2004 2347/2224/2004 4346/2225/2004
f 2346/2222/2005 1517/451/2005 1198/450/2005
f 4346/2225/6588 527/456/6588 1517/451/6588
f 4346/2225/2007 528/2227/2007 2339/2226/2007
f 2348/2228/2008 2350/2230/2008 4347/2231/2008
f 2348/2228/2009 2349/2232/2009 1200/2357/2009
f 4347/2231/6589 534/2234/6589 2349/2232/6589
f 4347/2231/6590 535/2235/6590 2332/2233/6590
f 2351/2236/6591 2352/2238/6591 4348/2239/6591
f 2351/2236/2013 2350/2230/2013 1201/2229/2013
f 4348/2239/6592 535/2235/6592 2350/2230/6592
f 4348/2239/2015 536/2241/2015 2331/2240/2015
f 2353/2242/2016 2355/2244/2016 4349/2245/2016
f 2353/2242/2017 2354/2246/2017 1203/2367/2017
f 4349/2245/2018 542/2248/2018 2354/2246/2018
f 4349/2245/2019 543/2249/2019 2324/2247/2019
f 2356/2250/6593 2357/2252/6594 4350/2253/6593
f 2356/2250/2022 2355/2244/2022 1204/2243/2022
f 4350/2253/2023 543/2249/2023 2355/2244/2023
f 4350/2253/2024 544/2255/2024 2323/2254/2024
f 2358/2256/6595 2360/2258/6595 4351/2259/6595
f 2358/2256/6596 2359/2260/6596 1206/2337/6596
f 4351/2259/2028 545/2262/2028 2359/2260/2028
f 4351/2259/2029 521/2263/2029 2345/2261/2029
f 2361/2264/6597 2362/2266/6597 4352/2267/6597
f 2361/2264/2031 2360/2258/2031 1207/2257/2031
f 4352/2267/6598 521/2263/6598 2360/2258/6598
f 4352/2267/6599 522/2269/6599 2344/2268/6599
f 2363/2270/6600 2364/2272/6600 4353/2273/6600
f 2363/2270/6601 2347/2224/6601 1199/2223/6601
f 4353/2273/6602 528/2227/6602 2347/2224/6602
f 4353/2273/6603 529/2275/6603 2338/2274/6603
f 2365/2276/2038 2366/2278/2038 4354/2279/2038
f 2365/2276/2039 2364/2272/2039 1209/2271/2039
f 4354/2279/2040 529/2275/2040 2364/2272/2040
f 4354/2279/2041 530/2281/2041 2337/2280/2041
f 2367/2282/2042 2368/2284/2042 4355/2285/2042
f 2367/2282/2043 2352/2238/2043 1202/2237/2043
f 4355/2285/2044 536/2241/2044 2352/2238/2044
f 4355/2285/2045 537/2287/2045 2330/2286/2045
f 2369/2288/6604 2370/2290/6604 4356/2291/6604
f 2369/2288/6605 2368/2284/6605 1211/2283/6605
f 4356/2291/6606 537/2287/6606 2368/2284/6606
f 4356/2291/6607 538/2293/6607 2329/2292/6607
f 2371/2294/2050 2372/2296/2050 4357/2297/2050
f 2371/2294/6608 2357/2252/6609 1205/2251/6608
f 4357/2297/6610 544/2255/6610 2357/2252/6611
f 4357/2297/6612 546/2299/6612 2322/2298/6612
f 2373/2300/2055 2374/2302/2055 4358/2303/2055
f 2373/2300/6613 2362/2266/6613 1208/2265/6613
f 4358/2303/2057 522/2269/2057 2362/2266/2057
f 4358/2303/2058 523/2305/2058 2343/2304/2058
f 2375/2306/2059 2376/2308/2059 4359/2309/2059
f 2375/2306/2060 2374/2302/2060 1214/2301/2060
f 4359/2309/2061 523/2305/2061 2374/2302/2061
f 4359/2309/2062 524/2311/2062 2342/2310/2062
f 2377/2312/2063 2378/2314/2063 4360/2315/2063
f 2377/2312/6614 2366/2278/6614 1210/2277/6614
f 4360/2315/2065 530/2281/2065 2366/2278/2065
f 4360/2315/6615 531/2317/6615 2336/2316/6615
f 2379/2318/2067 2380/2320/2067 4361/2321/2067
f 2379/2318/2068 2378/2314/2068 1216/2313/2068
f 4361/2321/6616 531/2317/6616 2378/2314/6616
f 4361/2321/6617 532/2323/6617 2335/2322/6617
f 2381/2324/2071 2382/2326/2071 4362/2327/2071
f 2381/2324/2072 2370/2290/2072 1212/2289/2072
f 4362/2327/2073 538/2293/2073 2370/2290/2073
f 4362/2327/6618 539/2329/6618 2328/2328/6618
f 2383/2330/2075 2384/2332/2075 4363/2333/2075
f 2383/2330/2076 2382/2326/2076 1218/2325/2076
f 4363/2333/6619 539/2329/6619 2382/2326/6619
f 4363/2333/6620 540/2335/6620 2327/2334/6620
f 2385/2336/6621 2359/2260/6621 4364/2338/6621
f 2385/2336/6622 2372/2296/6622 1213/2295/6622
f 4364/2338/2081 546/2299/2081 2372/2296/2081
f 4364/2338/2082 545/2262/2082 2321/2339/2082
f 2386/2340/2083 2387/2342/2083 4365/2343/2083
f 2386/2340/6623 2376/2308/6623 1215/2307/6623
f 4365/2343/6624 524/2311/6624 2376/2308/6624
f 4365/2343/6625 525/2345/6625 2341/2344/6625
f 2388/2346/2087 1515/453/2087 4366/2348/2087
f 2388/2346/6626 2387/2342/6626 1220/2341/6626
f 4366/2348/2089 525/2345/2089 2387/2342/2089
f 4366/2348/6627 526/455/6627 2340/2349/6627
f 2389/2350/2091 2390/2352/2091 4367/2353/2091
f 2389/2350/2092 2380/2320/2092 1217/2319/2092
f 4367/2353/2093 532/2323/2093 2380/2320/2093
f 4367/2353/2094 533/2355/2094 2334/2354/2094
f 2391/2356/2095 2349/2232/2095 4368/2358/2095
f 2391/2356/2096 2390/2352/2096 1221/2351/2096
f 4368/2358/2097 533/2355/2097 2390/2352/2097
f 4368/2358/2098 534/2234/2098 2333/2359/2098
f 2392/2360/6628 2393/2362/6628 4369/2363/6628
f 2392/2360/2100 2384/2332/2100 1219/2331/2100
f 4369/2363/6629 540/2335/6629 2384/2332/6629
f 4369/2363/2102 541/2365/2102 2326/2364/2102
f 2394/2366/6630 2354/2246/6630 4370/2368/6630
f 2394/2366/2104 2393/2362/2104 1222/2361/2104
f 4370/2368/6631 541/2365/6631 2393/2362/6631
f 4370/2368/6632 542/2248/6632 2325/2369/6632
f 104/2370/6633 4371/2371/6633 2395/2373/6633
f 572/2372/6634 4371/2371/6634 2396/2374/6634
f 2396/2374/6635 2397/2375/6635 547/4911/6635
f 1604/605/6636 2397/2375/6636 4371/2371/6636
f 2398/2376/6637 1608/614/6637 4372/2378/6637
f 571/2377/6638 4372/2378/6638 2399/2379/6638
f 2399/2379/6639 2395/2373/6639 572/2372/6639
f 1608/614/6640 2395/2373/6640 4372/2378/6640
f 2400/2380/6641 1611/620/6641 4373/2382/6641
f 570/2381/6642 4373/2382/6642 2401/2383/6642
f 2401/2383/6643 2398/2376/6643 571/2377/6643
f 4373/2382/6644 103/612/6644 2398/2376/6644
f 2402/2384/6645 1614/626/6645 4374/2386/6645
f 569/2385/6646 4374/2386/6646 2403/2387/6646
f 2403/2387/6647 2400/2380/6647 570/2381/6647
f 4374/2386/6648 102/618/6648 2400/2380/6648
f 2404/2388/6649 1617/632/6649 4375/2390/6649
f 568/2389/6650 4375/2390/6650 2405/2391/6650
f 2405/2391/6651 2402/2384/6651 569/2385/6651
f 4375/2390/6652 101/624/6652 2402/2384/6652
f 2406/2392/6653 1620/638/6653 4376/2394/6653
f 567/2393/6654 4376/2394/6654 2407/2395/6654
f 2407/2395/6655 2404/2388/6655 568/2389/6655
f 4376/2394/6656 100/630/6656 2404/2388/6656
f 98/649/6657 4377/2396/6657 2408/2397/6657
f 2408/2397/6658 2409/2398/6658 566/2402/6658
f 2409/2398/6659 2406/2392/6659 567/2393/6659
f 4377/2396/6660 99/636/6660 2406/2392/6660
f 97/655/6661 4378/2399/6661 2410/2400/6661
f 2410/2400/6662 2411/2401/6662 565/2406/6662
f 4378/2399/6663 566/2402/6663 2411/2401/6663
f 1626/648/6664 2408/2397/6664 4378/2399/6664
f 96/661/6665 4379/2403/6665 2412/2404/6665
f 2412/2404/6666 2413/2405/6666 564/2410/6666
f 4379/2403/6667 565/2406/6667 2413/2405/6667
f 1629/654/6668 2410/2400/6668 4379/2403/6668
f 95/667/6669 4380/2407/6669 2414/2408/6669
f 2414/2408/6670 2415/2409/6670 563/2415/6670
f 4380/2407/6671 564/2410/6671 2415/2409/6671
f 1632/660/6672 2412/2404/6672 4380/2407/6672
f 2416/2411/6673 1635/2412/6673 4381/2413/6673
f 2416/2411/6674 2417/2414/6674 562/2419/6674
f 4381/2413/6675 563/2415/6675 2417/2414/6675
f 1635/2412/6676 2414/2408/6676 4381/2413/6676
f 2418/2416/6677 1638/673/6677 4382/2417/6677
f 2418/2416/6678 2419/2418/6678 561/4951/6678
f 4382/2417/6679 562/2419/6679 2419/2418/6679
f 4382/2417/6680 94/665/6680 2416/2411/6680
f 2420/2420/6681 1641/679/6681 4383/2422/6681
f 560/2421/6682 4383/2422/6682 2421/2423/6682
f 2421/2423/6683 2418/2416/6683 561/4951/6683
f 4383/2422/6684 93/671/6684 2418/2416/6684
f 91/690/6685 4384/2424/6685 2422/2425/6685
f 2422/2425/6686 2423/2426/6686 559/4961/6686
f 4384/2424/6687 560/2421/6687 2423/2426/6687
f 1644/684/6688 2420/2420/6688 4384/2424/6688
f 90/696/6689 4385/2427/6689 2424/2429/6689
f 558/2428/6690 4385/2427/6690 2425/2430/6690
f 2425/2430/6691 2422/2425/6691 559/4961/6691
f 1647/689/6692 2422/2425/6692 4385/2427/6692
f 2426/2431/6693 1650/2432/6693 4386/2434/6693
f 557/2433/6694 4386/2434/6694 2427/2435/6694
f 2427/2435/6695 2424/2429/6695 558/2428/6695
f 1650/2432/6696 2424/2429/6696 4386/2434/6696
f 2428/2436/6697 1653/702/6697 4387/2438/6697
f 556/2437/6698 4387/2438/6698 2429/2439/6698
f 2429/2439/6699 2426/2431/6699 557/2433/6699
f 4387/2438/6700 89/694/6700 2426/2431/6700
f 2430/2440/6701 1656/708/6701 4388/2442/6701
f 555/2441/6702 4388/2442/6702 2431/2443/6702
f 2431/2443/6703 2428/2436/6703 556/2437/6703
f 4388/2442/6704 88/700/6704 2428/2436/6704
f 2432/2444/6705 1659/714/6705 4389/2446/6705
f 554/2445/6706 4389/2446/6706 2433/2447/6706
f 2433/2447/6707 2430/2440/6707 555/2441/6707
f 4389/2446/6708 87/706/6708 2430/2440/6708
f 85/725/6709 4390/2448/6709 2434/2449/6709
f 2434/2449/6710 2435/2450/6710 553/2454/6710
f 2435/2450/6711 2432/2444/6711 554/2445/6711
f 4390/2448/6712 86/712/6712 2432/2444/6712
f 84/731/6713 4391/2451/6713 2436/2452/6713
f 2436/2452/6714 2437/2453/6714 552/2458/6714
f 4391/2451/6715 553/2454/6715 2437/2453/6715
f 1665/724/6716 2434/2449/6716 4391/2451/6716
f 83/737/6717 4392/2455/6717 2438/2456/6717
f 2438/2456/6718 2439/2457/6718 551/2462/6718
f 4392/2455/6719 552/2458/6719 2439/2457/6719
f 1668/730/6720 2436/2452/6720 4392/2455/6720
f 82/743/6721 4393/2459/6721 2440/2460/6721
f 2440/2460/6722 2441/2461/6722 550/2466/6722
f 4393/2459/6723 551/2462/6723 2441/2461/6723
f 1671/736/6724 2438/2456/6724 4393/2459/6724
f 81/749/6725 4394/2463/6725 2442/2464/6725
f 2442/2464/6726 2443/2465/6726 549/2471/6726
f 4394/2463/6727 550/2466/6727 2443/2465/6727
f 1674/742/6728 2440/2460/6728 4394/2463/6728
f 2444/2467/6729 1677/748/6729 4395/2469/6729
f 2444/2467/6730 2445/2470/6730 548/2475/6730
f 4395/2469/6731 549/2471/6731 2445/2470/6731
f 1677/748/6732 2442/2464/6732 4395/2469/6732
f 2397/2472/6733 1679/755/6733 4396/2473/6733
f 2397/2472/6734 2446/2474/6734 547/5008/6734
f 4396/2473/6735 548/2475/6735 2446/2474/6735
f 4396/2473/6736 80/2468/6736 2444/2467/6736
f 1171/2476/6737 4397/2478/6738 2447/2479/6737
f 2447/2479/6739 2448/2480/6739 1172/2484/6739
f 4397/2478/6740 576/2482/6741 2448/2480/6742
f 2450/2477/6743 2449/2481/6743 4397/2478/6744
f 1172/2484/6745 4398/2485/6745 2451/2486/6745
f 2451/2486/6746 2452/2487/6746 1173/2490/6746
f 4398/2485/6747 578/2489/6747 2452/2487/6747
f 2448/2480/6748 2453/2488/6748 4398/2485/6748
f 1173/2490/6749 4399/2491/6749 2454/2492/6749
f 2454/2492/6750 2455/2493/6750 1174/2496/6750
f 4399/2491/6751 580/2495/6751 2455/2493/6751
f 2452/2487/6752 2456/2494/6752 4399/2491/6752
f 1174/2496/6753 4400/2497/6753 2457/2498/6753
f 2457/2498/6754 2458/2499/6754 1175/2502/6754
f 4400/2497/6755 582/2501/6755 2458/2499/6755
f 2455/2493/6756 2459/2500/6756 4400/2497/6756
f 1175/2502/6757 4401/2503/6757 2460/2504/6757
f 2460/2504/6758 2461/2505/6758 1176/2508/6758
f 4401/2503/6759 584/2507/6759 2461/2505/6759
f 2458/2499/6760 2462/2506/6760 4401/2503/6760
f 1176/2508/6761 4402/2509/6761 2463/2510/6761
f 2463/2510/6762 2464/2511/6762 1177/2514/6762
f 4402/2509/6763 586/2513/6763 2464/2511/6763
f 2461/2505/6764 2465/2512/6764 4402/2509/6764
f 1177/2514/6765 4403/2515/6765 2466/2516/6765
f 2466/2516/6766 2467/2517/6766 1178/2519/6766
f 2467/2517/6767 2468/2518/6767 588/2525/6767
f 2464/2511/6768 2468/2518/6768 4403/2515/6768
f 1178/2519/6769 4404/2520/6769 2469/2521/6769
f 2469/2521/6770 2470/2522/6771 1179/2527/6770
f 4404/2520/6772 590/2524/6772 2470/2522/6773
f 2467/2517/6774 2471/2523/6774 4404/2520/6774
f 2472/2526/6775 2470/2522/6776 4405/2529/6775
f 1180/2528/6777 4405/2529/6777 2473/2530/6777
f 2473/2530/6778 2474/2531/6778 592/2537/6778
f 2470/2522/6779 2474/2531/6780 4405/2529/6780
f 2475/2532/6781 2473/2530/6781 4406/2534/6781
f 1181/2533/6782 4406/2534/6782 2476/2535/6782
f 2476/2535/6783 2477/2536/6783 594/2543/6783
f 4406/2534/6784 592/2537/6784 2477/2536/6784
f 2478/2538/6785 2476/2535/6785 4407/2540/6785
f 1182/2539/6786 4407/2540/6786 2479/2541/6786
f 2479/2541/6787 2480/2542/6787 596/2549/6787
f 4407/2540/6788 594/2543/6788 2480/2542/6788
f 2481/2544/6789 2479/2541/6789 4408/2546/6789
f 1183/2545/6790 4408/2546/6790 2482/2547/6790
f 2482/2547/6791 2483/2548/6791 598/2555/6791
f 4408/2546/6792 596/2549/6792 2483/2548/6792
f 2484/2550/6793 2482/2547/6793 4409/2552/6793
f 1184/2551/6794 4409/2552/6794 2485/2553/6794
f 2485/2553/6795 2486/2554/6795 600/2561/6795
f 4409/2552/6796 598/2555/6796 2486/2554/6796
f 1184/2551/6797 4410/2556/6797 2487/2557/6797
f 2487/2557/6798 2488/2558/6798 1185/2562/6798
f 4410/2556/6799 602/2560/6799 2488/2558/6799
f 2485/2553/6800 2489/2559/6800 4410/2556/6800
f 1185/2562/6801 4411/2563/6801 2490/2564/6801
f 2490/2564/6802 2491/2565/6802 1186/2568/6802
f 4411/2563/6803 604/2567/6803 2491/2565/6803
f 2488/2558/6804 2492/2566/6804 4411/2563/6804
f 1186/2568/6805 4412/2569/6805 2493/2570/6805
f 2493/2570/6806 2494/2571/6806 1187/2574/6806
f 4412/2569/6807 606/2573/6807 2494/2571/6807
f 2491/2565/6808 2495/2572/6809 4412/2569/6808
f 1187/2574/6810 4413/2575/6810 2496/2576/6810
f 2496/2576/6811 2497/2577/6811 1188/2580/6811
f 4413/2575/6812 608/2579/6812 2497/2577/6812
f 2494/2571/6813 2498/2578/6813 4413/2575/6813
f 1188/2580/6814 4414/2581/6814 2499/2582/6814
f 2499/2582/6815 2500/2583/6815 1189/2586/6815
f 2500/2583/6816 2501/2584/6816 610/2591/6816
f 2497/2577/6817 2501/2584/6817 4414/2581/6817
f 2502/2585/6818 2500/2583/6818 4415/2588/6818
f 1190/2587/6819 4415/2588/6819 2503/2589/6819
f 2503/2589/6820 2504/2590/6820 612/2597/6820
f 4415/2588/6821 610/2591/6821 2504/2590/6821
f 2505/2592/6822 2503/2589/6822 4416/2594/6822
f 1191/2593/6823 4416/2594/6823 2506/2595/6823
f 2506/2595/6824 2507/2596/6824 614/2603/6824
f 2503/2589/6825 2507/2596/6825 4416/2594/6825
f 2508/2598/6826 2506/2595/6826 4417/2600/6826
f 1192/2599/6827 4417/2600/6827 2509/2601/6827
f 2509/2601/6828 2510/2602/6828 616/2609/6828
f 4417/2600/6829 614/2603/6829 2510/2602/6829
f 2511/2604/6830 2509/2601/6830 4418/2606/6830
f 1193/2605/6831 4418/2606/6831 2512/2607/6831
f 2512/2607/6832 2513/2608/6832 618/2615/6832
f 4418/2606/6833 616/2609/6833 2513/2608/6833
f 2514/2610/6834 2512/2607/6834 4419/2612/6834
f 1194/2611/6835 4419/2612/6835 2515/2613/6835
f 2515/2613/6836 2516/2614/6836 620/2621/6836
f 4419/2612/6837 618/2615/6837 2516/2614/6837
f 2517/2616/6838 2515/2613/6838 4420/2618/6838
f 1195/2617/6839 4420/2618/6839 2518/2619/6839
f 2518/2619/6840 2519/2620/6840 622/2627/6840
f 4420/2618/6841 620/2621/6841 2519/2620/6841
f 2520/2622/6842 2518/2619/6842 4421/2624/6842
f 1196/2623/6843 4421/2624/6843 2521/2625/6843
f 2521/2625/6844 2522/2626/6844 624/2633/6844
f 4421/2624/6845 622/2627/6845 2522/2626/6845
f 2523/2628/6846 2521/2625/6846 4422/2630/6846
f 1171/2629/6847 4422/2630/6847 2450/2631/6847
f 2450/2631/6848 2524/2632/6848 574/4905/6848
f 4422/2630/6849 624/2633/6849 2524/2632/6849
f 1091/2634/6850 4423/2636/6850 2525/2638/6850
f 1042/2637/6851 4423/2636/6851 2526/2639/6851
f 2526/2639/6852 2527/2640/6852 987/4548/6852
f 2528/2635/6853 2527/2640/6853 4423/2636/6853
f 2529/2642/2329 2532/2644/2329 4424/2645/2329
f 2529/2642/6854 2530/2646/6854 677/2821/6854
f 4424/2645/6855 837/2648/6855 2530/2646/6855
f 4424/2645/6856 864/2649/6856 2531/2647/6856
f 2533/2650/6857 2536/2652/6857 4425/2653/6857
f 2533/2650/2334 2534/2654/2334 679/3308/2334
f 4425/2653/2335 909/2656/2335 2534/2654/2335
f 4425/2653/6858 840/2657/6858 2535/2655/6858
f 2537/2658/6859 2540/2660/6859 4426/2661/6859
f 2537/2658/6860 2538/2662/6860 866/2666/6860
f 2538/2662/6861 2539/2663/6861 646/2671/6861
f 4426/2661/6862 645/2664/6862 2539/2663/6862
f 2541/2665/6863 2538/2662/6863 4427/2668/6863
f 839/2667/2342 4427/2668/2342 2542/2669/2342
f 2542/2669/6864 2543/2670/6864 647/3751/6864
f 4427/2668/6865 646/2671/6865 2543/2670/6865
f 2544/2672/6866 2547/2674/6866 4428/2675/6866
f 2544/2672/6867 2545/2676/6867 842/3739/6867
f 4428/2675/6868 644/2678/6868 2545/2676/6868
f 4428/2675/6869 643/2679/6869 2546/2677/6869
f 2548/2680/2349 2551/2682/2349 4429/2683/2349
f 2548/2680/2350 2549/2684/2350 681/3318/2350
f 4429/2683/6870 867/2686/6870 2549/2684/6870
f 4429/2683/6871 906/2687/6871 2550/2685/6871
f 2552/2688/6872 2555/2690/6872 4430/2691/6872
f 2552/2688/2354 2553/2692/2354 683/2697/2354
f 4430/2691/2355 843/2694/2355 2553/2692/2355
f 4430/2691/6873 870/2695/6873 2554/2693/6873
f 2556/2696/2357 2553/2692/2357 4431/2698/2357
f 2556/2696/2358 2551/2682/2358 682/2681/2358
f 4431/2698/6874 906/2687/6874 2551/2682/6874
f 4431/2698/6875 843/2694/6875 2557/2699/6875
f 2558/2700/2361 2560/2702/2361 4432/2703/2361
f 2558/2700/6876 2555/2690/6876 684/2689/6876
f 4432/2703/6877 870/2695/6877 2555/2690/6877
f 4432/2703/6878 903/2705/6878 2559/2704/6878
f 2561/2706/6879 2564/2708/6879 4433/2709/6879
f 2561/2706/6880 2562/2710/6880 845/3723/6880
f 4433/2709/6881 641/2712/6881 2562/2710/6881
f 4433/2709/6882 640/2713/6882 2563/2711/6882
f 2565/2714/2369 2568/2716/2369 4434/2717/2369
f 2565/2714/2370 2566/2718/2370 688/3352/2370
f 4434/2717/2371 900/2720/2371 2566/2718/2371
f 4434/2717/6883 849/2721/6883 2567/2719/6883
f 2569/2722/6884 2572/2724/6884 4435/2725/6884
f 2569/2722/6885 2570/2726/6885 875/2731/6885
f 4435/2725/6886 637/2728/6886 2570/2726/6886
f 4435/2725/6887 636/2729/6887 2571/2727/6887
f 2573/2730/6888 2570/2726/6888 4436/2732/6888
f 2573/2730/6889 2574/2733/6889 848/3711/6889
f 4436/2732/6890 638/2735/6890 2574/2733/6890
f 4436/2732/6891 637/2728/6891 2575/2734/6891
f 2576/2736/6892 2579/2738/6892 4437/2739/6892
f 2576/2736/6893 2577/2740/6893 851/3703/6893
f 4437/2739/6894 635/2742/6894 2577/2740/6894
f 4437/2739/6895 634/2743/6895 2578/2741/6895
f 2580/2744/2385 2583/2746/2385 4438/2747/2385
f 2580/2744/6896 2581/2748/6896 690/3362/6896
f 4438/2747/6897 876/2750/6897 2581/2748/6897
f 4438/2747/6898 897/2751/6898 2582/2749/6898
f 2584/2752/6899 2587/2754/6899 4439/2755/6899
f 2584/2752/6900 2585/2756/6900 692/2761/6900
f 4439/2755/2391 852/2758/2391 2585/2756/2391
f 4439/2755/2392 879/2759/2392 2586/2757/2392
f 2588/2760/6901 2585/2756/6901 4440/2762/6901
f 2588/2760/2394 2583/2746/2394 691/2745/2394
f 4440/2762/6902 897/2751/6902 2583/2746/6902
f 4440/2762/6903 852/2758/6903 2589/2763/6903
f 2590/2764/6904 2592/2766/6904 4441/2767/6904
f 2590/2764/2398 2587/2754/2398 693/2753/2398
f 4441/2767/6905 879/2759/6905 2587/2754/6905
f 4441/2767/6906 894/2769/6906 2591/2768/6906
f 2593/2770/6907 2596/2772/6907 4442/2773/6907
f 2593/2770/6908 2594/2774/6908 854/3687/6908
f 4442/2773/6909 632/2776/6909 2594/2774/6909
f 4442/2773/6910 631/2777/6910 2595/2775/6910
f 2597/2778/2405 2600/2780/2405 4443/2781/2405
f 2597/2778/6911 2598/2782/6911 697/3396/6911
f 4443/2781/2407 891/2784/2407 2598/2782/2407
f 4443/2781/2408 858/2785/2408 2599/2783/2408
f 887/2786/6912 4444/2788/6912 2601/2789/6912
f 2601/2789/2410 2602/2790/2410 884/2794/2410
f 4444/2788/6913 628/2792/6913 2602/2790/6913
f 2604/2787/6914 2603/2791/6914 4444/2788/6914
f 884/2794/2413 4445/2795/2413 2605/2796/2413
f 2605/2796/2414 2606/2797/2414 857/3674/2414
f 4445/2795/6915 629/2799/6915 2606/2797/6915
f 2602/2790/2416 2607/2798/2416 4445/2795/2416
f 860/2800/6916 4446/2802/6916 2608/2803/6916
f 2608/2803/6917 2604/2787/6917 887/2786/6917
f 4446/2802/2419 627/2793/2419 2604/2787/2419
f 2610/2801/6918 2609/2804/6918 4446/2802/6918
f 2611/2806/6919 2614/2808/6919 4447/2809/6919
f 2611/2806/6920 2612/2810/6920 699/3406/6920
f 4447/2809/2423 885/2812/2423 2612/2810/2423
f 4447/2809/2424 888/2813/2424 2613/2811/2424
f 2615/2814/6921 2617/2816/6921 4448/2817/6921
f 2615/2814/2426 2614/2808/2426 700/2807/2426
f 4448/2817/6922 888/2813/6922 2614/2808/6922
f 4448/2817/6923 861/2819/6923 2616/2818/6923
f 2618/2820/6924 2530/2646/6924 4449/2822/6924
f 2618/2820/2430 2619/2823/2430 702/3298/2430
f 4449/2822/6925 833/2825/6925 2619/2823/6925
f 4449/2822/6926 837/2648/6926 2620/2824/6926
f 1049/2826/6927 4450/2828/6927 2621/2830/6927
f 1051/2829/2434 4450/2828/2434 2622/2831/2434
f 2622/2831/6928 2623/2832/6928 923/2839/6928
f 2624/2827/2436 2623/2832/2436 4450/2828/2436
f 1051/2829/6929 4451/2834/6929 2625/2836/6929
f 1053/2835/6930 4451/2834/6930 2626/2837/6930
f 2626/2837/6931 2627/2838/6931 926/2845/6931
f 2622/2831/2440 2627/2838/2440 4451/2834/2440
f 1053/2835/6932 4452/2840/6932 2628/2842/6932
f 1055/2841/6933 4452/2840/6933 2629/2843/6933
f 2629/2843/6934 2630/2844/6934 929/2851/6934
f 2626/2837/6935 2630/2844/6935 4452/2840/6935
f 1055/2841/6936 4453/2846/6936 2631/2848/6936
f 1057/2847/2446 4453/2846/2446 2632/2849/2446
f 2632/2849/2447 2633/2850/2447 932/2857/2447
f 2629/2843/6937 2633/2850/6937 4453/2846/6937
f 1057/2847/6938 4454/2852/6938 2634/2854/6938
f 1059/2853/6939 4454/2852/6939 2635/2855/6939
f 2635/2855/6940 2636/2856/6940 935/2863/6940
f 2632/2849/6941 2636/2856/6941 4454/2852/6941
f 1059/2853/6942 4455/2858/6942 2637/2860/6942
f 1061/2859/6943 4455/2858/6943 2638/2861/6943
f 2638/2861/6944 2639/2862/6944 938/2869/6944
f 2635/2855/6945 2639/2862/6945 4455/2858/6945
f 1061/2859/6946 4456/2864/6946 2640/2866/6946
f 1063/2865/6947 4456/2864/6947 2641/2867/6947
f 2641/2867/6948 2642/2868/6948 941/2875/6948
f 2638/2861/6949 2642/2868/6949 4456/2864/6949
f 1063/2865/6950 4457/2870/6950 2643/2872/6950
f 1065/2871/6951 4457/2870/6951 2644/2873/6951
f 2644/2873/2463 2645/2874/2463 944/2881/2463
f 2641/2867/6952 2645/2874/6952 4457/2870/6952
f 1065/2871/6953 4458/2876/6953 2646/2878/6953
f 1067/2877/6954 4458/2876/6954 2647/2879/6954
f 2647/2879/6955 2648/2880/6955 947/2887/6955
f 2644/2873/6956 2648/2880/6956 4458/2876/6956
f 1067/2877/6957 4459/2882/6957 2649/2884/6957
f 1069/2883/6958 4459/2882/6958 2650/2885/6958
f 2650/2885/6959 2651/2886/6959 950/2893/6959
f 2647/2879/6960 2651/2886/6960 4459/2882/6960
f 1069/2883/6961 4460/2888/6961 2652/2890/6961
f 1071/2889/6962 4460/2888/6962 2653/2891/6962
f 2653/2891/6963 2654/2892/6963 953/2899/6964
f 2650/2885/2476 2654/2892/2476 4460/2888/2476
f 1071/2889/6965 4461/2894/6965 2655/2896/6965
f 1073/2895/6966 4461/2894/6966 2656/2897/6966
f 2656/2897/6967 2657/2898/6967 956/2905/6967
f 2653/2891/6968 2657/2898/6968 4461/2894/6968
f 1073/2895/6969 4462/2900/6969 2658/2902/6969
f 1075/2901/6970 4462/2900/6970 2659/2903/6970
f 2659/2903/6971 2660/2904/6971 959/2911/6971
f 2656/2897/6972 2660/2904/6972 4462/2900/6972
f 1075/2901/6973 4463/2906/6973 2661/2908/6973
f 1077/2907/6974 4463/2906/6974 2662/2909/6974
f 2662/2909/6975 2663/2910/6975 962/2917/6975
f 2659/2903/6976 2663/2910/6976 4463/2906/6976
f 1077/2907/2490 4464/2912/2490 2664/2914/2490
f 1079/2913/6977 4464/2912/6977 2665/2915/6977
f 2665/2915/6978 2666/2916/6978 965/2923/6978
f 2662/2909/2493 2666/2916/2493 4464/2912/2493
f 1079/2913/6979 4465/2918/6979 2667/2920/6979
f 1081/2919/6980 4465/2918/6980 2668/2921/6980
f 2668/2921/6981 2669/2922/6981 968/2929/6981
f 2665/2915/6982 2669/2922/6982 4465/2918/6982
f 1081/2919/6983 4466/2924/6983 2670/2926/6983
f 1083/2925/6984 4466/2924/6984 2671/2927/6984
f 2671/2927/2500 2672/2928/2500 971/2935/2500
f 2668/2921/6985 2672/2928/6985 4466/2924/6985
f 1083/2925/2502 4467/2930/2502 2673/2932/2502
f 1085/2931/6986 4467/2930/6986 2674/2933/6986
f 2674/2933/2504 2675/2934/2504 974/2941/2504
f 2671/2927/6987 2675/2934/6987 4467/2930/6987
f 1085/2931/6988 4468/2936/6988 2676/2938/6988
f 1087/2937/2507 4468/2936/2507 2677/2939/2507
f 2677/2939/6989 2678/2940/6989 977/2947/6989
f 2674/2933/6990 2678/2940/6990 4468/2936/6990
f 1087/2937/6991 4469/2942/6991 2679/2944/6991
f 1089/2943/6992 4469/2942/6992 2680/2945/6992
f 2680/2945/6993 2681/2946/6993 980/2951/6993
f 2677/2939/2513 2681/2946/2513 4469/2942/2513
f 1089/2943/6994 4470/2948/6994 2682/2949/6994
f 1091/2634/6995 4470/2948/6995 2528/2635/6995
f 2528/2635/2516 2683/2950/2516 983/2641/2516
f 2680/2945/6996 2683/2950/6996 4470/2948/6996
f 585/2952/6997 4471/2954/6997 2684/2955/6997
f 2684/2955/6998 2685/2956/6998 1099/5294/6998
f 2685/2956/6999 2686/2957/6999 1098/5291/6999
f 4471/2954/7000 583/2958/7000 2686/2957/7000
f 1043/2959/7001 4472/2961/7001 2688/2963/7001
f 1045/2962/7002 4472/2961/7002 2689/2964/7002
f 2689/2964/7003 2690/2965/7003 914/3130/7003
f 2691/2960/2525 2690/2965/2525 4472/2961/2525
f 912/2967/2526 4473/2969/2526 2692/2971/2526
f 915/2970/2527 4473/2969/2527 2693/2972/2527
f 2693/2972/7004 2694/2973/7004 709/3118/7004
f 2695/2968/7005 2694/2973/7005 4473/2969/7005
f 984/2975/2530 4474/2977/2530 2696/2979/2530
f 986/2978/7006 4474/2977/7006 2697/2980/7006
f 2697/2980/7007 2698/2981/7007 704/3416/7007
f 2699/2976/7008 2698/2981/7008 4474/2977/7008
f 981/2983/2534 4475/2985/2534 2700/2986/2534
f 984/2975/2535 4475/2985/2535 2699/2976/2535
f 2699/2976/7009 2701/2987/7009 778/2982/7009
f 2702/2984/7010 2701/2987/7010 4475/2985/7010
f 978/2989/2538 4476/2991/2538 2703/2992/2538
f 981/2983/7011 4476/2991/7011 2702/2984/7011
f 2702/2984/2540 2704/2993/2540 775/2988/2540
f 2705/2990/7012 2704/2993/7012 4476/2991/7012
f 975/2995/7013 4477/2997/7013 2706/2998/7013
f 978/2989/7014 4477/2997/7014 2705/2990/7014
f 2705/2990/7015 2707/2999/7015 772/2994/7015
f 2708/2996/7016 2707/2999/7016 4477/2997/7016
f 972/3001/7017 4478/3003/7017 2709/3004/7017
f 975/2995/7018 4478/3003/7018 2708/2996/7018
f 2708/2996/7019 2710/3005/7019 769/3000/7019
f 2711/3002/2549 2710/3005/2549 4478/3003/2549
f 969/3007/7020 4479/3009/7020 2712/3010/7020
f 972/3001/7021 4479/3009/7021 2711/3002/7021
f 2711/3002/2552 2713/3011/2552 766/3006/2552
f 2714/3008/7022 2713/3011/7022 4479/3009/7022
f 966/3013/7023 4480/3015/7023 2715/3016/7023
f 969/3007/2555 4480/3015/2555 2714/3008/2555
f 2714/3008/7024 2716/3017/7024 763/3012/7024
f 2717/3014/7025 2716/3017/7025 4480/3015/7025
f 963/3019/7026 4481/3021/7026 2718/3022/7026
f 966/3013/7027 4481/3021/7027 2717/3014/7027
f 2717/3014/7028 2719/3023/7028 760/3018/7028
f 2720/3020/2561 2719/3023/2561 4481/3021/2561
f 960/3025/2562 4482/3027/2562 2721/3028/2562
f 963/3019/7029 4482/3027/7029 2720/3020/7029
f 2720/3020/7030 2722/3029/7030 757/3024/7030
f 2723/3026/2565 2722/3029/2565 4482/3027/2565
f 957/3031/7031 4483/3033/7031 2724/3034/7031
f 960/3025/7032 4483/3033/7032 2723/3026/7032
f 2723/3026/7033 2725/3035/7033 754/3030/7033
f 2726/3032/7034 2725/3035/7034 4483/3033/7034
f 954/3037/7035 4484/3039/7035 2727/3040/7035
f 957/3031/2571 4484/3039/2571 2726/3032/2571
f 2726/3032/2572 2728/3041/2572 751/3036/2572
f 2729/3038/7036 2728/3041/7036 4484/3039/7036
f 951/3043/7037 4485/3045/7037 2730/3046/7037
f 954/3037/7038 4485/3045/7038 2729/3038/7038
f 2729/3038/2576 2731/3047/2576 748/3042/2576
f 2732/3044/2577 2731/3047/2577 4485/3045/2577
f 948/3049/7039 4486/3051/7039 2733/3052/7039
f 951/3043/2579 4486/3051/2579 2732/3044/2579
f 2732/3044/7040 2734/3053/7040 745/3048/7040
f 2735/3050/2581 2734/3053/2581 4486/3051/2581
f 945/3055/2582 4487/3057/2582 2736/3058/2582
f 948/3049/7041 4487/3057/7041 2735/3050/7041
f 2735/3050/2584 2737/3059/2584 742/3054/2584
f 2738/3056/7042 2737/3059/7042 4487/3057/7042
f 942/3061/7043 4488/3063/7043 2739/3064/7043
f 945/3055/7044 4488/3063/7044 2738/3056/7044
f 2738/3056/2588 2740/3065/2588 739/3060/2588
f 2741/3062/2589 2740/3065/2589 4488/3063/2589
f 939/3067/2590 4489/3069/2590 2742/3070/2590
f 942/3061/7045 4489/3069/7045 2741/3062/7045
f 2741/3062/7046 2743/3071/7046 736/3066/7046
f 2744/3068/2593 2743/3071/2593 4489/3069/2593
f 936/3073/7047 4490/3075/7047 2745/3076/7047
f 939/3067/7048 4490/3075/7048 2744/3068/7048
f 2744/3068/7049 2746/3077/7049 733/3072/7049
f 2747/3074/7050 2746/3077/7050 4490/3075/7050
f 933/3079/7051 4491/3081/7051 2748/3082/7051
f 936/3073/2599 4491/3081/2599 2747/3074/2599
f 2747/3074/2600 2749/3083/2600 730/3078/2600
f 2750/3080/7052 2749/3083/7052 4491/3081/7052
f 930/3085/7053 4492/3087/7053 2751/3088/7053
f 933/3079/7054 4492/3087/7054 2750/3080/7054
f 2750/3080/2604 2752/3089/2604 727/3084/2604
f 2753/3086/7055 2752/3089/7055 4492/3087/7055
f 927/3091/7056 4493/3093/7056 2754/3094/7056
f 930/3085/7057 4493/3093/7057 2753/3086/7057
f 2753/3086/7058 2755/3095/7058 724/3090/7058
f 2756/3092/7059 2755/3095/7059 4493/3093/7059
f 924/3097/7060 4494/3099/7060 2757/3100/7060
f 927/3091/7061 4494/3099/7061 2756/3092/7061
f 2756/3092/7062 2758/3101/7062 721/3096/7062
f 2759/3098/2613 2758/3101/2613 4494/3099/2613
f 921/3103/7063 4495/3105/7063 2760/3106/7063
f 924/3097/7064 4495/3105/7064 2759/3098/7064
f 2759/3098/2616 2761/3107/2616 718/3102/2616
f 2762/3104/7065 2761/3107/7065 4495/3105/7065
f 918/3109/7066 4496/3111/7066 2763/3112/7066
f 921/3103/7067 4496/3111/7067 2762/3104/7067
f 2762/3104/7068 2764/3113/7068 715/3108/7068
f 2765/3110/7069 2764/3113/7069 4496/3111/7069
f 915/2970/7070 4497/3115/7070 2766/3116/7070
f 918/3109/2623 4497/3115/2623 2765/3110/2623
f 2765/3110/7071 2767/3117/7071 712/3114/7071
f 2693/2972/2625 2767/3117/2625 4497/3115/2625
f 986/3119/7072 4498/3121/7072 2768/3122/7072
f 912/2967/2627 4498/3121/2627 2695/2968/2627
f 2695/2968/7073 2769/3123/7073 706/2974/7073
f 2697/3120/7074 2769/3123/7074 4498/3121/7074
f 1045/2962/7075 4499/3125/7075 2770/3127/7075
f 1047/3126/7076 4499/3125/7076 2771/3128/7076
f 2771/3128/2632 2772/3129/2632 917/3292/2632
f 2689/2964/7077 2772/3129/7077 4499/3125/7077
f 2773/3131/7078 2776/3133/7078 4500/3135/7078
f 705/3134/7079 4500/3135/7079 2774/5515/7079
f 4500/3135/7080 651/3137/7080 2774/5515/7080
f 2776/3133/7081 2775/3136/7081 4500/3135/7081
f 2777/3139/7082 2779/3141/7082 4501/3142/7082
f 708/3132/7083 4501/3142/7083 2776/3133/7083
f 4501/3142/7084 676/3138/7084 2776/3133/7084
f 4501/3142/7085 675/3144/7085 2778/3143/7085
f 2780/3145/7086 2782/3147/7086 4502/3148/7086
f 711/3140/7087 4502/3148/7087 2779/3141/7087
f 2779/3141/7088 2781/3149/7088 675/3144/7088
f 4502/3148/7089 674/3150/7089 2781/3149/7089
f 717/3151/7090 4503/3153/7090 2783/3154/7090
f 2783/3154/7091 2782/3147/7091 714/3146/7091
f 4503/3153/7092 674/3150/7092 2782/3147/7092
f 2785/3152/7093 2784/3155/7093 4503/3153/7093
f 720/3157/7094 4504/3159/7094 2786/3160/7094
f 2786/3160/7095 2785/3152/7095 717/3151/7095
f 4504/3159/7096 673/3156/7096 2785/3152/7096
f 2788/3158/7097 2787/3161/7097 4504/3159/7097
f 723/3163/2654 4505/3165/2654 2789/3166/2654
f 2789/3166/7098 2788/3158/7098 720/3157/7098
f 4505/3165/7099 672/3162/7099 2788/3158/7099
f 2791/3164/7100 2790/3167/7100 4505/3165/7100
f 2792/3169/7101 2794/3171/7101 4506/3172/7101
f 2792/3169/7102 2791/3164/7102 723/3163/7102
f 4506/3172/7103 671/3168/7103 2791/3164/7103
f 4506/3172/7104 670/3174/7104 2793/3173/7104
f 2795/3175/7105 2797/3177/7105 4507/3178/7105
f 726/3170/7106 4507/3178/7106 2794/3171/7106
f 2794/3171/7107 2796/3179/7107 670/3174/7107
f 4507/3178/7108 669/3180/7108 2796/3179/7108
f 2798/3181/7109 2800/3183/7109 4508/3184/7109
f 729/3176/7110 4508/3184/7110 2797/3177/7110
f 2797/3177/7111 2799/3185/7111 669/3180/7111
f 2800/3183/7112 2799/3185/7112 4508/3184/7112
f 735/3187/7113 4509/3189/7113 2801/3190/7113
f 2801/3190/7114 2800/3183/7114 732/3182/7114
f 4509/3189/7115 668/3186/7115 2800/3183/7115
f 2803/3188/7116 2802/3191/7116 4509/3189/7116
f 738/3193/7117 4510/3195/7117 2804/3196/7117
f 2804/3196/7118 2803/3188/7118 735/3187/7118
f 4510/3195/7119 667/3192/7119 2803/3188/7119
f 2806/3194/7120 2805/3197/7120 4510/3195/7120
f 741/3199/7121 4511/3201/7121 2807/3202/7121
f 2807/3202/7122 2806/3194/7122 738/3193/7122
f 4511/3201/7123 666/3198/7123 2806/3194/7123
f 2809/3200/7124 2808/3203/7124 4511/3201/7124
f 744/3205/7125 4512/3207/7125 2810/3208/7125
f 2810/3208/7126 2809/3200/7126 741/3199/7126
f 4512/3207/7127 665/3204/7127 2809/3200/7127
f 2812/3206/7128 2811/3209/7128 4512/3207/7128
f 2813/3211/7129 2815/3213/7129 4513/3214/7129
f 744/3205/7130 4513/3214/7130 2812/3206/7130
f 2812/3206/7131 2814/3215/7131 664/3210/7131
f 4513/3214/7132 663/3216/7132 2814/3215/7132
f 2816/3217/7133 2818/3219/7133 4514/3220/7133
f 747/3212/7134 4514/3220/7134 2815/3213/7134
f 2815/3213/7135 2817/3221/7135 663/3216/7135
f 4514/3220/7136 662/3222/7136 2817/3221/7136
f 2819/3223/7137 2821/3225/7137 4515/3226/7137
f 750/3218/7138 4515/3226/7138 2818/3219/7138
f 2818/3219/7139 2820/3227/7139 662/3222/7139
f 4515/3226/7140 661/3228/7140 2820/3227/7140
f 2822/3229/7141 2824/3231/7141 4516/3232/7141
f 753/3224/7142 4516/3232/7142 2821/3225/7142
f 2821/3225/7143 2823/3233/7143 661/3228/7143
f 4516/3232/7144 660/3234/7144 2823/3233/7144
f 759/3235/7145 4517/3237/7145 2825/3238/7145
f 2825/3238/7146 2824/3231/7146 756/3230/7146
f 2824/3231/7147 2826/3239/7147 660/3234/7147
f 2827/3236/7148 2826/3239/7148 4517/3237/7148
f 762/3241/7149 4518/3243/7149 2828/3244/7149
f 2828/3244/7150 2827/3236/7150 759/3235/7150
f 4518/3243/7151 659/3240/7151 2827/3236/7151
f 2830/3242/7152 2829/3245/7152 4518/3243/7152
f 2831/3247/7153 2833/3249/7153 4519/3250/7153
f 2831/3247/7154 2830/3242/7154 762/3241/7154
f 4519/3250/7155 658/3246/7155 2830/3242/7155
f 4519/3250/7156 657/3252/7156 2832/3251/7156
f 2834/3253/7157 2836/3255/7157 4520/3256/7157
f 765/3248/2715 4520/3256/2715 2833/3249/2715
f 2833/3249/7158 2835/3257/7158 657/3252/7158
f 4520/3256/7159 656/3258/7159 2835/3257/7159
f 2837/3259/7160 2839/3261/7160 4521/3262/7160
f 768/3254/7161 4521/3262/7161 2836/3255/7161
f 2836/3255/7162 2838/3263/7162 656/3258/7162
f 4521/3262/7163 655/3264/7163 2838/3263/7163
f 2840/3265/7164 2842/3267/7164 4522/3268/7164
f 771/3260/7165 4522/3268/7165 2839/3261/7165
f 2839/3261/7166 2841/3269/7166 655/3264/7166
f 4522/3268/7167 654/3270/7167 2841/3269/7167
f 777/3271/7168 4523/3273/7168 2843/3274/7168
f 2843/3274/7169 2842/3267/7169 774/3266/7169
f 4523/3273/7170 654/3270/7170 2842/3267/7170
f 2845/3272/7171 2844/3275/7171 4523/3273/7171
f 780/3277/7172 4524/3279/7172 2846/3280/7172
f 2846/3280/7173 2845/3272/7173 777/3271/7173
f 4524/3279/7174 653/3276/7174 2845/3272/7174
f 4524/3279/7175 652/3282/7175 2847/3281/7175
f 705/3283/7176 4525/3285/7176 2849/3286/7176
f 2849/3286/7177 2848/3278/7177 780/3277/7177
f 2848/3278/7178 2850/3287/7178 652/3282/7178
f 4525/3285/7179 651/3288/7179 2850/3287/7179
f 1047/3126/2738 4526/3289/2738 2851/3290/2738
f 1049/2826/7180 4526/3289/7180 2624/2827/7180
f 2624/2827/7181 2852/3291/7181 920/2833/7181
f 2771/3128/7182 2852/3291/7182 4526/3289/7182
f 2853/3293/7183 2855/3295/7183 4527/3296/7183
f 2853/3293/2743 2854/3297/2743 831/3923/2743
f 4527/3296/7184 702/3298/7184 2854/3297/7184
f 4527/3296/7185 677/2821/7185 2618/2820/7185
f 2856/3299/2746 2857/3301/2746 4528/3302/2746
f 2856/3299/7186 2855/3295/7186 829/3294/7186
f 4528/3302/2748 677/2821/2748 2855/3295/2748
f 4528/3302/2749 678/2643/2749 2529/2642/2749
f 2858/3303/7187 2860/3305/7187 4529/3306/7187
f 2858/3303/7188 2857/3301/7188 827/3300/7188
f 4529/3306/7189 678/2643/7189 2857/3301/7189
f 4529/3306/2753 679/3308/2753 2859/3307/2753
f 2861/3309/7190 2862/3311/7190 4530/3312/7190
f 2861/3309/7191 2860/3305/7191 825/3304/7191
f 4530/3312/7192 679/3308/7192 2860/3305/7192
f 4530/3312/7193 680/2651/7193 2533/2650/7193
f 2863/3313/7194 2865/3315/7194 4531/3316/7194
f 2863/3313/7195 2862/3311/7195 823/3310/7195
f 4531/3316/7196 680/2651/7196 2862/3311/7196
f 4531/3316/7197 681/3318/7197 2864/3317/7197
f 2866/3319/7198 2867/3321/7198 4532/3322/7198
f 2866/3319/2763 2865/3315/2763 821/3314/2763
f 4532/3322/2764 681/3318/2764 2865/3315/2764
f 4532/3322/2765 682/2681/2765 2548/2680/2765
f 2868/3323/2766 2869/3325/2766 4533/3326/2766
f 2868/3323/2767 2867/3321/2767 819/3320/2767
f 4533/3326/2768 682/2681/2768 2867/3321/2768
f 4533/3326/2769 683/2697/2769 2556/2696/2769
f 2870/3327/2770 2871/3329/2770 4534/3330/2770
f 2870/3327/7199 2869/3325/7199 817/3324/7199
f 4534/3330/2772 683/2697/2772 2869/3325/2772
f 4534/3330/7200 684/2689/7200 2552/2688/7200
f 2872/3331/7201 2873/3333/7201 4535/3334/7201
f 2872/3331/7202 2871/3329/7202 815/3328/7202
f 4535/3334/7203 684/2689/7203 2871/3329/7203
f 4535/3334/7204 685/2701/7204 2558/2700/7204
f 2874/3335/2778 2876/3337/2778 4536/3338/2778
f 2874/3335/7205 2873/3333/7205 813/3332/7205
f 4536/3338/2780 685/2701/2780 2873/3333/2780
f 4536/3338/7206 686/3340/7206 2875/3339/7206
f 2877/3341/7207 2879/3343/7207 4537/3344/7207
f 2877/3341/7208 2876/3337/7208 811/3336/7208
f 4537/3344/2784 686/3340/2784 2876/3337/2784
f 4537/3344/2785 687/3346/2785 2878/3345/2785
f 2880/3347/7209 2882/3349/7209 4538/3350/7209
f 2880/3347/7210 2879/3343/7210 809/3342/7210
f 4538/3350/7211 687/3346/7211 2879/3343/7211
f 4538/3350/7212 688/3352/7212 2881/3351/7212
f 2883/3353/2790 2884/3355/2790 4539/3356/2790
f 2883/3353/7213 2882/3349/7213 807/3348/7213
f 4539/3356/7214 688/3352/7214 2882/3349/7214
f 4539/3356/7215 689/2715/7215 2565/2714/7215
f 2885/3357/7216 2887/3359/7216 4540/3360/7216
f 2885/3357/2795 2884/3355/2795 805/3354/2795
f 4540/3360/7217 689/2715/7217 2884/3355/7217
f 4540/3360/7218 690/3362/7218 2886/3361/7218
f 2888/3363/7219 2889/3365/7219 4541/3366/7219
f 2888/3363/7220 2887/3359/7220 803/3358/7220
f 4541/3366/7221 690/3362/7221 2887/3359/7221
f 4541/3366/7222 691/2745/7222 2580/2744/7222
f 2890/3367/7223 2891/3369/7223 4542/3370/7223
f 2890/3367/7224 2889/3365/7224 801/3364/7224
f 4542/3370/2804 691/2745/2804 2889/3365/2804
f 4542/3370/2805 692/2761/2805 2588/2760/2805
f 2892/3371/7225 2893/3373/7225 4543/3374/7225
f 2892/3371/2807 2891/3369/2807 799/3368/2807
f 4543/3374/7226 692/2761/7226 2891/3369/7226
f 4543/3374/2809 693/2753/2809 2584/2752/2809
f 2894/3375/7227 2895/3377/7227 4544/3378/7227
f 2894/3375/7228 2893/3373/7228 797/3372/7228
f 4544/3378/7229 693/2753/7229 2893/3373/7229
f 4544/3378/7230 694/2765/7230 2590/2764/7230
f 2896/3379/7231 2898/3381/7231 4545/3382/7231
f 2896/3379/2815 2895/3377/2815 795/3376/2815
f 4545/3382/7232 694/2765/7232 2895/3377/7232
f 4545/3382/2817 695/3384/2817 2897/3383/2817
f 2899/3385/2818 2901/3387/2818 4546/3388/2818
f 2899/3385/2819 2898/3381/2819 793/3380/2819
f 4546/3388/2820 695/3384/2820 2898/3381/2820
f 4546/3388/2821 696/3390/2821 2900/3389/2821
f 2902/3391/2822 2904/3393/2822 4547/3394/2822
f 2902/3391/7233 2901/3387/7233 791/3386/7233
f 4547/3394/2824 696/3390/2824 2901/3387/2824
f 4547/3394/2825 697/3396/2825 2903/3395/2825
f 2905/3397/7234 2906/3399/7234 4548/3400/7234
f 2905/3397/7235 2904/3393/7235 789/3392/7235
f 4548/3400/7236 697/3396/7236 2904/3393/7236
f 4548/3400/7237 698/2779/7237 2597/2778/7237
f 2907/3401/7238 2909/3403/7238 4549/3404/7238
f 2907/3401/7239 2906/3399/7239 787/3398/7239
f 4549/3404/7240 698/2779/7240 2906/3399/7240
f 4549/3404/7241 699/3406/7241 2908/3405/7241
f 2910/3407/7242 2911/3409/7242 4550/3410/7242
f 2910/3407/7243 2909/3403/7243 785/3402/7243
f 4550/3410/2836 699/3406/2836 2909/3403/2836
f 4550/3410/7244 700/2807/7244 2611/2806/7244
f 2912/3411/7245 2914/3413/7245 4551/3414/7245
f 778/2982/2839 4551/3414/2839 2698/2981/2839
f 4551/3414/2840 704/3416/2840 2698/2981/2840
f 2914/3413/2841 2913/3415/2841 4551/3414/2841
f 2913/3418/2842 2916/3420/2842 4552/3421/2842
f 704/3124/2843 4552/3421/2843 2769/3123/2843
f 4552/3421/2844 706/2974/2844 2769/3123/2844
f 2916/3420/7246 2915/3422/7246 4552/3421/7246
f 2917/3424/7247 2918/3426/7247 4553/3427/7247
f 775/2988/7248 4553/3427/7248 2701/2987/7248
f 4553/3427/7249 778/2982/7249 2701/2987/7249
f 2918/3426/7250 2912/3411/7250 4553/3427/7250
f 625/3428/2850 4554/3430/2850 2919/3431/2850
f 2919/3431/7251 2920/3432/7251 626/2805/7251
f 4554/3430/7252 780/3277/7252 2920/3432/7252
f 2921/3429/7253 2849/3286/7253 4554/3430/7253
f 2922/3433/2854 2923/3435/2854 4555/3436/2854
f 772/2994/2855 4555/3436/2855 2704/2993/2855
f 4555/3436/7254 775/2988/7254 2704/2993/7254
f 2923/3435/7255 2917/3424/7255 4555/3436/7255
f 776/3437/7256 4556/3439/7256 2924/3440/7256
f 2924/3440/2859 2925/3441/2859 1038/4342/2859
f 2925/3441/2860 2926/3442/2860 1040/4339/2860
f 4556/3439/2861 779/3443/2861 2926/3442/2861
f 2928/3444/2862 2929/3446/2862 4557/3447/2862
f 769/3000/7257 4557/3447/7257 2707/2999/7257
f 4557/3447/7258 772/2994/7258 2707/2999/7258
f 2929/3446/2865 2922/3433/2865 4557/3447/2865
f 773/3448/7259 4558/3450/7259 2930/3451/7259
f 2930/3451/7260 2931/3452/7260 1036/4345/7260
f 2931/3452/7261 2924/3440/7261 1038/4342/7261
f 4558/3450/7262 776/3437/7262 2924/3440/7262
f 2933/3453/7263 2934/3455/7263 4559/3456/7263
f 766/3006/7264 4559/3456/7264 2710/3005/7264
f 4559/3456/2872 769/3000/2872 2710/3005/2872
f 2934/3455/7265 2928/3444/7265 4559/3456/7265
f 770/3457/2874 4560/3459/2874 2935/3460/2874
f 2935/3460/7266 2936/3461/7266 1034/4348/7266
f 2936/3461/2876 2930/3451/2876 1036/4345/2876
f 4560/3459/7267 773/3448/7267 2930/3451/7267
f 2938/3462/7268 2939/3464/7268 4561/3465/7268
f 763/3012/7269 4561/3465/7269 2713/3011/7269
f 4561/3465/7270 766/3006/7270 2713/3011/7270
f 2939/3464/7271 2933/3453/7271 4561/3465/7271
f 767/3466/7272 4562/3468/7272 2940/3469/7272
f 2940/3469/7273 2941/3470/7273 1032/4351/7273
f 2941/3470/2884 2935/3460/2884 1034/4348/2884
f 4562/3468/7274 770/3457/7274 2935/3460/7274
f 2943/3471/2886 2944/3473/2886 4563/3474/2886
f 760/3018/2887 4563/3474/2887 2716/3017/2887
f 4563/3474/2888 763/3012/2888 2716/3017/2888
f 2944/3473/2889 2938/3462/2889 4563/3474/2889
f 764/3475/2890 4564/3477/2890 2945/3478/2890
f 2945/3478/7275 2946/3479/7275 1030/4354/7275
f 2946/3479/2892 2940/3469/2892 1032/4351/2892
f 4564/3477/2893 767/3466/2893 2940/3469/2893
f 2948/3480/2894 2949/3482/2894 4565/3483/2894
f 757/3024/2895 4565/3483/2895 2719/3023/2895
f 4565/3483/7276 760/3018/7276 2719/3023/7276
f 2949/3482/7277 2943/3471/7277 4565/3483/7277
f 761/3484/7278 4566/3486/7278 2950/3487/7278
f 2950/3487/2899 2951/3488/2899 1028/4357/2899
f 2951/3488/2900 2945/3478/2900 1030/4354/2900
f 4566/3486/2901 764/3475/2901 2945/3478/2901
f 2953/3489/7279 2954/3491/7279 4567/3492/7279
f 754/3030/2903 4567/3492/2903 2722/3029/2903
f 4567/3492/2904 757/3024/2904 2722/3029/2904
f 2954/3491/7280 2948/3480/7280 4567/3492/7280
f 758/3493/2906 4568/3495/2906 2955/3496/2906
f 2955/3496/2907 2956/3497/2907 1026/4360/2907
f 2956/3497/2908 2950/3487/2908 1028/4357/2908
f 4568/3495/7281 761/3484/7281 2950/3487/7281
f 2958/3498/2910 2959/3500/2910 4569/3501/2910
f 751/3036/2911 4569/3501/2911 2725/3035/2911
f 4569/3501/7282 754/3030/7282 2725/3035/7282
f 2959/3500/2913 2953/3489/2913 4569/3501/2913
f 755/3502/7283 4570/3504/7283 2960/3505/7283
f 2960/3505/2915 2961/3506/2915 1024/4363/2915
f 2961/3506/2916 2955/3496/2916 1026/4360/2916
f 4570/3504/7284 758/3493/7284 2955/3496/7284
f 2963/3507/7285 2964/3509/7285 4571/3510/7285
f 748/3042/7286 4571/3510/7286 2728/3041/7286
f 4571/3510/7287 751/3036/7287 2728/3041/7287
f 2964/3509/2921 2958/3498/2921 4571/3510/2921
f 752/3511/2922 4572/3513/2922 2965/3514/2922
f 2965/3514/2923 2966/3515/2923 1022/4366/2923
f 2966/3515/2924 2960/3505/2924 1024/4363/2924
f 4572/3513/7288 755/3502/7288 2960/3505/7288
f 2968/3516/7289 2969/3518/7289 4573/3519/7289
f 745/3048/2927 4573/3519/2927 2731/3047/2927
f 4573/3519/2928 748/3042/2928 2731/3047/2928
f 2969/3518/2929 2963/3507/2929 4573/3519/2929
f 749/3520/7290 4574/3522/7290 2970/3523/7290
f 2970/3523/2931 2971/3524/2931 1020/4369/2931
f 2971/3524/2932 2965/3514/2932 1022/4366/2932
f 4574/3522/7291 752/3511/7291 2965/3514/7291
f 2973/3525/2934 2974/3527/2934 4575/3528/2934
f 742/3054/2935 4575/3528/2935 2734/3053/2935
f 4575/3528/2936 745/3048/2936 2734/3053/2936
f 2974/3527/7292 2968/3516/7292 4575/3528/7292
f 746/3529/2938 4576/3531/2938 2975/3532/2938
f 2975/3532/2939 2976/3533/2939 1018/4372/2939
f 2976/3533/2940 2970/3523/2940 1020/4369/2940
f 4576/3531/2941 749/3520/2941 2970/3523/2941
f 2978/3534/7293 2979/3536/7293 4577/3537/7293
f 739/3060/2943 4577/3537/2943 2737/3059/2943
f 4577/3537/2944 742/3054/2944 2737/3059/2944
f 2979/3536/2945 2973/3525/2945 4577/3537/2945
f 743/3538/2946 4578/3540/2946 2980/3541/2946
f 2980/3541/7294 2981/3542/7294 1016/4375/7294
f 2981/3542/2948 2975/3532/2948 1018/4372/2948
f 4578/3540/2949 746/3529/2949 2975/3532/2949
f 2983/3543/2950 2984/3545/2950 4579/3546/2950
f 736/3066/2951 4579/3546/2951 2740/3065/2951
f 4579/3546/2952 739/3060/2952 2740/3065/2952
f 2984/3545/7295 2978/3534/7295 4579/3546/7295
f 740/3547/2954 4580/3549/2954 2985/3550/2954
f 2985/3550/2955 2986/3551/2955 1014/4378/2955
f 2986/3551/7296 2980/3541/7296 1016/4375/7296
f 4580/3549/2957 743/3538/2957 2980/3541/2957
f 2988/3552/2958 2989/3554/2958 4581/3555/2958
f 733/3072/7297 4581/3555/7297 2743/3071/7297
f 4581/3555/7298 736/3066/7298 2743/3071/7298
f 2989/3554/7299 2983/3543/7299 4581/3555/7299
f 737/3556/2962 4582/3558/2962 2990/3559/2962
f 2990/3559/2963 2991/3560/2963 1012/4381/2963
f 2991/3560/2964 2985/3550/2964 1014/4378/2964
f 4582/3558/2965 740/3547/2965 2985/3550/2965
f 2993/3561/2966 2994/3563/2966 4583/3564/2966
f 730/3078/7300 4583/3564/7300 2746/3077/7300
f 4583/3564/2968 733/3072/2968 2746/3077/2968
f 2994/3563/2969 2988/3552/2969 4583/3564/2969
f 734/3565/7301 4584/3567/7301 2995/3568/7301
f 2995/3568/2971 2996/3569/2971 1010/4384/2971
f 2996/3569/2972 2990/3559/2972 1012/4381/2972
f 4584/3567/7302 737/3556/7302 2990/3559/7302
f 2998/3570/7303 2999/3572/7303 4585/3573/7303
f 727/3084/2975 4585/3573/2975 2749/3083/2975
f 4585/3573/2976 730/3078/2976 2749/3083/2976
f 2999/3572/7304 2993/3561/7304 4585/3573/7304
f 731/3574/7305 4586/3576/7305 3000/3577/7305
f 3000/3577/2979 3001/3578/2979 1008/4387/2979
f 3001/3578/2980 2995/3568/2980 1010/4384/2980
f 4586/3576/2981 734/3565/2981 2995/3568/2981
f 3003/3579/7306 3004/3581/7306 4587/3582/7306
f 724/3090/7307 4587/3582/7307 2752/3089/7307
f 4587/3582/2984 727/3084/2984 2752/3089/2984
f 3004/3581/2985 2998/3570/2985 4587/3582/2985
f 728/3583/7308 4588/3585/7308 3005/3586/7308
f 3005/3586/2987 3006/3587/2987 1006/4390/2987
f 3006/3587/2988 3000/3577/2988 1008/4387/2988
f 4588/3585/7309 731/3574/7309 3000/3577/7309
f 3008/3588/2990 3009/3590/2990 4589/3591/2990
f 721/3096/2991 4589/3591/2991 2755/3095/2991
f 4589/3591/2992 724/3090/2992 2755/3095/2992
f 3009/3590/2993 3003/3579/2993 4589/3591/2993
f 725/3592/7310 4590/3594/7310 3010/3595/7310
f 3010/3595/2995 3011/3596/2995 1004/4393/2995
f 3011/3596/2996 3005/3586/2996 1006/4390/2996
f 4590/3594/2997 728/3583/2997 3005/3586/2997
f 3013/3597/7311 3014/3599/7311 4591/3600/7311
f 718/3102/7312 4591/3600/7312 2758/3101/7312
f 4591/3600/7313 721/3096/7313 2758/3101/7313
f 3014/3599/7314 3008/3588/7314 4591/3600/7314
f 722/3601/3002 4592/3603/3002 3015/3604/3002
f 3015/3604/3003 3016/3605/3003 1002/4396/3003
f 3016/3605/3004 3010/3595/3004 1004/4393/3004
f 4592/3603/7315 725/3592/7315 3010/3595/7315
f 3018/3606/7316 3019/3608/7316 4593/3609/7316
f 715/3108/3007 4593/3609/3007 2761/3107/3007
f 4593/3609/7317 718/3102/7317 2761/3107/7317
f 3019/3608/7318 3013/3597/7318 4593/3609/7318
f 719/3610/3010 4594/3612/3010 3020/3613/3010
f 3020/3613/3011 3021/3614/3011 1000/4399/3011
f 3021/3614/7319 3015/3604/7319 1002/4396/7319
f 4594/3612/3013 722/3601/3013 3015/3604/3013
f 3023/3615/7320 3024/3617/7320 4595/3618/7320
f 712/3114/7321 4595/3618/7321 2764/3113/7321
f 4595/3618/7322 715/3108/7322 2764/3113/7322
f 3024/3617/7323 3018/3606/7323 4595/3618/7323
f 716/3619/7324 4596/3621/7324 3025/3622/7324
f 3025/3622/3019 3026/3623/3019 998/4402/3019
f 3026/3623/7325 3020/3613/7325 1000/4399/7325
f 4596/3621/7326 719/3610/7326 3020/3613/7326
f 3028/3624/7327 3029/3626/7327 4597/3627/7327
f 709/3118/7328 4597/3627/7328 2767/3117/7328
f 4597/3627/3024 712/3114/3024 2767/3117/3024
f 3029/3626/3025 3023/3615/3025 4597/3627/3025
f 713/3628/7329 4598/3630/7329 3030/3631/7329
f 3030/3631/3027 3031/3632/3027 996/4405/3027
f 3031/3632/7330 3025/3622/7330 998/4402/7330
f 4598/3630/7331 716/3619/7331 3025/3622/7331
f 2915/3422/7332 3033/3633/7332 4599/3634/7332
f 706/2974/7333 4599/3634/7333 2694/2973/7333
f 4599/3634/7334 709/3118/7334 2694/2973/7334
f 3033/3633/7335 3028/3624/7335 4599/3634/7335
f 710/3635/7336 4600/3637/7336 3034/3638/7336
f 3034/3638/7337 3035/3639/7337 994/4408/7337
f 3035/3639/7338 3030/3631/7338 996/4405/7338
f 4600/3637/7339 713/3628/7339 3030/3631/7339
f 779/3443/3038 4601/3641/3038 2926/3442/3038
f 2926/3442/7340 3037/3642/7340 1040/4339/7340
f 3037/3642/7341 3038/3643/7341 989/4336/7341
f 4601/3641/3041 703/3644/3041 3038/3643/3041
f 707/3645/3042 4602/3647/3042 3040/3648/3042
f 3040/3648/3043 3041/3649/3043 992/4411/3043
f 3041/3649/3044 3034/3638/3044 994/4408/3044
f 4602/3647/7342 710/3635/7342 3034/3638/7342
f 3043/3650/3046 3046/3652/3046 4603/3653/3046
f 3043/3650/7343 3044/3654/7343 707/3645/7343
f 4603/3653/7344 782/3656/7344 3044/3654/7344
f 4603/3653/3049 832/3657/3049 3045/3655/3049
f 3047/3658/3050 2854/3660/3050 4604/3661/3050
f 3047/3658/7345 3048/3662/7345 781/3771/7345
f 4604/3661/7346 701/2815/7346 3048/3662/7346
f 4604/3661/7347 702/3664/7347 3049/3663/7347
f 3050/3665/7348 3053/3667/7348 4605/3668/7348
f 3050/3665/7349 3051/3669/7349 834/5516/7349
f 3051/3669/7350 3052/3670/7350 625/4466/7350
f 4605/3668/7351 650/3671/7351 3052/3670/7351
f 2859/3307/7352 2534/2654/7352 4606/3672/7352
f 2859/3307/7353 2532/2644/7353 678/2643/7353
f 4606/3672/3060 864/2649/3060 2532/2644/3060
f 4606/3672/3061 909/2656/3061 3054/3673/3061
f 857/3674/3062 4607/3675/3062 3055/3676/3062
f 3055/3676/7354 3056/3677/7354 890/3683/7354
f 4607/3675/7355 630/3679/7355 3056/3677/7355
f 2606/2797/7356 3057/3678/7356 4607/3675/7356
f 2908/3405/3066 2612/2810/3066 4608/3680/3066
f 2908/3405/7357 2600/2780/7357 698/2779/7357
f 4608/3680/7358 858/2785/7358 2600/2780/7358
f 4608/3680/3069 885/2812/3069 3058/3681/3069
f 3059/3682/7359 3056/3677/7359 4609/3684/7359
f 3059/3682/7360 2596/2772/7360 881/2771/7360
f 4609/3684/7361 631/2777/7361 2596/2772/7361
f 3056/3677/7362 3060/3685/7362 4609/3684/7362
f 3061/3686/7363 2594/2774/7363 4610/3688/7363
f 3061/3686/7364 3062/3689/7364 893/3707/7364
f 4610/3688/7365 633/3691/7365 3062/3689/7365
f 4610/3688/7366 632/2776/7366 3063/3690/7366
f 2900/3389/3078 3066/3692/3078 4611/3693/3078
f 2900/3389/3079 3064/3694/3079 695/3384/3079
f 4611/3693/7367 855/3696/7367 3064/3694/7367
f 4611/3693/7368 882/3697/7368 3065/3695/7368
f 2903/3395/3082 2598/2782/3082 4612/3698/3082
f 2903/3395/3083 3066/3692/3083 696/3390/3083
f 4612/3698/7369 882/3697/7369 3066/3692/7369
f 4612/3698/7370 891/2784/7370 3067/3699/7370
f 2897/3383/3086 3064/3694/3086 4613/3700/3086
f 2897/3383/7371 2592/2766/7371 694/2765/7371
f 4613/3700/7372 894/2769/7372 2592/2766/7372
f 4613/3700/3089 855/3696/3089 3068/3701/3089
f 3069/3702/7373 2577/2740/7373 4614/3704/7373
f 3069/3702/7374 2572/2724/7374 896/2723/7374
f 4614/3704/7375 636/2729/7375 2572/2724/7375
f 4614/3704/7376 635/2742/7376 3070/3705/7376
f 3071/3706/7377 3062/3689/7377 4615/3708/7377
f 3071/3706/3095 2579/2738/3095 878/2737/3095
f 4615/3708/7378 634/2743/7378 2579/2738/7378
f 4615/3708/7379 633/3691/7379 3072/3709/7379
f 3073/3710/7380 2574/2733/7380 4616/3712/7380
f 3073/3710/7381 3074/3713/7381 899/3719/7381
f 4616/3712/7382 639/3715/7382 3074/3713/7382
f 4616/3712/7383 638/2735/7383 3075/3714/7383
f 2886/3361/3102 2581/2748/3102 4617/3716/3102
f 2886/3361/3103 2568/2716/3103 689/2715/3103
f 4617/3716/7384 849/2721/7384 2568/2716/7384
f 4617/3716/3105 876/2750/3105 3076/3717/3105
f 3077/3718/7385 3074/3713/7385 4618/3720/7385
f 3077/3718/7386 2564/2708/7386 872/2707/7386
f 4618/3720/7387 640/2713/7387 2564/2708/7387
f 4618/3720/7388 639/3715/7388 3078/3721/7388
f 3079/3722/7389 2562/2710/7389 4619/3724/7389
f 3079/3722/7390 3080/3725/7390 902/3743/7390
f 4619/3724/7391 642/3727/7391 3080/3725/7391
f 4619/3724/7392 641/2712/7392 3081/3726/7392
f 2878/3345/3114 3084/3728/3114 4620/3729/3114
f 2878/3345/7393 3082/3730/7393 686/3340/7393
f 4620/3729/7394 846/3732/7394 3082/3730/7394
f 4620/3729/7395 873/3733/7395 3083/3731/7395
f 2881/3351/7396 2566/2718/7396 4621/3734/7396
f 2881/3351/3119 3084/3728/3119 687/3346/3119
f 4621/3734/7397 873/3733/7397 3084/3728/7397
f 4621/3734/7398 900/2720/7398 3085/3735/7398
f 2875/3339/7399 3082/3730/7399 4622/3736/7399
f 2875/3339/7400 2560/2702/7400 685/2701/7400
f 4622/3736/3124 903/2705/3124 2560/2702/3124
f 4622/3736/3125 846/3732/3125 3086/3737/3125
f 3087/3738/7401 2545/2676/7401 4623/3740/7401
f 3087/3738/7402 2540/2660/7402 905/2659/7402
f 4623/3740/7403 645/2664/7403 2540/2660/7403
f 4623/3740/7404 644/2678/7404 3088/3741/7404
f 3089/3742/3130 3080/3725/3130 4624/3744/3130
f 3089/3742/7405 2547/2674/7405 869/2673/7405
f 4624/3744/7406 643/2679/7406 2547/2674/7406
f 4624/3744/7407 642/3727/7407 3090/3745/7407
f 3091/3746/3134 2542/2669/3134 4625/3748/3134
f 908/3747/3135 4625/3748/3135 3092/3749/3135
f 3092/3749/3136 3093/3750/3136 648/3759/3136
f 4625/3748/7408 647/3751/7408 3093/3750/7408
f 2864/3317/7409 2549/2684/7409 4626/3752/7409
f 2864/3317/3139 2536/2652/3139 680/2651/3139
f 4626/3752/3140 840/2657/3140 2536/2652/3140
f 4626/3752/3141 867/2686/3141 3094/3753/3141
f 3095/3754/3142 3092/3749/3142 4627/3756/3142
f 863/3755/7410 4627/3756/7410 3096/3757/7410
f 3096/3757/3144 3097/3758/3144 649/3763/3144
f 4627/3756/7411 648/3759/7411 3097/3758/7411
f 3098/3760/7412 3096/3757/7412 4628/3761/7412
f 836/3666/7413 4628/3761/7413 3053/3667/7413
f 3053/3667/7414 3099/3762/7414 650/3671/7414
f 4628/3761/3149 649/3763/3149 3099/3762/3149
f 3049/3663/3150 2619/3764/3150 4629/3765/3150
f 3049/3663/7415 2617/2816/7415 701/2815/7415
f 4629/3765/7416 861/2819/7416 2617/2816/7416
f 4629/3765/7417 833/3767/7417 3100/3766/7417
f 831/3659/7418 4630/3768/7418 3101/3769/7418
f 3101/3769/7419 3045/3655/7419 832/3657/7419
f 3045/3655/7420 3102/3770/7420 782/3656/7420
f 4630/3768/7421 781/3771/7421 3102/3770/7421
f 3042/3646/3158 3044/3654/3158 4631/3772/3158
f 3042/3646/3159 3103/3773/3159 710/3635/3159
f 4631/3772/7422 784/3775/7422 3103/3773/7422
f 4631/3772/7423 782/3656/7423 3104/3774/7423
f 781/3771/7424 4632/3777/7424 3102/3770/7424
f 3102/3770/7425 3104/3774/7425 782/3656/7425
f 3104/3774/7426 3105/3778/7426 784/3775/7426
f 4632/3777/3165 783/3408/3165 3105/3778/3165
f 3036/3636/7427 3103/3773/7427 4633/3779/7427
f 3036/3636/3167 3107/3780/3167 713/3628/3167
f 4633/3779/3168 786/3782/3168 3107/3780/3168
f 4633/3779/3169 784/3775/3169 3108/3781/3169
f 783/3408/7428 4634/3783/7428 3105/3778/7428
f 3105/3778/7429 3108/3781/7429 784/3775/7429
f 3108/3781/3172 3109/3784/3172 786/3782/3172
f 4634/3783/7430 785/3402/7430 3109/3784/7430
f 3032/3629/3174 3107/3780/3174 4635/3785/3174
f 3032/3629/7431 3110/3786/7431 716/3619/7431
f 4635/3785/7432 788/3788/7432 3110/3786/7432
f 4635/3785/7433 786/3782/7433 3111/3787/7433
f 785/3402/3178 4636/3789/3178 3109/3784/3178
f 3109/3784/3179 3111/3787/3179 786/3782/3179
f 3111/3787/7434 3112/3790/7434 788/3788/7434
f 4636/3789/7435 787/3398/7435 3112/3790/7435
f 3027/3620/7436 3110/3786/7436 4637/3791/7436
f 3027/3620/3183 3113/3792/3183 719/3610/3183
f 4637/3791/7437 790/3794/7437 3113/3792/7437
f 4637/3791/7438 788/3788/7438 3114/3793/7438
f 787/3398/3186 4638/3795/3186 3112/3790/3186
f 3112/3790/7439 3114/3793/7439 788/3788/7439
f 3114/3793/7440 3115/3796/7440 790/3794/7440
f 4638/3795/7441 789/3392/7441 3115/3796/7441
f 3022/3611/7442 3113/3792/7442 4639/3797/7442
f 3022/3611/3191 3116/3798/3191 722/3601/3191
f 4639/3797/7443 792/3800/7443 3116/3798/7443
f 4639/3797/7444 790/3794/7444 3117/3799/7444
f 789/3392/3194 4640/3801/3194 3115/3796/3194
f 3115/3796/7445 3117/3799/7445 790/3794/7445
f 3117/3799/7446 3118/3802/7446 792/3800/7446
f 4640/3801/3197 791/3386/3197 3118/3802/3197
f 3017/3602/3198 3116/3798/3198 4641/3803/3198
f 3017/3602/3199 3119/3804/3199 725/3592/3199
f 4641/3803/3200 794/3806/3200 3119/3804/3200
f 4641/3803/3201 792/3800/3201 3120/3805/3201
f 791/3386/7447 4642/3807/7447 3118/3802/7447
f 3118/3802/7448 3120/3805/7448 792/3800/7448
f 3120/3805/7449 3121/3808/7449 794/3806/7449
f 4642/3807/7450 793/3380/7450 3121/3808/7450
f 3012/3593/3206 3119/3804/3206 4643/3809/3206
f 3012/3593/3207 3122/3810/3207 728/3583/3207
f 4643/3809/3208 796/3812/3208 3122/3810/3208
f 4643/3809/7451 794/3806/7451 3123/3811/7451
f 793/3380/3210 4644/3813/3210 3121/3808/3210
f 3121/3808/7452 3123/3811/7452 794/3806/7452
f 3123/3811/7453 3124/3814/7453 796/3812/7453
f 4644/3813/7454 795/3376/7454 3124/3814/7454
f 3007/3584/3214 3122/3810/3214 4645/3815/3214
f 3007/3584/7455 3125/3816/7455 731/3574/7455
f 4645/3815/3216 798/3818/3216 3125/3816/3216
f 4645/3815/3217 796/3812/3217 3126/3817/3217
f 795/3376/7456 4646/3819/7456 3124/3814/7456
f 3124/3814/3219 3126/3817/3219 796/3812/3219
f 3126/3817/7457 3127/3820/7457 798/3818/7457
f 4646/3819/3221 797/3372/3221 3127/3820/3221
f 3002/3575/7458 3125/3816/7458 4647/3821/7458
f 3002/3575/3223 3128/3822/3223 734/3565/3223
f 4647/3821/3224 800/3824/3224 3128/3822/3224
f 4647/3821/7459 798/3818/7459 3129/3823/7459
f 797/3372/7460 4648/3825/7460 3127/3820/7460
f 3127/3820/7461 3129/3823/7461 798/3818/7461
f 3129/3823/3228 3130/3826/3228 800/3824/3228
f 4648/3825/3229 799/3368/3229 3130/3826/3229
f 2997/3566/3230 3128/3822/3230 4649/3827/3230
f 2997/3566/7462 3131/3828/7462 737/3556/7462
f 4649/3827/3232 802/3830/3232 3131/3828/3232
f 4649/3827/7463 800/3824/7463 3132/3829/7463
f 799/3368/3234 4650/3831/3234 3130/3826/3234
f 3130/3826/7464 3132/3829/7464 800/3824/7464
f 3132/3829/3236 3133/3832/3236 802/3830/3236
f 4650/3831/7465 801/3364/7465 3133/3832/7465
f 2992/3557/3238 3131/3828/3238 4651/3833/3238
f 2992/3557/7466 3134/3834/7466 740/3547/7466
f 4651/3833/3240 804/3836/3240 3134/3834/3240
f 4651/3833/7467 802/3830/7467 3135/3835/7467
f 801/3364/7468 4652/3837/7468 3133/3832/7468
f 3133/3832/3243 3135/3835/3243 802/3830/3243
f 3135/3835/7469 3136/3838/7469 804/3836/7469
f 4652/3837/7470 803/3358/7470 3136/3838/7470
f 2987/3548/7471 3134/3834/7471 4653/3839/7471
f 2987/3548/3247 3137/3840/3247 743/3538/3247
f 4653/3839/7472 806/3842/7472 3137/3840/7472
f 4653/3839/7473 804/3836/7473 3138/3841/7473
f 803/3358/7474 4654/3843/7474 3136/3838/7474
f 3136/3838/7475 3138/3841/7475 804/3836/7475
f 3138/3841/3252 3139/3844/3252 806/3842/3252
f 4654/3843/7476 805/3354/7476 3139/3844/7476
f 2982/3539/3254 3137/3840/3254 4655/3845/3254
f 2982/3539/7477 3140/3846/7477 746/3529/7477
f 4655/3845/7478 808/3848/7478 3140/3846/7478
f 4655/3845/7479 806/3842/7479 3141/3847/7479
f 805/3354/7480 4656/3849/7480 3139/3844/7480
f 3139/3844/3259 3141/3847/3259 806/3842/3259
f 3141/3847/7481 3142/3850/7481 808/3848/7481
f 4656/3849/7482 807/3348/7482 3142/3850/7482
f 2977/3530/7483 3140/3846/7483 4657/3851/7483
f 2977/3530/3263 3143/3852/3263 749/3520/3263
f 4657/3851/7484 810/3854/7484 3143/3852/7484
f 4657/3851/3265 808/3848/3265 3144/3853/3265
f 807/3348/7485 4658/3855/7485 3142/3850/7485
f 3142/3850/7486 3144/3853/7486 808/3848/7486
f 3144/3853/3268 3145/3856/3268 810/3854/3268
f 4658/3855/7487 809/3342/7487 3145/3856/7487
f 2972/3521/7488 3143/3852/7488 4659/3857/7488
f 2972/3521/3271 3146/3858/3271 752/3511/3271
f 4659/3857/7489 812/3860/7489 3146/3858/7489
f 4659/3857/3273 810/3854/3273 3147/3859/3273
f 809/3342/7490 4660/3861/7490 3145/3856/7490
f 3145/3856/3275 3147/3859/3275 810/3854/3275
f 3147/3859/7491 3148/3862/7491 812/3860/7491
f 4660/3861/3277 811/3336/3277 3148/3862/3277
f 2967/3512/3278 3146/3858/3278 4661/3863/3278
f 2967/3512/7492 3149/3864/7492 755/3502/7492
f 4661/3863/7493 814/3866/7493 3149/3864/7493
f 4661/3863/3281 812/3860/3281 3150/3865/3281
f 811/3336/3282 4662/3867/3282 3148/3862/3282
f 3148/3862/3283 3150/3865/3283 812/3860/3283
f 3150/3865/7494 3151/3868/7494 814/3866/7494
f 4662/3867/7495 813/3332/7495 3151/3868/7495
f 2962/3503/7496 3149/3864/7496 4663/3869/7496
f 2962/3503/3287 3152/3870/3287 758/3493/3287
f 4663/3869/3288 816/3872/3288 3152/3870/3288
f 4663/3869/3289 814/3866/3289 3153/3871/3289
f 813/3332/7497 4664/3873/7497 3151/3868/7497
f 3151/3868/3291 3153/3871/3291 814/3866/3291
f 3153/3871/3292 3154/3874/3292 816/3872/3292
f 4664/3873/7498 815/3328/7498 3154/3874/7498
f 2957/3494/3294 3152/3870/3294 4665/3875/3294
f 2957/3494/3295 3155/3876/3295 761/3484/3295
f 4665/3875/7499 818/3878/7499 3155/3876/7499
f 4665/3875/3297 816/3872/3297 3156/3877/3297
f 815/3328/7500 4666/3879/7500 3154/3874/7500
f 3154/3874/7501 3156/3877/7501 816/3872/7501
f 3156/3877/7502 3157/3880/7502 818/3878/7502
f 4666/3879/3301 817/3324/3301 3157/3880/3301
f 2952/3485/3302 3155/3876/3302 4667/3881/3302
f 2952/3485/3303 3158/3882/3303 764/3475/3303
f 4667/3881/3304 820/3884/3304 3158/3882/3304
f 4667/3881/3305 818/3878/3305 3159/3883/3305
f 817/3324/7503 4668/3885/7503 3157/3880/7503
f 3157/3880/7504 3159/3883/7504 818/3878/7504
f 3159/3883/7505 3160/3886/7505 820/3884/7505
f 4668/3885/7506 819/3320/7506 3160/3886/7506
f 2947/3476/3310 3158/3882/3310 4669/3887/3310
f 2947/3476/7507 3161/3888/7507 767/3466/7507
f 4669/3887/7508 822/3890/7508 3161/3888/7508
f 4669/3887/7509 820/3884/7509 3162/3889/7509
f 819/3320/3314 4670/3891/3314 3160/3886/3314
f 3160/3886/7510 3162/3889/7510 820/3884/7510
f 3162/3889/7511 3163/3892/7511 822/3890/7511
f 4670/3891/3317 821/3314/3317 3163/3892/3317
f 2942/3467/3318 3161/3888/3318 4671/3893/3318
f 2942/3467/7512 3164/3894/7512 770/3457/7512
f 4671/3893/7513 824/3896/7513 3164/3894/7513
f 4671/3893/7514 822/3890/7514 3165/3895/7514
f 821/3314/7515 4672/3897/7515 3163/3892/7515
f 3163/3892/7516 3165/3895/7516 822/3890/7516
f 3165/3895/7517 3166/3898/7517 824/3896/7517
f 4672/3897/3325 823/3310/3325 3166/3898/3325
f 2937/3458/7518 3164/3894/7518 4673/3899/7518
f 2937/3458/3327 3167/3900/3327 773/3448/3327
f 4673/3899/7519 826/3902/7519 3167/3900/7519
f 4673/3899/7520 824/3896/7520 3168/3901/7520
f 823/3310/7521 4674/3903/7521 3166/3898/7521
f 3166/3898/7522 3168/3901/7522 824/3896/7522
f 3168/3901/3332 3169/3904/3332 826/3902/3332
f 4674/3903/3333 825/3304/3333 3169/3904/3333
f 2932/3449/3334 3167/3900/3334 4675/3905/3334
f 2932/3449/7523 3170/3906/7523 776/3437/7523
f 4675/3905/3336 828/3908/3336 3170/3906/3336
f 4675/3905/3337 826/3902/3337 3171/3907/3337
f 825/3304/7524 4676/3909/7524 3169/3904/7524
f 3169/3904/3339 3171/3907/3339 826/3902/3339
f 3171/3907/7525 3172/3910/7525 828/3908/7525
f 4676/3909/7526 827/3300/7526 3172/3910/7526
f 2927/3438/3342 3170/3906/3342 4677/3911/3342
f 2927/3438/3343 3173/3912/3343 779/3443/3343
f 4677/3911/7527 830/3914/7527 3173/3912/7527
f 4677/3911/7528 828/3908/7528 3174/3913/7528
f 827/3300/3346 4678/3915/3346 3172/3910/3346
f 3172/3910/7529 3174/3913/7529 828/3908/7529
f 3174/3913/7530 3175/3916/7530 830/3914/7530
f 4678/3915/7531 829/3294/7531 3175/3916/7531
f 3039/3640/7532 3173/3912/7532 4679/3917/7532
f 3039/3640/3351 3046/3918/3351 703/3644/3351
f 4679/3917/3352 832/3920/3352 3046/3918/3352
f 4679/3917/7533 830/3914/7533 3176/3919/7533
f 829/3294/7534 4680/3921/7534 3175/3916/7534
f 3175/3916/7535 3176/3919/7535 830/3914/7535
f 3176/3919/7536 3101/3922/7536 832/3920/7536
f 4680/3921/7537 831/3923/7537 3101/3922/7537
f 3106/3776/7538 3048/3662/7538 4681/3924/7538
f 3106/3776/3359 2911/3409/3359 783/3408/3359
f 4681/3924/3360 700/2807/3360 2911/3409/3360
f 4681/3924/3361 701/2815/3361 2615/2814/3361
f 834/3925/7539 4682/3927/7539 3177/3928/7539
f 3177/3928/7540 3178/3929/7540 835/3932/7540
f 3178/3929/7541 3179/3930/7541 862/3936/7541
f 4682/3927/7542 860/3931/7542 3179/3930/7542
f 835/3932/7543 4683/3933/7543 3181/3934/7543
f 3181/3934/7544 3100/3766/7544 833/3767/7544
f 3100/3766/3368 3182/3935/3368 861/2819/3368
f 4683/3933/7545 862/3936/7545 3182/3935/7545
f 860/3931/7546 4684/3938/7546 3179/3930/7546
f 3179/3930/7547 3183/3939/7547 862/3936/7547
f 3183/3939/7548 3184/3940/7548 889/3944/7548
f 4684/3938/7549 887/3941/7549 3184/3940/7549
f 862/3936/3374 4685/3942/3374 3182/3935/3374
f 3182/3935/7550 2616/2818/7550 861/2819/7550
f 2616/2818/3376 3185/3943/3376 888/2813/3376
f 4685/3942/7551 889/3944/7551 3185/3943/7551
f 887/3941/7552 4686/3946/7552 3184/3940/7552
f 3184/3940/7553 3186/3947/7553 889/3944/7553
f 3186/3947/7554 3187/3948/7554 886/3952/7554
f 4686/3946/7555 884/3949/7555 3187/3948/7555
f 889/3944/7556 4687/3950/7556 3185/3943/7556
f 3185/3943/7557 2613/2811/7557 888/2813/7557
f 2613/2811/7558 3188/3951/7558 885/2812/7558
f 4687/3950/3385 886/3952/3385 3188/3951/3385
f 884/3949/3386 4688/3954/3386 3187/3948/3386
f 3187/3948/7559 3189/3955/7559 886/3952/7559
f 3189/3955/3388 3190/3956/3388 859/3960/3388
f 4688/3954/7560 857/3957/7560 3190/3956/7560
f 886/3952/7561 4689/3958/7561 3188/3951/7561
f 3188/3951/3391 3058/3681/3391 885/2812/3391
f 3058/3681/7562 3191/3959/7562 858/2785/7562
f 4689/3958/3393 859/3960/3393 3191/3959/3393
f 857/3957/3394 4690/3962/3394 3190/3956/3394
f 3190/3956/7563 3192/3963/7563 859/3960/7563
f 3192/3963/3396 3193/3964/3396 892/3968/3396
f 4690/3962/3397 890/3965/3397 3193/3964/3397
f 859/3960/7564 4691/3966/7564 3191/3959/7564
f 3191/3959/7565 2599/2783/7565 858/2785/7565
f 2599/2783/7566 3194/3967/7566 891/2784/7566
f 4691/3966/7567 892/3968/7567 3194/3967/7567
f 890/3965/7568 4692/3970/7568 3193/3964/7568
f 3193/3964/7569 3195/3971/7569 892/3968/7569
f 3195/3971/7570 3196/3972/7570 883/3976/7570
f 4692/3970/7571 881/3973/7571 3196/3972/7571
f 892/3968/3406 4693/3974/3406 3194/3967/3406
f 3194/3967/7572 3067/3699/7572 891/2784/7572
f 3067/3699/3408 3197/3975/3408 882/3697/3408
f 4693/3974/7573 883/3976/7573 3197/3975/7573
f 881/3973/3410 4694/3978/3410 3196/3972/3410
f 3196/3972/7574 3198/3979/7574 883/3976/7574
f 3198/3979/7575 3199/3980/7575 856/3984/7575
f 4694/3978/3413 854/3981/3413 3199/3980/3413
f 883/3976/7576 4695/3982/7576 3197/3975/7576
f 3197/3975/3415 3065/3695/3415 882/3697/3415
f 3065/3695/7577 3200/3983/7577 855/3696/7577
f 4695/3982/7578 856/3984/7578 3200/3983/7578
f 854/3981/7579 4696/3986/7579 3199/3980/7579
f 3199/3980/7580 3201/3987/7580 856/3984/7580
f 3201/3987/7581 3202/3988/7581 895/3992/7581
f 4696/3986/7582 893/3989/7582 3202/3988/7582
f 856/3984/7583 4697/3990/7583 3200/3983/7583
f 3200/3983/3423 3068/3701/3423 855/3696/3423
f 3068/3701/7584 3203/3991/7584 894/2769/7584
f 4697/3990/3425 895/3992/3425 3203/3991/3425
f 893/3989/3426 4698/3994/3426 3202/3988/3426
f 3202/3988/7585 3204/3995/7585 895/3992/7585
f 3204/3995/7586 3205/3996/7586 880/4000/7586
f 4698/3994/7587 878/3997/7587 3205/3996/7587
f 895/3992/7588 4699/3998/7588 3203/3991/7588
f 3203/3991/3431 2591/2768/3431 894/2769/3431
f 2591/2768/7589 3206/3999/7589 879/2759/7589
f 4699/3998/3433 880/4000/3433 3206/3999/3433
f 878/3997/7590 4700/4002/7590 3205/3996/7590
f 3205/3996/7591 3207/4003/7591 880/4000/7591
f 3207/4003/7592 3208/4004/7592 853/4008/7592
f 4700/4002/7593 851/4005/7593 3208/4004/7593
f 880/4000/3438 4701/4006/3438 3206/3999/3438
f 3206/3999/7594 2586/2757/7594 879/2759/7594
f 2586/2757/3440 3209/4007/3440 852/2758/3440
f 4701/4006/3441 853/4008/3441 3209/4007/3441
f 851/4005/7595 4702/4010/7595 3208/4004/7595
f 3208/4004/7596 3210/4011/7596 853/4008/7596
f 3210/4011/7597 3211/4012/7597 898/4016/7597
f 4702/4010/7598 896/4013/7598 3211/4012/7598
f 853/4008/3446 4703/4014/3446 3209/4007/3446
f 3209/4007/7599 2589/2763/7599 852/2758/7599
f 2589/2763/7600 3212/4015/7600 897/2751/7600
f 4703/4014/7601 898/4016/7601 3212/4015/7601
f 896/4013/7602 4704/4018/7602 3211/4012/7602
f 3211/4012/7603 3213/4019/7603 898/4016/7603
f 3213/4019/7604 3214/4020/7604 877/4024/7604
f 4704/4018/7605 875/4021/7605 3214/4020/7605
f 898/4016/7606 4705/4022/7606 3212/4015/7606
f 3212/4015/3455 2582/2749/3455 897/2751/3455
f 2582/2749/7607 3215/4023/7607 876/2750/7607
f 4705/4022/3457 877/4024/3457 3215/4023/3457
f 875/4021/7608 4706/4026/7608 3214/4020/7608
f 3214/4020/7609 3216/4027/7609 877/4024/7609
f 3216/4027/7610 3217/4028/7610 850/4032/7610
f 4706/4026/7611 848/4029/7611 3217/4028/7611
f 877/4024/7612 4707/4030/7612 3215/4023/7612
f 3215/4023/3463 3076/3717/3463 876/2750/3463
f 3076/3717/3464 3218/4031/3464 849/2721/3464
f 4707/4030/7613 850/4032/7613 3218/4031/7613
f 848/4029/7614 4708/4034/7614 3217/4028/7614
f 3217/4028/7615 3219/4035/7615 850/4032/7615
f 3219/4035/7616 3220/4036/7616 901/4040/7616
f 4708/4034/7617 899/4037/7617 3220/4036/7617
f 850/4032/7618 4709/4038/7618 3218/4031/7618
f 3218/4031/3471 2567/2719/3471 849/2721/3471
f 2567/2719/3472 3221/4039/3472 900/2720/3472
f 4709/4038/7619 901/4040/7619 3221/4039/7619
f 899/4037/7620 4710/4042/7620 3220/4036/7620
f 3220/4036/7621 3222/4043/7621 901/4040/7621
f 3222/4043/7622 3223/4044/7622 874/4048/7622
f 4710/4042/7623 872/4045/7623 3223/4044/7623
f 901/4040/3478 4711/4046/3478 3221/4039/3478
f 3221/4039/7624 3085/3735/7624 900/2720/7624
f 3085/3735/3480 3224/4047/3480 873/3733/3480
f 4711/4046/7625 874/4048/7625 3224/4047/7625
f 872/4045/7626 4712/4050/7626 3223/4044/7626
f 3223/4044/7627 3225/4051/7627 874/4048/7627
f 3225/4051/7628 3226/4052/7628 847/4056/7628
f 4712/4050/7629 845/4053/7629 3226/4052/7629
f 874/4048/7630 4713/4054/7630 3224/4047/7630
f 3224/4047/7631 3083/3731/7631 873/3733/7631
f 3083/3731/7632 3227/4055/7632 846/3732/7632
f 4713/4054/3489 847/4056/3489 3227/4055/3489
f 845/4053/7633 4714/4058/7633 3226/4052/7633
f 3226/4052/7634 3228/4059/7634 847/4056/7634
f 3228/4059/7635 3229/4060/7635 904/4064/7635
f 4714/4058/7636 902/4061/7636 3229/4060/7636
f 847/4056/3494 4715/4062/3494 3227/4055/3494
f 3227/4055/3495 3086/3737/3495 846/3732/3495
f 3086/3737/7637 3230/4063/7637 903/2705/7637
f 4715/4062/3497 904/4064/3497 3230/4063/3497
f 902/4061/7638 4716/4066/7638 3229/4060/7638
f 3229/4060/7639 3231/4067/7639 904/4064/7639
f 3231/4067/7640 3232/4068/7640 871/4072/7640
f 4716/4066/3501 869/4069/3501 3232/4068/3501
f 904/4064/3502 4717/4070/3502 3230/4063/3502
f 3230/4063/7641 2559/2704/7641 903/2705/7641
f 2559/2704/3504 3233/4071/3504 870/2695/3504
f 4717/4070/7642 871/4072/7642 3233/4071/7642
f 869/4069/7643 4718/4074/7643 3232/4068/7643
f 3232/4068/7644 3234/4075/7644 871/4072/7644
f 3234/4075/7645 3235/4076/7645 844/4080/7645
f 4718/4074/7646 842/4077/7646 3235/4076/7646
f 871/4072/3510 4719/4078/3510 3233/4071/3510
f 3233/4071/7647 2554/2693/7647 870/2695/7647
f 2554/2693/3512 3236/4079/3512 843/2694/3512
f 4719/4078/7648 844/4080/7648 3236/4079/7648
f 842/4077/3514 4720/4082/3514 3235/4076/3514
f 3235/4076/7649 3237/4083/7649 844/4080/7649
f 3237/4083/7650 3238/4084/7650 907/4088/7650
f 4720/4082/3517 905/4085/3517 3238/4084/3517
f 844/4080/7651 4721/4086/7651 3236/4079/7651
f 3236/4079/3519 2557/2699/3519 843/2694/3519
f 2557/2699/3520 3239/4087/3520 906/2687/3520
f 4721/4086/7652 907/4088/7652 3239/4087/7652
f 905/4085/7653 4722/4090/7653 3238/4084/7653
f 3238/4084/7654 3240/4091/7654 907/4088/7654
f 3240/4091/7655 3241/4092/7655 868/4096/7655
f 4722/4090/7656 866/4093/7656 3241/4092/7656
f 907/4088/7657 4723/4094/7657 3239/4087/7657
f 3239/4087/3527 2550/2685/3527 906/2687/3527
f 2550/2685/7658 3242/4095/7658 867/2686/7658
f 4723/4094/3529 868/4096/3529 3242/4095/3529
f 866/4093/3530 4724/4098/3530 3241/4092/3530
f 3241/4092/3531 3243/4099/3531 868/4096/3531
f 3243/4099/7659 3244/4100/7659 841/4104/7659
f 4724/4098/3533 839/4101/3533 3244/4100/3533
f 868/4096/7660 4725/4102/7660 3242/4095/7660
f 3242/4095/7661 3094/3753/7661 867/2686/7661
f 3094/3753/7662 3245/4103/7662 840/2657/7662
f 4725/4102/7663 841/4104/7663 3245/4103/7663
f 839/4101/7664 4726/4106/7664 3244/4100/7664
f 3244/4100/3539 3246/4107/3539 841/4104/3539
f 3246/4107/7665 3247/4108/7665 910/4112/7665
f 4726/4106/3541 908/4109/3541 3247/4108/3541
f 841/4104/3542 4727/4110/3542 3245/4103/3542
f 3245/4103/7666 2535/2655/7666 840/2657/7666
f 2535/2655/3544 3248/4111/3544 909/2656/3544
f 4727/4110/7667 910/4112/7667 3248/4111/7667
f 908/4109/7668 4728/4114/7668 3247/4108/7668
f 3247/4108/7669 3249/4115/7669 910/4112/7669
f 3249/4115/7670 3250/4116/7670 865/4120/7670
f 4728/4114/7671 863/4117/7671 3250/4116/7671
f 910/4112/3550 4729/4118/3550 3248/4111/3550
f 3248/4111/7672 3054/3673/7672 909/2656/7672
f 3054/3673/7673 3251/4119/7673 864/2649/7673
f 4729/4118/7674 865/4120/7674 3251/4119/7674
f 863/4117/7675 4730/4122/7675 3250/4116/7675
f 3250/4116/7676 3252/4123/7676 865/4120/7676
f 3252/4123/7677 3253/4124/7677 838/4128/7677
f 4730/4122/7678 836/4125/7678 3253/4124/7678
f 865/4120/7679 4731/4126/7679 3251/4119/7679
f 3251/4119/3559 2531/2647/3559 864/2649/3559
f 2531/2647/7680 3254/4127/7680 837/2648/7680
f 4731/4126/3561 838/4128/3561 3254/4127/3561
f 836/4125/7681 4732/4130/7681 3253/4124/7681
f 3253/4124/7682 3255/4131/7682 838/4128/7682
f 3255/4131/7683 3177/4132/7683 835/4136/7683
f 4732/4130/7684 834/4133/7684 3177/4132/7684
f 838/4128/7685 4733/4134/7685 3254/4127/7685
f 3254/4127/3567 2620/2824/3567 837/2648/3567
f 2620/2824/7686 3181/4135/7686 833/2825/7686
f 4733/4134/7687 835/4136/7687 3181/4135/7687
f 3180/4137/7688 3051/4139/7688 4734/4140/7688
f 3180/4137/7689 2610/2801/7689 860/2800/7689
f 4734/4140/7690 626/2805/7690 2610/2801/7690
f 3051/4139/7691 2919/3431/7691 4734/4140/7691
f 3256/4141/7692 2696/2979/7692 4735/4143/7692
f 985/4142/7693 4735/4143/7693 3257/4147/7693
f 4735/4143/7694 988/4145/7694 3257/4147/7694
f 2696/2979/7695 3258/4144/7695 4735/4143/7695
f 3259/4146/7696 3257/4147/7696 4736/4149/7696
f 983/4148/3579 4736/4149/3579 2527/5517/3579
f 4736/4149/3580 987/4151/3580 2527/5517/3580
f 3257/4147/3581 3260/4150/3581 4736/4149/3581
f 3261/4152/3582 2700/2986/3582 4737/4154/3582
f 982/4153/7697 4737/4154/7697 3262/4156/7697
f 4737/4154/7698 985/4142/7698 3262/4156/7698
f 2700/2986/7699 3256/4141/7699 4737/4154/7699
f 3263/4155/3586 3262/4156/3586 4738/4158/3586
f 980/4157/3587 4738/4158/3587 2683/5518/3587
f 4738/4158/3588 983/4148/3588 2683/5518/3588
f 3262/4156/7700 3259/4146/7700 4738/4158/7700
f 3264/4159/3590 2703/2992/3590 4739/4161/3590
f 979/4160/7701 4739/4161/7701 3265/4163/7701
f 4739/4161/7702 982/4153/7702 3265/4163/7702
f 2703/2992/7703 3261/4152/7703 4739/4161/7703
f 3266/4162/3594 3265/4163/3594 4740/4165/3594
f 977/4164/3595 4740/4165/3595 2681/5519/3595
f 4740/4165/7704 980/4157/7704 2681/5519/7704
f 3265/4163/3597 3263/4155/3597 4740/4165/3597
f 3267/4166/7705 2706/2998/7705 4741/4168/7705
f 976/4167/7706 4741/4168/7706 3268/4170/7706
f 4741/4168/7707 979/4160/7707 3268/4170/7707
f 2706/2998/7708 3264/4159/7708 4741/4168/7708
f 3269/4169/3602 3268/4170/3602 4742/4172/3602
f 974/4171/7709 4742/4172/7709 2678/5520/7709
f 4742/4172/7710 977/4164/7710 2678/5520/7710
f 3268/4170/3605 3266/4162/3605 4742/4172/3605
f 3270/4173/7711 2709/3004/7711 4743/4175/7711
f 973/4174/7712 4743/4175/7712 3271/4177/7712
f 4743/4175/3608 976/4167/3608 3271/4177/3608
f 2709/3004/7713 3267/4166/7713 4743/4175/7713
f 3272/4176/7714 3271/4177/7714 4744/4179/7714
f 971/4178/3611 4744/4179/3611 2675/5521/3611
f 4744/4179/3612 974/4171/3612 2675/5521/3612
f 3271/4177/7715 3269/4169/7715 4744/4179/7715
f 3273/4180/3614 2712/3010/3614 4745/4182/3614
f 970/4181/3615 4745/4182/3615 3274/4184/3615
f 4745/4182/3616 973/4174/3616 3274/4184/3616
f 2712/3010/3617 3270/4173/3617 4745/4182/3617
f 3275/4183/7716 3274/4184/7716 4746/4186/7716
f 968/4185/7717 4746/4186/7717 2672/5522/7717
f 4746/4186/3620 971/4178/3620 2672/5522/3620
f 3274/4184/7718 3272/4176/7718 4746/4186/7718
f 3276/4187/7719 2715/3016/7719 4747/4189/7719
f 967/4188/7720 4747/4189/7720 3277/4191/7720
f 4747/4189/7721 970/4181/7721 3277/4191/7721
f 2715/3016/7722 3273/4180/7722 4747/4189/7722
f 3278/4190/3626 3277/4191/3626 4748/4193/3626
f 965/4192/7723 4748/4193/7723 2669/5523/7723
f 4748/4193/7724 968/4185/7724 2669/5523/7724
f 3277/4191/3629 3275/4183/3629 4748/4193/3629
f 3279/4194/7725 2718/3022/7725 4749/4196/7725
f 964/4195/7726 4749/4196/7726 3280/4198/7726
f 4749/4196/7727 967/4188/7727 3280/4198/7727
f 2718/3022/3633 3276/4187/3633 4749/4196/3633
f 3281/4197/7728 3280/4198/7728 4750/4200/7728
f 962/4199/7729 4750/4200/7729 2666/5524/7729
f 4750/4200/7730 965/4192/7730 2666/5524/7730
f 3280/4198/7731 3278/4190/7731 4750/4200/7731
f 3282/4201/7732 2721/3028/7732 4751/4203/7732
f 961/4202/7733 4751/4203/7733 3283/4205/7733
f 4751/4203/3640 964/4195/3640 3283/4205/3640
f 2721/3028/3641 3279/4194/3641 4751/4203/3641
f 3284/4204/3642 3283/4205/3642 4752/4207/3642
f 959/4206/3643 4752/4207/3643 2663/5525/3643
f 4752/4207/7734 962/4199/7734 2663/5525/7734
f 3283/4205/7735 3281/4197/7735 4752/4207/7735
f 3285/4208/7736 2724/3034/7736 4753/4210/7736
f 958/4209/7737 4753/4210/7737 3286/4212/7737
f 4753/4210/7738 961/4202/7738 3286/4212/7738
f 2724/3034/7739 3282/4201/7739 4753/4210/7739
f 3287/4211/3650 3286/4212/3650 4754/4214/3650
f 956/4213/3651 4754/4214/3651 2660/5526/3651
f 4754/4214/7740 959/4206/7740 2660/5526/7740
f 3286/4212/7741 3284/4204/7741 4754/4214/7741
f 3288/4215/3654 2727/3040/3654 4755/4217/3654
f 955/4216/3655 4755/4217/3655 3289/4219/3655
f 4755/4217/7742 958/4209/7742 3289/4219/7742
f 2727/3040/3657 3285/4208/3657 4755/4217/3657
f 3290/4218/7743 3289/4219/7743 4756/4221/7743
f 953/4220/7744 4756/4221/7745 2657/5527/7745
f 4756/4221/7746 956/4213/7746 2657/5527/7746
f 3289/4219/3662 3287/4211/3662 4756/4221/3662
f 3291/4222/7747 2730/3046/7747 4757/4224/7747
f 952/4223/3664 4757/4224/3664 3292/4226/3664
f 4757/4224/7748 955/4216/7748 3292/4226/7748
f 2730/3046/7749 3288/4215/7749 4757/4224/7749
f 3293/4225/3667 3292/4226/3667 4758/4228/3667
f 950/4227/3668 4758/4228/3668 2654/5528/3668
f 4758/4228/7750 953/4220/7751 2654/5528/7750
f 3292/4226/7752 3290/4218/7752 4758/4228/7752
f 3294/4229/7753 2733/3052/7753 4759/4231/7753
f 949/4230/7754 4759/4231/7754 3295/4233/7754
f 4759/4231/7755 952/4223/7755 3295/4233/7755
f 2733/3052/7756 3291/4222/7756 4759/4231/7756
f 3296/4232/7757 3295/4233/7757 4760/4235/7757
f 947/4234/3677 4760/4235/3677 2651/5529/3677
f 4760/4235/7758 950/4227/7758 2651/5529/7758
f 3295/4233/7759 3293/4225/7759 4760/4235/7759
f 3297/4236/7760 2736/3058/7760 4761/4238/7760
f 946/4237/7761 4761/4238/7761 3298/4240/7761
f 4761/4238/7762 949/4230/7762 3298/4240/7762
f 2736/3058/7763 3294/4229/7763 4761/4238/7763
f 3299/4239/7764 3298/4240/7764 4762/4242/7764
f 944/4241/7765 4762/4242/7765 2648/5530/7765
f 4762/4242/3686 947/4234/3686 2648/5530/3686
f 3298/4240/7766 3296/4232/7766 4762/4242/7766
f 3300/4243/7767 2739/3064/7767 4763/4245/7767
f 943/4244/7768 4763/4245/7768 3301/4247/7768
f 4763/4245/3690 946/4237/3690 3301/4247/3690
f 2739/3064/7769 3297/4236/7769 4763/4245/7769
f 3302/4246/7770 3301/4247/7770 4764/4249/7770
f 941/4248/7771 4764/4249/7771 2645/5531/7771
f 4764/4249/3694 944/4241/3694 2645/5531/3694
f 3301/4247/3695 3299/4239/3695 4764/4249/3695
f 3303/4250/3696 2742/3070/3696 4765/4252/3696
f 940/4251/7772 4765/4252/7772 3304/4254/7772
f 4765/4252/3698 943/4244/3698 3304/4254/3698
f 2742/3070/3699 3300/4243/3699 4765/4252/3699
f 3305/4253/3700 3304/4254/3700 4766/4256/3700
f 938/4255/7773 4766/4256/7773 2642/5532/7773
f 4766/4256/7774 941/4248/7774 2642/5532/7774
f 3304/4254/7775 3302/4246/7775 4766/4256/7775
f 3306/4257/7776 2745/3076/7776 4767/4259/7776
f 937/4258/7777 4767/4259/7777 3307/4261/7777
f 4767/4259/7778 940/4251/7778 3307/4261/7778
f 2745/3076/7779 3303/4250/7779 4767/4259/7779
f 3308/4260/7780 3307/4261/7780 4768/4263/7780
f 935/4262/7781 4768/4263/7781 2639/5533/7781
f 4768/4263/3710 938/4255/3710 2639/5533/3710
f 3307/4261/3711 3305/4253/3711 4768/4263/3711
f 3309/4264/3712 2748/3082/3712 4769/4266/3712
f 934/4265/7782 4769/4266/7782 3310/4268/7782
f 4769/4266/7783 937/4258/7783 3310/4268/7783
f 2748/3082/7784 3306/4257/7784 4769/4266/7784
f 3311/4267/7785 3310/4268/7785 4770/4270/7785
f 932/4269/7786 4770/4270/7786 2636/5534/7786
f 4770/4270/3718 935/4262/3718 2636/5534/3718
f 3310/4268/3719 3308/4260/3719 4770/4270/3719
f 3312/4271/3720 2751/3088/3720 4771/4273/3720
f 931/4272/7787 4771/4273/7787 3313/4275/7787
f 4771/4273/7788 934/4265/7788 3313/4275/7788
f 2751/3088/7789 3309/4264/7789 4771/4273/7789
f 3314/4274/7790 3313/4275/7790 4772/4277/7790
f 929/4276/7791 4772/4277/7791 2633/5535/7791
f 4772/4277/7792 932/4269/7792 2633/5535/7792
f 3313/4275/7793 3311/4267/7793 4772/4277/7793
f 3315/4278/7794 2754/3094/7794 4773/4280/7794
f 928/4279/7795 4773/4280/7795 3316/4282/7795
f 4773/4280/7796 931/4272/7796 3316/4282/7796
f 2754/3094/7797 3312/4271/7797 4773/4280/7797
f 3317/4281/3732 3316/4282/3732 4774/4284/3732
f 926/4283/7798 4774/4284/7798 2630/5536/7798
f 4774/4284/7799 929/4276/7799 2630/5536/7799
f 3316/4282/3735 3314/4274/3735 4774/4284/3735
f 3318/4285/3736 2757/3100/3736 4775/4287/3736
f 925/4286/3737 4775/4287/3737 3319/4289/3737
f 4775/4287/3738 928/4279/3738 3319/4289/3738
f 2757/3100/3739 3315/4278/3739 4775/4287/3739
f 3320/4288/7800 3319/4289/7800 4776/4291/7800
f 923/4290/3741 4776/4291/3741 2627/5537/3741
f 4776/4291/7801 926/4283/7801 2627/5537/7801
f 3319/4289/7802 3317/4281/7802 4776/4291/7802
f 3321/4292/7803 2760/3106/7803 4777/4294/7803
f 922/4293/3745 4777/4294/3745 3322/4296/3745
f 4777/4294/7804 925/4286/7804 3322/4296/7804
f 2760/3106/7805 3318/4285/7805 4777/4294/7805
f 3323/4295/7806 3322/4296/7806 4778/4298/7806
f 920/4297/3749 4778/4298/3749 2623/5538/3749
f 4778/4298/3750 923/4290/3750 2623/5538/3750
f 3322/4296/7807 3320/4288/7807 4778/4298/7807
f 3324/4299/7808 2763/3112/7808 4779/4301/7808
f 919/4300/7809 4779/4301/7809 3325/4303/7809
f 4779/4301/7810 922/4293/7810 3325/4303/7810
f 2763/3112/7811 3321/4292/7811 4779/4301/7811
f 3326/4302/3756 3325/4303/3756 4780/4305/3756
f 917/4304/7812 4780/4305/7812 2852/5539/7812
f 4780/4305/7813 920/4297/7813 2852/5539/7813
f 3325/4303/3759 3323/4295/3759 4780/4305/3759
f 3327/4306/7814 2766/3116/7814 4781/4308/7814
f 916/4307/7815 4781/4308/7815 3328/4310/7815
f 4781/4308/7816 919/4300/7816 3328/4310/7816
f 2766/3116/3763 3324/4299/3763 4781/4308/3763
f 3329/4309/3764 3328/4310/3764 4782/4312/3764
f 914/4311/7817 4782/4312/7817 2772/5540/7817
f 4782/4312/3766 917/4304/3766 2772/5540/3766
f 3328/4310/3767 3326/4302/3767 4782/4312/3767
f 3330/4313/7818 2692/2971/7818 4783/4315/7818
f 913/4314/7819 4783/4315/7819 3331/4317/7819
f 4783/4315/7820 916/4307/7820 3331/4317/7820
f 2692/2971/3771 3327/4306/3771 4783/4315/3771
f 3332/4316/7821 3331/4317/7821 4784/4319/7821
f 911/4318/3773 4784/4319/3773 2690/5541/3773
f 4784/4319/3774 914/4311/3774 2690/5541/3774
f 3331/4317/3775 3329/4309/3775 4784/4319/3775
f 3258/4320/7822 2768/3122/7822 4785/4322/7822
f 988/4321/7823 4785/4322/7823 3333/4324/7823
f 4785/4322/7824 913/4314/7824 3333/4324/7824
f 2768/3122/7825 3330/4313/7825 4785/4322/7825
f 3260/4323/3780 3333/4324/3780 4786/4326/3780
f 987/4325/3781 4786/4326/3781 3334/5542/3781
f 4786/4326/3782 911/4318/3782 3334/5542/3782
f 3333/4324/7826 3332/4316/7826 4786/4326/7826
f 3335/4327/3784 3338/4329/3784 4787/4331/3784
f 613/4330/3785 4787/4331/3785 3336/4737/3785
f 4787/4331/3786 611/4333/3786 3336/4737/3786
f 3338/4329/3787 3337/4332/3787 4787/4331/3787
f 3339/4335/7827 2914/3413/7827 4788/4337/7827
f 989/4336/7828 4788/4337/7828 3037/3642/7828
f 4788/4337/3790 1040/4339/3790 3037/3642/3790
f 2914/3413/3791 3340/4338/3791 4788/4337/3791
f 3340/4338/7829 2918/3426/7829 4789/4340/7829
f 1040/4339/3793 4789/4340/3793 2925/3441/3793
f 4789/4340/3794 1038/4342/3794 2925/3441/3794
f 2918/3426/3795 3341/4341/3795 4789/4340/3795
f 1037/3425/3796 4790/4343/3796 3341/4341/3796
f 1038/4342/3797 4790/4343/3797 2931/3452/3797
f 4790/4343/3798 1036/4345/3798 2931/3452/3798
f 2923/3435/7830 3342/4344/7830 4790/4343/7830
f 3342/4344/3800 2929/3446/3800 4791/4346/3800
f 1036/4345/3801 4791/4346/3801 2936/3461/3801
f 4791/4346/3802 1034/4348/3802 2936/3461/3802
f 4791/4346/7831 1033/3445/7831 3343/4347/7831
f 3343/4347/7832 2934/3455/7832 4792/4349/7832
f 1034/4348/3805 4792/4349/3805 2941/3470/3805
f 4792/4349/3806 1032/4351/3806 2941/3470/3806
f 2934/3455/7833 3344/4350/7833 4792/4349/7833
f 3344/4350/7834 2939/3464/7834 4793/4352/7834
f 1032/4351/3809 4793/4352/3809 2946/3479/3809
f 4793/4352/7835 1030/4354/7835 2946/3479/7835
f 4793/4352/3812 1029/3463/3812 3345/4353/7836
f 3345/4353/7837 2944/3473/7838 4794/4355/7838
f 1030/4354/7839 4794/4355/7839 2951/3488/7839
f 4794/4355/7840 1028/4357/7840 2951/3488/7840
f 2944/3473/7841 3346/4356/7842 4794/4355/7841
f 3346/4356/7843 2949/3482/3822 4795/4358/3822
f 1028/4357/7844 4795/4358/7844 2956/3497/7844
f 4795/4358/3825 1026/4360/3825 2956/3497/3825
f 2949/3482/7845 3347/4359/7845 4795/4358/7845
f 3347/4359/7846 2954/3491/7846 4796/4361/7846
f 1026/4360/3828 4796/4361/3828 2961/3506/3828
f 4796/4361/7847 1024/4363/7847 2961/3506/7847
f 2954/3491/3830 3348/4362/3830 4796/4361/3830
f 1023/3490/7848 4797/4364/7848 3348/4362/7848
f 1024/4363/7849 4797/4364/7849 2966/3515/7849
f 4797/4364/7850 1022/4366/7850 2966/3515/7850
f 2959/3500/7851 3349/4365/7851 4797/4364/7851
f 3349/4365/7852 2964/3509/7852 4798/4367/7852
f 1022/4366/7853 4798/4367/7853 2971/3524/7853
f 4798/4367/7854 1020/4369/7854 2971/3524/7854
f 2964/3509/7855 3350/4368/7855 4798/4367/7855
f 3350/4368/7856 2969/3518/7856 4799/4370/7856
f 1020/4369/7857 4799/4370/7857 2976/3533/7857
f 4799/4370/7858 1018/4372/7858 2976/3533/7858
f 4799/4370/7859 1017/3517/7859 3351/4371/7859
f 3351/4371/7860 2974/3527/7860 4800/4373/7860
f 1018/4372/3844 4800/4373/3844 2981/3542/3844
f 4800/4373/7861 1016/4375/7861 2981/3542/7861
f 2974/3527/7862 3352/4374/7862 4800/4373/7862
f 3352/4374/7863 2979/3536/7863 4801/4376/7863
f 1016/4375/7864 4801/4376/7864 2986/3551/7864
f 4801/4376/3849 1014/4378/3849 2986/3551/3849
f 2979/3536/7865 3353/4377/7865 4801/4376/7865
f 3353/4377/7866 2984/3545/7866 4802/4379/7866
f 1014/4378/7867 4802/4379/7867 2991/3560/7867
f 4802/4379/7868 1012/4381/7868 2991/3560/7868
f 2984/3545/7869 3354/4380/7869 4802/4379/7869
f 3354/4380/7870 2989/3554/7870 4803/4382/7870
f 1012/4381/7871 4803/4382/7871 2996/3569/7871
f 4803/4382/7872 1010/4384/7872 2996/3569/7872
f 4803/4382/7873 1009/3553/7873 3355/4383/7873
f 3355/4383/7874 2994/3563/7874 4804/4385/7874
f 1010/4384/7875 4804/4385/7875 3001/3578/7875
f 4804/4385/7876 1008/4387/7876 3001/3578/7876
f 4804/4385/7877 1007/3562/7877 3356/4386/7877
f 3356/4386/3863 2999/3572/3863 4805/4388/3863
f 1008/4387/7878 4805/4388/7878 3006/3587/7878
f 4805/4388/3865 1006/4390/3865 3006/3587/3865
f 4805/4388/7879 1005/3571/7879 3357/4389/7879
f 3357/4389/7880 3004/3581/7880 4806/4391/7880
f 1006/4390/3868 4806/4391/3868 3011/3596/3868
f 4806/4391/7881 1004/4393/7881 3011/3596/7881
f 3004/3581/3870 3358/4392/3870 4806/4391/3870
f 3358/4392/7882 3009/3590/7882 4807/4394/7882
f 1004/4393/7883 4807/4394/7883 3016/3605/7883
f 4807/4394/7884 1002/4396/7884 3016/3605/7884
f 4807/4394/7885 1001/3589/7885 3359/4395/7885
f 3359/4395/3875 3014/3599/3875 4808/4397/3875
f 1002/4396/7886 4808/4397/7886 3021/3614/7886
f 4808/4397/3877 1000/4399/3877 3021/3614/3877
f 3014/3599/7887 3360/4398/7887 4808/4397/7887
f 3360/4398/7888 3019/3608/7888 4809/4400/7888
f 1000/4399/3880 4809/4400/3880 3026/3623/3880
f 4809/4400/3881 998/4402/3881 3026/3623/3881
f 3019/3608/7889 3361/4401/7889 4809/4400/7889
f 3361/4401/3883 3024/3617/3883 4810/4403/3883
f 998/4402/3884 4810/4403/3884 3031/3632/3884
f 4810/4403/3885 996/4405/3885 3031/3632/3885
f 3024/3617/7890 3362/4404/7890 4810/4403/7890
f 3362/4404/7891 3029/3626/7891 4811/4406/7891
f 996/4405/3888 4811/4406/3888 3035/3639/3888
f 4811/4406/3889 994/4408/3889 3035/3639/3889
f 3029/3626/3890 3363/4407/3890 4811/4406/3890
f 3363/4407/3891 3033/3633/3891 4812/4409/3891
f 994/4408/3892 4812/4409/3892 3041/3649/3892
f 4812/4409/3893 992/4411/3893 3041/3649/3893
f 3033/3633/7892 3364/4410/7892 4812/4409/7892
f 3364/4410/3895 2916/3420/3895 4813/4412/3895
f 992/4411/3896 4813/4412/3896 3365/4417/3896
f 4813/4412/7893 989/4414/7893 3365/4417/7893
f 2916/3420/7894 3339/4413/7894 4813/4412/7894
f 703/3651/3899 4814/4415/3899 3038/4416/3899
f 3038/4416/7895 3365/4417/7895 989/4414/7895
f 3365/4417/7896 3040/3648/7896 992/4411/7896
f 4814/4415/3902 707/3645/3902 3040/3648/3902
f 626/2805/7897 4815/4418/7897 2609/2804/7897
f 2609/2804/7898 3366/4419/7898 627/2793/7898
f 4815/4418/7899 777/3271/7899 3366/4419/7899
f 2920/3432/7900 2846/3280/7900 4815/4418/7900
f 627/2793/7901 4816/4420/7901 2603/2791/7901
f 2603/2791/7902 3367/4421/7902 628/2792/7902
f 4816/4420/7903 774/3266/7903 3367/4421/7903
f 3366/4419/7904 2843/3274/7904 4816/4420/7904
f 628/2792/7905 4817/4422/7905 2607/2798/7905
f 2607/2798/3912 3368/4423/3912 629/2799/3912
f 3368/4423/7906 2840/3265/7906 771/3260/7906
f 3367/4421/7907 2840/3265/7907 4817/4422/7907
f 3057/3678/7908 3368/4423/7908 4818/4424/7908
f 630/3679/7909 4818/4424/7909 3369/4425/7909
f 3369/4425/7910 2837/3259/7910 768/3254/7910
f 4818/4424/7911 771/3260/7911 2837/3259/7911
f 3060/3685/7912 3369/4425/7912 4819/4426/7912
f 631/2777/7913 4819/4426/7913 3370/4427/7913
f 3370/4427/7914 2834/3253/7914 765/3248/7914
f 4819/4426/7915 768/3254/7915 2834/3253/7915
f 2595/2775/7916 3370/4427/7916 4820/4428/7916
f 2595/2775/7917 3371/4429/7917 632/2776/7917
f 4820/4428/7918 762/3241/7918 3371/4429/7918
f 4820/4428/7919 765/3248/7919 2831/3247/7919
f 632/2776/7920 4821/4430/7920 3063/3690/7920
f 3063/3690/7921 3372/4431/7921 633/3691/7921
f 4821/4430/7922 759/3235/7922 3372/4431/7922
f 3371/4429/7923 2828/3244/7923 4821/4430/7923
f 633/3691/7924 4822/4432/7924 3072/3709/7924
f 3072/3709/7925 3373/4433/7925 634/2743/7925
f 4822/4432/7926 756/3230/7926 3373/4433/7926
f 3372/4431/7927 2825/3238/7927 4822/4432/7927
f 2578/2741/7928 3373/4433/7928 4823/4434/7928
f 635/2742/7929 4823/4434/7929 3374/4435/7929
f 3374/4435/7930 2822/3229/7930 753/3224/7930
f 4823/4434/7931 756/3230/7931 2822/3229/7931
f 3070/3705/7932 3374/4435/7932 4824/4436/7932
f 636/2729/7933 4824/4436/7933 3375/4437/7933
f 3375/4437/7934 2819/3223/7934 750/3218/7934
f 4824/4436/7935 753/3224/7935 2819/3223/7935
f 2571/2727/7936 3375/4437/7936 4825/4438/7936
f 637/2728/7937 4825/4438/7937 3376/4439/7937
f 3376/4439/7938 2816/3217/7938 747/3212/7938
f 4825/4438/7939 750/3218/7939 2816/3217/7939
f 2575/2734/3947 3376/4439/3947 4826/4440/3947
f 638/2735/7940 4826/4440/7940 3377/4441/7940
f 3377/4441/3949 2813/3211/3949 744/3205/3949
f 4826/4440/7941 747/3212/7941 2813/3211/7941
f 638/2735/7942 4827/4442/7942 3075/3714/7942
f 3075/3714/3952 3378/4443/3952 639/3715/3952
f 4827/4442/7943 741/3199/7943 3378/4443/7943
f 3377/4441/3954 2810/3208/3954 4827/4442/3954
f 639/3715/7944 4828/4444/7944 3078/3721/7944
f 3078/3721/7945 3379/4445/7945 640/2713/7945
f 4828/4444/7946 738/3193/7946 3379/4445/7946
f 3378/4443/7947 2807/3202/7947 4828/4444/7947
f 640/2713/7948 4829/4446/7948 2563/2711/7948
f 2563/2711/7949 3380/4447/7949 641/2712/7949
f 4829/4446/7950 735/3187/7950 3380/4447/7950
f 3379/4445/7951 2804/3196/7951 4829/4446/7951
f 641/2712/7952 4830/4448/7952 3081/3726/7952
f 3081/3726/7953 3381/4449/7953 642/3727/7953
f 4830/4448/7954 732/3182/7954 3381/4449/7954
f 3380/4447/7955 2801/3190/7955 4830/4448/7955
f 3090/3745/7956 3381/4449/7956 4831/4450/7956
f 643/2679/7957 4831/4450/7957 3382/4451/7957
f 3382/4451/7958 2798/3181/7958 729/3176/7958
f 4831/4450/7959 732/3182/7959 2798/3181/7959
f 2546/2677/7960 3382/4451/7960 4832/4452/7960
f 644/2678/7961 4832/4452/7961 3383/4453/7961
f 3383/4453/7962 2795/3175/7962 726/3170/7962
f 4832/4452/7963 729/3176/7963 2795/3175/7963
f 3088/3741/7964 3383/4453/7964 4833/4454/7964
f 3088/3741/7965 3384/4455/7965 645/2664/7965
f 4833/4454/7966 723/3163/7966 3384/4455/7966
f 4833/4454/7967 726/3170/7967 2792/3169/7967
f 645/2664/7968 4834/4456/7968 2539/2663/7968
f 2539/2663/7969 3385/4457/7969 646/2671/7969
f 4834/4456/7970 720/3157/7970 3385/4457/7970
f 3384/4455/7971 2789/3166/7971 4834/4456/7971
f 646/2671/7972 4835/4458/7972 2543/2670/7972
f 2543/2670/7973 3386/4459/7973 647/3751/7973
f 4835/4458/7974 717/3151/7974 3386/4459/7974
f 3385/4457/7975 2786/3160/7975 4835/4458/7975
f 3093/3750/3987 3386/4459/3987 4836/4460/3987
f 648/3759/7976 4836/4460/7976 3387/4461/7976
f 3387/4461/7977 2783/3154/7977 714/3146/7977
f 3386/4459/7978 2783/3154/7978 4836/4460/7978
f 3097/3758/7979 3387/4461/7979 4837/4462/7979
f 649/3763/7980 4837/4462/7980 3388/4463/7980
f 3388/4463/7981 2780/3145/7981 711/3140/7981
f 4837/4462/7982 714/3146/7982 2780/3145/7982
f 3099/3762/7983 3388/4463/7983 4838/4464/7983
f 650/3671/7984 4838/4464/7984 3389/4465/7984
f 3389/4465/7985 2777/3139/7985 708/3132/7985
f 4838/4464/7986 711/3140/7986 2777/3139/7986
f 3052/3670/7987 3389/4465/7987 4839/4467/7987
f 625/4466/4000 4839/4467/4000 2921/4468/4000
f 2921/4468/7988 2773/3131/7988 705/3134/7988
f 4839/4467/7989 708/3132/7989 2773/3131/7989
f 3390/4469/7990 3393/4470/7990 4840/4472/7990
f 1041/4471/4004 4840/4472/4004 3391/4643/4004
f 4840/4472/4005 1044/4474/4005 3391/4643/4005
f 3393/4470/7991 3392/4473/7991 4840/4472/7991
f 3392/4473/7992 2688/2963/7992 4841/4475/7992
f 1044/4474/7993 4841/4475/7993 3394/4596/7993
f 4841/4475/7994 1046/4477/7994 3394/4596/7994
f 2688/2963/7995 3395/4476/7995 4841/4475/7995
f 3395/4476/7996 2770/3127/7996 4842/4478/7996
f 1046/4477/7997 4842/4478/7997 3396/4629/7997
f 4842/4478/7998 1048/4480/7998 3396/4629/7998
f 2770/3127/7999 3397/4479/7999 4842/4478/7999
f 3397/4479/8000 2851/3290/8000 4843/4481/8000
f 1048/4480/8001 4843/4481/8001 3398/4567/8001
f 4843/4481/8002 1050/4483/8002 3398/4567/8002
f 2851/3290/8003 3399/4482/8003 4843/4481/8003
f 3399/4482/8004 2621/2830/8004 4844/4484/8004
f 1050/4483/8005 4844/4484/8005 3400/4617/8005
f 4844/4484/8006 1052/4328/8006 3400/4617/8006
f 2621/2830/8007 3401/4485/8007 4844/4484/8007
f 3401/4485/8008 2625/2836/8008 4845/4486/8008
f 1052/4328/4024 4845/4486/4024 3338/4329/4024
f 4845/4486/4025 1054/4334/4025 3338/4329/4025
f 2625/2836/4026 3402/4487/4026 4845/4486/4026
f 3402/4487/8009 2628/2842/8009 4846/4488/8009
f 1054/4334/8010 4846/4488/8010 3403/4601/8010
f 4846/4488/8011 1056/4490/8011 3403/4601/8011
f 2628/2842/8012 3404/4489/8012 4846/4488/8012
f 3404/4489/4031 2631/2848/4031 4847/4491/4031
f 1056/4490/4032 4847/4491/4032 3405/4631/4032
f 4847/4491/4033 1058/4493/4033 3405/4631/4033
f 2631/2848/4034 3406/4492/4034 4847/4491/4034
f 3406/4492/8013 2634/2854/8013 4848/4494/8013
f 1058/4493/8014 4848/4494/8014 3407/4573/8014
f 4848/4494/4037 1060/4496/4037 3407/4573/4037
f 2634/2854/8015 3408/4495/8015 4848/4494/8015
f 3408/4495/8016 2637/2860/8016 4849/4497/8016
f 1060/4496/4040 4849/4497/4040 3409/4619/4040
f 4849/4497/4041 1062/4499/4041 3409/4619/4041
f 2637/2860/4042 3410/4498/4042 4849/4497/4042
f 3410/4498/8017 2640/2866/8017 4850/4500/8017
f 1062/4499/8018 4850/4500/8018 3411/4550/8018
f 4850/4500/4045 1064/4502/4045 3411/4550/4045
f 2640/2866/8019 3412/4501/8019 4850/4500/8019
f 3412/4501/8020 2643/2872/8020 4851/4503/8020
f 1064/4502/4048 4851/4503/4048 3413/4605/4048
f 4851/4503/4049 1066/4505/4049 3413/4605/4049
f 2643/2872/8021 3414/4504/8021 4851/4503/8021
f 3414/4504/4051 2646/2878/4051 4852/4506/4051
f 1066/4505/4052 4852/4506/4052 3415/4633/4052
f 4852/4506/4053 1068/4508/4053 3415/4633/4053
f 2646/2878/8022 3416/4507/8023 4852/4506/8022
f 3416/4507/8024 2649/2884/8025 4853/4509/8025
f 1068/4508/4059 4853/4509/4059 3417/4579/4059
f 4853/4509/4061 1070/4511/4061 3417/4579/4061
f 2649/2884/4062 3418/4510/4062 4853/4509/4062
f 3418/4510/8026 2652/2890/8026 4854/4512/8026
f 1070/4511/4064 4854/4512/4064 3419/4621/4064
f 4854/4512/4065 1072/4514/4065 3419/4621/4065
f 2652/2890/8027 3420/4513/8027 4854/4512/8027
f 3420/4513/8028 2655/2896/8028 4855/4515/8028
f 1072/4514/4068 4855/4515/4068 3421/4556/4068
f 4855/4515/8029 1074/4517/8029 3421/4556/8029
f 2655/2896/8030 3422/4516/8030 4855/4515/8030
f 3422/4516/4071 2658/2902/4071 4856/4518/4071
f 1074/4517/4072 4856/4518/4072 3423/4609/4072
f 4856/4518/4073 1076/4520/4073 3423/4609/4073
f 2658/2902/8031 3424/4519/8031 4856/4518/8031
f 3424/4519/8032 2661/2908/8032 4857/4521/8032
f 1076/4520/4076 4857/4521/4076 3425/4635/4076
f 4857/4521/8033 1078/4523/8033 3425/4635/8033
f 2661/2908/8034 3426/4522/8034 4857/4521/8034
f 3426/4522/4079 2664/2914/4079 4858/4524/4079
f 1078/4523/4080 4858/4524/4080 3427/4585/4080
f 4858/4524/4081 1080/4526/4081 3427/4585/4081
f 2664/2914/4082 3428/4525/4082 4858/4524/4082
f 3428/4525/8035 2667/2920/8035 4859/4527/8035
f 1080/4526/8036 4859/4527/8036 3429/4623/8036
f 4859/4527/8037 1082/4529/8037 3429/4623/8037
f 2667/2920/8038 3430/4528/8039 4859/4527/8038
f 3430/4528/8040 2670/2926/4090 4860/4530/4090
f 1082/4529/4091 4860/4530/4091 3431/4562/4091
f 4860/4530/4093 1084/4532/4093 3431/4562/4093
f 2670/2926/8041 3432/4531/8041 4860/4530/8041
f 3432/4531/8042 2673/2932/8042 4861/4533/8042
f 1084/4532/8043 4861/4533/8043 3433/4613/8043
f 4861/4533/8044 1086/4535/8044 3433/4613/8044
f 2673/2932/8045 3434/4534/8045 4861/4533/8045
f 3434/4534/8046 2676/2938/8046 4862/4536/8046
f 1086/4535/8047 4862/4536/8047 3435/4637/8047
f 4862/4536/8048 1088/4538/8048 3435/4637/8048
f 2676/2938/8049 3436/4537/8049 4862/4536/8049
f 3436/4537/8050 2679/2944/8050 4863/4539/8050
f 1088/4538/8051 4863/4539/8051 3437/4590/8051
f 4863/4539/8052 1090/4541/8052 3437/4590/8052
f 2679/2944/8053 3438/4540/8053 4863/4539/8053
f 3438/4540/8054 2682/2949/8054 4864/4542/8054
f 1090/4541/8055 4864/4542/8055 3439/4625/8055
f 4864/4542/8056 1092/4544/8056 3439/4625/8056
f 2682/2949/8057 3440/4543/8057 4864/4542/8057
f 3440/4543/8058 2525/2638/8058 4865/4545/8058
f 1092/4544/4112 4865/4545/4112 3441/4639/4112
f 4865/4545/4113 1041/4471/4113 3441/4639/4113
f 2525/2638/8059 3390/4469/8059 4865/4545/8059
f 1042/2637/8060 4866/4546/8060 3393/4470/8060
f 1043/2959/8061 4866/4546/8061 2691/2960/8061
f 2691/2960/8062 3334/4547/8062 911/2966/8062
f 2526/2639/8063 3334/4547/8063 4866/4546/8063
f 3442/4549/4119 3411/4550/4119 4867/4552/4119
f 603/4551/8064 4867/4552/8064 3443/4654/8064
f 4867/4552/4121 601/4554/4121 3443/4654/4121
f 3411/4550/8065 3444/4553/8065 4867/4552/8065
f 3445/4555/8066 3421/4556/8066 4868/4558/8066
f 593/4557/4124 4868/4558/4124 3446/4704/4124
f 4868/4558/8067 591/4560/8067 3446/4704/8067
f 3421/4556/4126 3447/4559/4126 4868/4558/4126
f 3448/4561/4127 3431/4562/4127 4869/4563/4127
f 583/2958/4128 4869/4563/4128 3449/4727/4128
f 4869/4563/4129 581/4565/4129 3449/4727/4129
f 3431/4562/4130 3450/4564/4130 4869/4563/4130
f 3451/4566/4131 3398/4567/4131 4870/4569/4131
f 617/4568/4132 4870/4569/4132 3452/4658/4132
f 4870/4569/4133 615/4571/4133 3452/4658/4133
f 3398/4567/4134 3453/4570/4134 4870/4569/4134
f 3454/4572/4135 3407/4573/4135 4871/4575/4135
f 607/4574/4136 4871/4575/4136 3455/4688/4136
f 4871/4575/4137 605/4577/4137 3455/4688/4137
f 3407/4573/4138 3456/4576/4138 4871/4575/4138
f 3457/4578/4139 3417/4579/4139 4872/4581/4139
f 597/4580/4140 4872/4581/4140 3458/4730/4140
f 4872/4581/4141 595/4583/4141 3458/4730/4141
f 3417/4579/4142 3459/4582/4142 4872/4581/4142
f 3460/4584/4143 3427/4585/4143 4873/4587/4143
f 587/4586/4144 4873/4587/4144 3461/4645/4144
f 4873/4587/4145 585/2952/4145 3461/4645/4145
f 3427/4585/4146 3462/4588/4146 4873/4587/4146
f 3463/4589/4147 3437/4590/4147 4874/4592/4147
f 577/4591/4148 4874/4592/4148 3464/4696/4148
f 4874/4592/4149 575/4594/4149 3464/4696/4149
f 3437/4590/8068 3465/4593/8068 4874/4592/8068
f 3466/4595/4151 3394/4596/4151 4875/4598/4151
f 623/4597/4152 4875/4598/4152 3467/4692/4152
f 4875/4598/4153 619/4600/4153 3467/4692/4153
f 3394/4596/4154 3468/4599/4154 4875/4598/4154
f 3337/4332/4155 3403/4601/4155 4876/4602/4155
f 611/4333/4156 4876/4602/4156 3469/4716/4156
f 4876/4602/4157 609/4604/4157 3469/4716/4157
f 3403/4601/4158 3470/4603/4158 4876/4602/4158
f 3444/4553/4159 3413/4605/4159 4877/4606/4159
f 601/4554/4160 4877/4606/4160 3471/4649/4160
f 4877/4606/4161 599/4608/4161 3471/4649/4161
f 3413/4605/4162 3472/4607/4162 4877/4606/4162
f 3447/4559/4163 3423/4609/4163 4878/4610/4163
f 591/4560/4164 4878/4610/4164 3473/4680/4164
f 4878/4610/4165 589/4612/4165 3473/4680/4165
f 3423/4609/4166 3474/4611/4166 4878/4610/4166
f 3450/4564/4167 3433/4613/4167 4879/4614/4167
f 581/4565/4168 4879/4614/4168 3475/4723/4168
f 4879/4614/4169 579/4616/4169 3475/4723/4169
f 3433/4613/4170 3476/4615/4170 4879/4614/4170
f 3453/4570/4171 3400/4617/4171 4880/4618/4171
f 615/4571/4172 4880/4618/4172 3477/4741/4172
f 4880/4618/4173 613/4330/4173 3477/4741/4173
f 3400/4617/4174 3335/4327/4174 4880/4618/4174
f 3456/4576/4175 3409/4619/4175 4881/4620/4175
f 605/4577/4176 4881/4620/4176 3478/4684/4176
f 4881/4620/4177 603/4551/4177 3478/4684/4177
f 3409/4619/4178 3442/4549/4178 4881/4620/4178
f 3459/4582/4179 3419/4621/4179 4882/4622/4179
f 595/4583/4180 4882/4622/4180 3479/4708/4180
f 4882/4622/4181 593/4557/4181 3479/4708/4181
f 3419/4621/4182 3445/4555/4182 4882/4622/4182
f 3462/4588/4183 3429/4623/4183 4883/4624/4183
f 585/2952/4184 4883/4624/4184 2687/2953/4184
f 4883/4624/4185 583/2958/4185 2687/2953/4185
f 3429/4623/4186 3448/4561/4186 4883/4624/4186
f 3465/4593/4187 3439/4625/4187 4884/4626/4187
f 575/4594/4188 4884/4626/4188 3480/4672/4188
f 4884/4626/4189 573/4628/4189 3480/4672/4189
f 3439/4625/4190 3481/4627/4190 4884/4626/4190
f 3468/4599/8069 3396/4629/8069 4885/4630/8069
f 619/4600/4192 4885/4630/4192 3482/4663/4192
f 4885/4630/4193 617/4568/4193 3482/4663/4193
f 3396/4629/4194 3451/4566/4194 4885/4630/4194
f 3470/4603/4195 3405/4631/4195 4886/4632/4195
f 609/4604/4196 4886/4632/4196 3483/4712/4196
f 4886/4632/4197 607/4574/4197 3483/4712/4197
f 3405/4631/4198 3454/4572/4198 4886/4632/4198
f 3472/4607/4199 3415/4633/4199 4887/4634/4199
f 599/4608/4200 4887/4634/4200 3484/4734/4200
f 4887/4634/4201 597/4580/4201 3484/4734/4201
f 3415/4633/4202 3457/4578/4202 4887/4634/4202
f 3474/4611/4203 3425/4635/4203 4888/4636/4203
f 589/4612/4204 4888/4636/4204 3485/4676/4204
f 4888/4636/4205 587/4586/4205 3485/4676/4205
f 3425/4635/4206 3460/4584/4206 4888/4636/4206
f 3476/4615/4207 3435/4637/4207 4889/4638/4207
f 579/4616/4208 4889/4638/4208 3486/4700/4208
f 4889/4638/4209 577/4591/4209 3486/4700/4209
f 3435/4637/4210 3463/4589/4210 4889/4638/4210
f 3481/4627/4211 3441/4639/4211 4890/4640/4211
f 573/4628/4212 4890/4640/4212 3487/4667/4212
f 4890/4640/4213 621/4642/4213 3487/4667/4213
f 3441/4639/4214 3488/4641/4214 4890/4640/4214
f 3488/4641/4215 3391/4643/4215 4891/4644/4215
f 621/4642/4216 4891/4644/4216 3489/4720/4216
f 4891/4644/4217 623/4597/4217 3489/4720/4217
f 3391/4643/4218 3466/4595/4218 4891/4644/4218
f 587/4586/8070 4892/4646/8070 3515/4647/8070
f 3515/4647/8071 3496/4648/8071 1100/5316/8071
f 3496/4648/8072 2684/2955/8072 1099/5294/8072
f 4892/4646/8073 585/2952/8073 2684/2955/8073
f 601/4554/8074 4893/4650/8074 3516/4651/8074
f 3516/4651/8075 3503/4652/8075 1107/5313/8075
f 3503/4652/8076 3517/4653/8076 1106/5306/8076
f 4893/4650/8077 599/4608/8077 3517/4653/8077
f 603/4551/8078 4894/4655/8078 3518/4656/8078
f 3518/4656/8079 3504/4657/8079 1108/5322/8079
f 3504/4657/8080 3516/4651/8080 1107/5313/8080
f 4894/4655/8081 601/4554/8081 3516/4651/8081
f 617/4568/8082 4895/4659/8082 3519/4660/8082
f 3519/4660/8083 3511/4661/8083 1115/5319/8083
f 3511/4661/8084 3520/4662/8084 1114/5310/8084
f 4895/4659/8085 615/4571/8085 3520/4662/8085
f 619/4600/8086 4896/4664/8086 3521/4665/8086
f 3521/4665/8087 3512/4666/8087 1116/5328/8087
f 3512/4666/8088 3519/4660/8088 1115/5319/8088
f 4896/4664/8089 617/4568/8089 3519/4660/8089
f 573/4628/8090 4897/4668/8090 3522/4669/8090
f 3522/4669/8091 3490/4670/8091 1093/5333/8091
f 3490/4670/8092 3523/4671/8092 1117/5330/8092
f 4897/4668/8093 621/4642/8093 3523/4671/8093
f 575/4594/8094 4898/4673/8094 3524/4674/8094
f 3524/4674/8095 3491/4675/8095 1094/5345/8095
f 3491/4675/8096 3522/4669/8096 1093/5333/8096
f 4898/4673/8097 573/4628/8097 3522/4669/8097
f 589/4612/8098 4899/4677/8098 3525/4678/8098
f 3525/4678/8099 3497/4679/8099 1101/5325/8099
f 3497/4679/8100 3515/4647/8100 1100/5316/8100
f 4899/4677/8101 587/4586/8101 3515/4647/8101
f 591/4560/8102 4900/4681/8102 3526/4682/8102
f 3526/4682/8103 3498/4683/8103 1102/5339/8103
f 3498/4683/8104 3525/4678/8104 1101/5325/8104
f 4900/4681/8105 589/4612/8105 3525/4678/8105
f 605/4577/8106 4901/4685/8106 3527/4686/8106
f 3527/4686/8107 3505/4687/8107 1109/5336/8107
f 3505/4687/8108 3518/4656/8108 1108/5322/8108
f 4901/4685/8109 603/4551/8109 3518/4656/8109
f 607/4574/8110 4902/4689/8110 3528/4690/8110
f 3528/4690/8111 3506/4691/8111 1110/5348/8111
f 3506/4691/8112 3527/4686/8112 1109/5336/8112
f 4902/4689/8113 605/4577/8113 3527/4686/8113
f 623/4597/8114 4903/4693/8114 3529/4694/8114
f 3529/4694/8115 3513/4695/8115 1118/5342/8115
f 3513/4695/8116 3521/4665/8116 1116/5328/8116
f 4903/4693/8117 619/4600/8117 3521/4665/8117
f 577/4591/8118 4904/4697/8118 3530/4698/8118
f 3530/4698/8119 3492/4699/8119 1095/5281/8119
f 3492/4699/8120 3524/4674/8120 1094/5345/8120
f 4904/4697/8121 575/4594/8121 3524/4674/8121
f 579/4616/8122 4905/4701/8122 3531/4702/8122
f 3531/4702/8123 3493/4703/8123 1096/5284/8123
f 3493/4703/8124 3530/4698/8124 1095/5281/8124
f 4905/4701/8125 577/4591/8125 3530/4698/8125
f 593/4557/8126 4906/4705/8126 3532/4706/8126
f 3532/4706/8127 3499/4707/8127 1103/5275/8127
f 3499/4707/8128 3526/4682/8128 1102/5339/8128
f 4906/4705/8129 591/4560/8129 3526/4682/8129
f 595/4583/8130 4907/4709/8130 3533/4710/8130
f 3533/4710/8131 3500/4711/8131 1104/5278/8131
f 3500/4711/8132 3532/4706/8132 1103/5275/8132
f 4907/4709/8133 593/4557/8133 3532/4706/8133
f 609/4604/8134 4908/4713/8134 3534/4714/8134
f 3534/4714/8135 3507/4715/8135 1111/5286/8135
f 3507/4715/8136 3528/4690/8136 1110/5348/8136
f 4908/4713/8137 607/4574/8137 3528/4690/8137
f 611/4333/8138 4909/4717/8138 3535/4718/8138
f 3535/4718/8139 3508/4719/8139 1112/5289/8139
f 3508/4719/8140 3534/4714/8140 1111/5286/8140
f 4909/4717/8141 609/4604/8141 3534/4714/8141
f 621/4642/8142 4910/4721/8142 3523/4671/8142
f 3523/4671/8143 3514/4722/8143 1117/5330/8143
f 3514/4722/8144 3529/4694/8144 1118/5342/8144
f 4910/4721/8145 623/4597/8145 3529/4694/8145
f 581/4565/8146 4911/4724/8146 3536/4725/8146
f 3536/4725/8147 3494/4726/8147 1097/5300/8147
f 3494/4726/8148 3531/4702/8148 1096/5284/8148
f 4911/4724/8149 579/4616/8149 3531/4702/8149
f 583/2958/8150 4912/4728/8150 2686/2957/8150
f 2686/2957/8151 3495/4729/8151 1098/5291/8151
f 3495/4729/8152 3536/4725/8152 1097/5300/8152
f 4912/4728/8153 581/4565/8153 3536/4725/8153
f 597/4580/8154 4913/4731/8154 3537/4732/8154
f 3537/4732/8155 3501/4733/8155 1105/5297/8155
f 3501/4733/8156 3533/4710/8156 1104/5278/8156
f 4913/4731/8157 595/4583/8157 3533/4710/8157
f 599/4608/8158 4914/4735/8158 3517/4653/8158
f 3517/4653/8159 3502/4736/8159 1106/5306/8159
f 3502/4736/8160 3537/4732/8160 1105/5297/8160
f 4914/4735/8161 597/4580/8161 3537/4732/8161
f 613/4330/8162 4915/4738/8162 3538/4739/8162
f 3538/4739/8163 3509/4740/8163 1113/5303/8163
f 3509/4740/8164 3535/4718/8164 1112/5289/8164
f 4915/4738/8165 611/4333/8165 3535/4718/8165
f 615/4571/8166 4916/4742/8166 3520/4662/8166
f 3520/4662/8167 3510/4743/8167 1114/5310/8167
f 3510/4743/8168 3538/4739/8168 1113/5303/8168
f 4916/4742/8169 613/4330/8169 3538/4739/8169
f 676/3138/8170 4917/4745/8170 2775/3136/8170
f 2775/3136/8171 3539/4746/8171 651/3137/8171
f 4917/4745/8172 1119/4748/8172 3539/4746/8172
f 4917/4745/8173 1144/4749/8173 3540/4747/8173
f 2778/3143/8174 3543/4750/8174 4918/4751/8174
f 2778/3143/8175 3541/4744/8175 676/3138/8175
f 3541/4744/8176 3542/4752/8176 1144/4749/8176
f 4918/4751/8177 1143/4753/8177 3542/4752/8177
f 2781/3149/8178 3545/4754/8178 4919/4755/8178
f 675/3144/8179 4919/4755/8179 3543/4750/8179
f 3543/4750/8180 3544/4756/8180 1143/4753/8180
f 4919/4755/8181 1142/4757/8181 3544/4756/8181
f 2784/3155/8182 3547/4758/8182 4920/4759/8182
f 674/3150/8183 4920/4759/8183 3545/4754/8183
f 3545/4754/8184 3546/4760/8184 1142/4757/8184
f 4920/4759/8185 1141/4761/8185 3546/4760/8185
f 2787/3161/8186 3549/4762/8186 4921/4763/8186
f 673/3156/8187 4921/4763/8187 3547/4758/8187
f 3547/4758/8188 3548/4764/8188 1141/4761/8188
f 4921/4763/8189 1140/4765/8189 3548/4764/8189
f 2790/3167/8190 3551/4766/8190 4922/4767/8190
f 672/3162/8191 4922/4767/8191 3549/4762/8191
f 3549/4762/8192 3550/4768/8192 1140/4765/8192
f 4922/4767/8193 1139/4769/8193 3550/4768/8193
f 670/3174/8194 4923/4771/8194 2793/3173/8194
f 671/3168/8195 4923/4771/8195 3551/4766/8195
f 3551/4766/8196 3552/4772/8196 1139/4769/8196
f 4923/4771/8197 1138/4773/8197 3552/4772/8197
f 669/3180/8198 4924/4775/8198 2796/3179/8198
f 2796/3179/8199 3553/4770/8199 670/3174/8199
f 4924/4775/8200 1138/4773/8200 3553/4770/8200
f 3555/4774/8201 3554/4776/8201 4924/4775/8201
f 668/3186/8202 4925/4779/8202 2799/3185/8202
f 2799/3185/8203 3555/4774/8203 669/3180/8203
f 4925/4779/8204 1137/4777/8204 3555/4774/8204
f 3557/4778/8205 3556/4780/8205 4925/4779/8205
f 667/3192/8206 4926/4783/8206 2802/3191/8206
f 2802/3191/8207 3557/4778/8207 668/3186/8207
f 4926/4783/8208 1136/4781/8208 3557/4778/8208
f 3559/4782/8209 3558/4784/8209 4926/4783/8209
f 666/3198/8210 4927/4787/8210 2805/3197/8210
f 2805/3197/8211 3559/4782/8211 667/3192/8211
f 4927/4787/8212 1135/4785/8212 3559/4782/8212
f 3561/4786/8213 3560/4788/8213 4927/4787/8213
f 665/3204/8214 4928/4791/8214 2808/3203/8214
f 2808/3203/8215 3561/4786/8215 666/3198/8215
f 4928/4791/8216 1134/4789/8216 3561/4786/8216
f 3563/4790/8217 3562/4792/8217 4928/4791/8217
f 664/3210/8218 4929/4795/8218 2811/3209/8218
f 2811/3209/8219 3563/4790/8219 665/3204/8219
f 4929/4795/8220 1133/4793/8220 3563/4790/8220
f 3565/4794/8221 3564/4796/8221 4929/4795/8221
f 2814/3215/8222 3567/4798/8222 4930/4799/8222
f 664/3210/8223 4930/4799/8223 3565/4794/8223
f 3565/4794/8224 3566/4800/8224 1132/4797/8224
f 4930/4799/8225 1131/4801/8225 3566/4800/8225
f 2817/3221/8226 3569/4802/8226 4931/4803/8226
f 663/3216/8227 4931/4803/8227 3567/4798/8227
f 3567/4798/8228 3568/4804/8228 1131/4801/8228
f 4931/4803/8229 1130/4805/8229 3568/4804/8229
f 2820/3227/8230 3571/4806/8230 4932/4807/8230
f 662/3222/8231 4932/4807/8231 3569/4802/8231
f 3569/4802/8232 3570/4808/8232 1130/4805/8232
f 4932/4807/8233 1129/4809/8233 3570/4808/8233
f 2823/3233/8234 3573/4810/8234 4933/4811/8234
f 661/3228/8235 4933/4811/8235 3571/4806/8235
f 3571/4806/8236 3572/4812/8236 1129/4809/8236
f 4933/4811/8237 1128/4813/8237 3572/4812/8237
f 2826/3239/8238 3575/4814/8238 4934/4815/8238
f 660/3234/8239 4934/4815/8239 3573/4810/8239
f 3573/4810/8240 3574/4816/8240 1128/4813/8240
f 4934/4815/8241 1127/4817/8241 3574/4816/8241
f 2829/3245/8242 3577/4818/8242 4935/4819/8242
f 659/3240/8243 4935/4819/8243 3575/4814/8243
f 3575/4814/8244 3576/4820/8245 1127/4817/8244
f 4935/4819/8246 1126/4821/8246 3576/4820/8247
f 657/3252/8248 4936/4823/8248 2832/3251/8248
f 658/3246/8249 4936/4823/8249 3577/4818/8249
f 4936/4823/8250 1126/4821/8250 3577/4818/8250
f 3579/4822/8251 3578/4824/8251 4936/4823/8251
f 656/3258/8252 4937/4827/8252 2835/3257/8252
f 2835/3257/8253 3579/4822/8253 657/3252/8253
f 4937/4827/8254 1125/4825/8254 3579/4822/8254
f 3581/4826/8255 3580/4828/8255 4937/4827/8255
f 655/3264/8256 4938/4831/8256 2838/3263/8256
f 2838/3263/8257 3581/4826/8257 656/3258/8257
f 4938/4831/8258 1124/4829/8258 3581/4826/8258
f 3583/4830/8259 3582/4832/8259 4938/4831/8259
f 654/3270/8260 4939/4835/8260 2841/3269/8260
f 2841/3269/8261 3583/4830/8261 655/3264/8261
f 4939/4835/8262 1123/4833/8262 3583/4830/8262
f 3585/4834/8263 3584/4836/8263 4939/4835/8263
f 653/3276/8264 4940/4839/8264 2844/3275/8264
f 2844/3275/8265 3585/4834/8265 654/3270/8265
f 4940/4839/8266 1122/4837/8266 3585/4834/8266
f 3587/4838/8267 3586/4840/8267 4940/4839/8267
f 2847/3281/8268 3589/4842/8268 4941/4843/8268
f 2847/3281/8269 3587/4838/8269 653/3276/8269
f 4941/4843/8270 1121/4841/8270 3587/4838/8270
f 3589/4842/8271 3588/4844/8271 4941/4843/8271
f 2850/3287/8272 3539/4846/8272 4942/4847/8272
f 652/3282/8273 4942/4847/8273 3589/4842/8273
f 4942/4847/8274 1120/4845/8274 3589/4842/8274
f 4942/4847/8275 1119/4849/8275 3590/4848/8275
f 4/7/8276 4943/4851/8277 1278/5/8277
f 1278/5/8278 3591/4852/8278 2/5511/8278
f 4943/4851/8279 574/2483/8279 3591/4852/8279
f 3592/4850/8280 2449/2481/8280 4943/4851/8280
f 6/13/8281 4944/4854/8281 1281/11/8281
f 1281/11/8282 3592/4850/8282 4/7/8283
f 4944/4854/8284 576/2482/8285 3592/4850/8284
f 3593/4853/8286 2453/2488/8286 4944/4854/8286
f 1284/17/8287 3594/4855/8287 4945/4856/8287
f 1284/17/8288 3593/4853/8288 6/13/8288
f 4945/4856/8289 578/2489/8289 3593/4853/8289
f 3594/4855/8290 2456/2494/8290 4945/4856/8290
f 1287/23/8291 3595/4857/8291 4946/4858/8291
f 8/19/8292 4946/4858/8292 3594/4855/8292
f 3594/4855/8293 2459/2500/8293 580/2495/8293
f 4946/4858/8294 582/2501/8294 2459/2500/8294
f 1290/29/8295 3596/4859/8295 4947/4860/8295
f 10/25/8296 4947/4860/8296 3595/4857/8296
f 3595/4857/8297 2462/2506/8297 582/2501/8297
f 4947/4860/8298 584/2507/8298 2462/2506/8298
f 14/37/8299 4948/4862/8299 1293/35/8299
f 1293/35/8300 3596/4859/8300 12/31/8300
f 4948/4862/8301 584/2507/8301 3596/4859/8301
f 3597/4861/8302 2465/2512/8302 4948/4862/8302
f 1296/41/8303 3598/4863/8303 4949/4864/8303
f 14/37/8304 4949/4864/8304 3597/4861/8304
f 3597/4861/8305 2468/2518/8305 586/2513/8305
f 4949/4864/8306 588/2525/8306 2468/2518/8306
f 18/51/8307 4950/4866/8307 1299/47/8307
f 16/43/8308 4950/4866/8308 3598/4863/8308
f 3598/4863/8309 2471/2523/8309 588/2525/8309
f 3599/4865/8310 2471/2523/8310 4950/4866/8310
f 20/57/8311 4951/4868/8311 1302/53/8311
f 1302/53/8312 3599/4865/8312 18/51/8312
f 4951/4868/8313 590/2524/8313 3599/4865/8313
f 3600/4867/8314 2474/2531/8314 4951/4868/8314
f 22/63/8315 4952/4870/8315 1305/59/8315
f 1305/59/8316 3600/4867/8316 20/57/8316
f 4952/4870/8317 592/2537/8317 3600/4867/8317
f 4952/4870/8318 594/2543/8318 2477/2536/8318
f 1308/65/8319 3602/4871/8319 4953/4872/8319
f 1308/65/8320 3601/4869/8320 22/63/8320
f 3601/4869/8321 2480/2542/8321 594/2543/8321
f 4953/4872/8322 596/2549/8322 2480/2542/8322
f 1311/71/8323 3603/4873/8323 4954/4874/8323
f 24/69/8324 4954/4874/8324 3602/4871/8324
f 3602/4871/8325 2483/2548/8325 596/2549/8325
f 4954/4874/8326 598/2555/8326 2483/2548/8326
f 1314/77/8327 3604/4876/8327 4955/4877/8327
f 26/75/8328 4955/4877/8328 3603/4873/8328
f 3603/4873/8329 2486/2554/8329 598/2555/8329
f 4955/4877/8330 600/2561/8330 2486/2554/8330
f 30/84/8331 4956/4879/8331 1317/82/8331
f 1317/82/8332 3604/4876/8332 28/4875/8333
f 4956/4879/8334 600/2561/8334 3604/4876/8334
f 3605/4878/8335 2489/2559/8335 4956/4879/8335
f 32/90/8336 4957/4881/8336 1320/88/8336
f 1320/88/8337 3605/4878/8337 30/84/8337
f 4957/4881/8338 602/2560/8338 3605/4878/8338
f 3606/4880/8339 2492/2566/8339 4957/4881/8339
f 1323/94/8340 3607/4882/8340 4958/4883/8340
f 1323/94/8341 3606/4880/8341 32/90/8341
f 4958/4883/8342 604/2567/8342 3606/4880/8342
f 3607/4882/8343 2495/2572/8344 4958/4883/8343
f 1326/100/8345 3608/4884/8345 4959/4885/8345
f 34/96/8346 4959/4885/8346 3607/4882/8346
f 4959/4885/8347 606/2573/8347 3607/4882/8347
f 4959/4885/8348 608/2579/8348 2498/2578/8348
f 1329/106/8349 3609/4886/8349 4960/4887/8349
f 36/102/8350 4960/4887/8350 3608/4884/8350
f 3608/4884/8351 2501/2584/8351 608/2579/8351
f 4960/4887/8352 610/2591/8352 2501/2584/8352
f 40/116/8353 4961/4889/8353 1332/112/8353
f 38/108/8354 4961/4889/8354 3609/4886/8354
f 3609/4886/8355 2504/2590/8355 610/2591/8355
f 3610/4888/8356 2504/2590/8356 4961/4889/8356
f 42/122/8357 4962/4891/8357 1335/118/8358
f 1335/118/8359 3610/4888/8360 40/116/8360
f 4962/4891/8361 612/2597/8361 3610/4888/8361
f 3611/4890/8362 2507/2596/8362 4962/4891/8362
f 1338/124/8363 3612/4892/8363 4963/4893/8363
f 42/122/8364 4963/4893/8364 3611/4890/8364
f 3611/4890/8365 2510/2602/8365 614/2603/8365
f 4963/4893/8366 616/2609/8366 2510/2602/8366
f 46/134/8367 4964/4895/8367 1341/130/8367
f 1341/130/8368 3612/4892/8368 44/128/8368
f 4964/4895/8369 616/2609/8369 3612/4892/8369
f 3613/4894/8370 2513/2608/8370 4964/4895/8370
f 48/140/8371 4965/4897/8371 1344/136/8371
f 1344/136/8372 3613/4894/8372 46/134/8372
f 4965/4897/8373 618/2615/8373 3613/4894/8373
f 3614/4896/8374 2516/2614/8374 4965/4897/8374
f 1347/142/8375 3615/4898/8375 4966/4899/8375
f 1347/142/8376 3614/4896/8376 48/140/8376
f 3614/4896/8377 2519/2620/8377 620/2621/8377
f 4966/4899/8378 622/2627/8378 2519/2620/8378
f 1350/148/8379 3616/4900/8379 4967/4901/8379
f 50/146/8380 4967/4901/8380 3615/4898/8380
f 3615/4898/8381 2522/2626/8381 622/2627/8381
f 4967/4901/8382 624/2633/8382 2522/2626/8382
f 1353/154/8383 3591/4903/8383 4968/4904/8383
f 52/152/8384 4968/4904/8384 3616/4900/8384
f 3616/4900/8385 2524/2632/8385 624/2633/8385
f 4968/4904/8386 574/4905/8386 2524/2632/8386
f 3617/4906/8387 2396/2374/8387 4969/4908/8387
f 1170/4907/8388 4969/4908/8388 1354/4909/8388
f 1354/4909/8389 3618/4910/8389 1145/5543/8389
f 4969/4908/8390 547/4911/8390 3618/4910/8390
f 3619/4912/8391 2399/2379/8391 4970/4914/8391
f 1169/4913/8392 4970/4914/8392 1352/4915/8392
f 1352/4915/8393 3617/4906/8393 1170/4907/8393
f 4970/4914/8394 572/2372/8394 3617/4906/8394
f 3620/4916/8395 2401/2383/8395 4971/4918/8395
f 1168/4917/8396 4971/4918/8396 1349/4919/8396
f 1349/4919/8397 3619/4912/8397 1169/4913/8397
f 4971/4918/8398 571/2377/8398 3619/4912/8398
f 3621/4920/8399 2403/2387/8399 4972/4922/8399
f 1167/4921/8400 4972/4922/8400 1346/4923/8400
f 1346/4923/8401 3620/4916/8401 1168/4917/8401
f 4972/4922/8402 570/2381/8402 3620/4916/8402
f 3622/4924/8403 2405/2391/8403 4973/4926/8403
f 1166/4925/8404 4973/4926/8404 1343/4927/8404
f 1343/4927/8405 3621/4920/8405 1167/4921/8405
f 4973/4926/8406 569/2385/8406 3621/4920/8406
f 3623/4928/8407 2407/2395/8407 4974/4930/8407
f 1165/4929/8408 4974/4930/8408 1340/4931/8408
f 1340/4931/8409 3622/4924/8409 1166/4925/8409
f 4974/4930/8410 568/2389/8410 3622/4924/8410
f 566/2402/8411 4975/4932/8411 3624/4934/8411
f 1164/4933/8412 4975/4932/8412 1337/4935/8412
f 1337/4935/8413 3623/4928/8413 1165/4929/8413
f 4975/4932/8414 567/2393/8414 3623/4928/8414
f 565/2406/8415 4976/4936/8415 3625/4937/8415
f 3625/4937/8416 1334/4938/8416 1163/4942/8416
f 4976/4936/8417 1164/4933/8417 1334/4938/8417
f 2411/2401/8418 3624/4934/8418 4976/4936/8418
f 564/2410/8419 4977/4939/8419 3626/4940/8419
f 3626/4940/8420 1331/4941/8420 1162/4946/8420
f 4977/4939/8421 1163/4942/8421 1331/4941/8421
f 2413/2405/8422 3625/4937/8422 4977/4939/8422
f 563/2415/8423 4978/4943/8423 3627/4944/8423
f 3627/4944/8424 1328/4945/8424 1161/4950/8424
f 4978/4943/8425 1162/4946/8425 1328/4945/8425
f 2415/2409/8426 3626/4940/8426 4978/4943/8426
f 562/2419/8427 4979/4947/8427 3628/4948/8427
f 3628/4948/8428 1325/4949/8428 1160/4955/8428
f 4979/4947/8429 1161/4950/8429 1325/4949/8429
f 2417/2414/8430 3627/4944/8430 4979/4947/8430
f 561/4951/8431 4980/4952/8431 3629/4953/8431
f 3629/4953/8432 1322/4954/8432 1159/4959/8432
f 4980/4952/8433 1160/4955/8433 1322/4954/8433
f 2419/2418/8434 3628/4948/8434 4980/4952/8434
f 560/2421/8435 4981/4956/8435 3630/4957/8435
f 3630/4957/8436 1319/4958/8436 1158/5544/8436
f 4981/4956/8437 1159/4959/8437 1319/4958/8437
f 2421/2423/8438 3629/4953/8438 4981/4956/8438
f 3631/4960/8439 2423/2426/8439 4982/4963/8439
f 1157/4962/8440 4982/4963/8440 1316/4964/8440
f 1316/4964/8441 3630/4957/8441 1158/5544/8441
f 4982/4963/8442 560/2421/8442 3630/4957/8442
f 3632/4965/8443 2425/2430/8443 4983/4967/8443
f 1156/4966/8444 4983/4967/8444 1313/4968/8444
f 1313/4968/8445 3631/4960/8445 1157/4962/8445
f 4983/4967/8446 559/4961/8446 3631/4960/8446
f 3633/4969/8447 2427/2435/8447 4984/4971/8447
f 1155/4970/8448 4984/4971/8448 1310/4972/8448
f 1310/4972/8449 3632/4965/8449 1156/4966/8449
f 4984/4971/8450 558/2428/8450 3632/4965/8450
f 3634/4973/8451 2429/2439/8451 4985/4975/8451
f 1154/4974/8452 4985/4975/8452 1307/4976/8452
f 1307/4976/8453 3633/4969/8453 1155/4970/8453
f 4985/4975/8454 557/2433/8454 3633/4969/8454
f 3635/4977/8455 2431/2443/8455 4986/4979/8455
f 1153/4978/8456 4986/4979/8456 1304/4980/8456
f 1304/4980/8457 3634/4973/8457 1154/4974/8457
f 4986/4979/8458 556/2437/8458 3634/4973/8458
f 3636/4981/8459 2433/2447/8459 4987/4983/8459
f 1152/4982/8460 4987/4983/8460 1301/4984/8460
f 1301/4984/8461 3635/4977/8461 1153/4978/8461
f 4987/4983/8462 555/2441/8462 3635/4977/8462
f 553/2454/8463 4988/4985/8463 3637/4986/8463
f 3637/4986/8464 1298/4987/8464 1151/4991/8464
f 4988/4985/8465 1152/4982/8465 1298/4987/8465
f 4988/4985/8466 554/2445/8466 3636/4981/8466
f 552/2458/8467 4989/4988/8467 3638/4989/8467
f 3638/4989/8468 1295/4990/8468 1150/4995/8468
f 4989/4988/8469 1151/4991/8469 1295/4990/8469
f 2437/2453/8470 3637/4986/8470 4989/4988/8470
f 551/2462/8471 4990/4992/8471 3639/4993/8471
f 3639/4993/8472 1292/4994/8472 1149/4999/8472
f 4990/4992/8473 1150/4995/8473 1292/4994/8473
f 2439/2457/8474 3638/4989/8474 4990/4992/8474
f 550/2466/8475 4991/4996/8475 3640/4997/8475
f 3640/4997/8476 1289/4998/8476 1148/5003/8476
f 4991/4996/8477 1149/4999/8477 1289/4998/8477
f 2441/2461/8478 3639/4993/8478 4991/4996/8478
f 549/2471/8479 4992/5000/8479 3641/5001/8479
f 3641/5001/8480 1286/5002/8480 1147/5007/8480
f 4992/5000/8481 1148/5003/8481 1286/5002/8481
f 2443/2465/8482 3640/4997/8482 4992/5000/8482
f 548/2475/8483 4993/5004/8483 3642/5005/8483
f 3642/5005/8484 1283/5006/8484 1146/5012/8484
f 4993/5004/8485 1147/5007/8485 1283/5006/8485
f 2445/2470/8486 3641/5001/8486 4993/5004/8486
f 547/5008/8487 4994/5009/8487 3618/5010/8487
f 3618/5010/8488 1280/5011/8488 1145/5545/8488
f 4994/5009/8489 1146/5012/8489 1280/5011/8489
f 2446/2474/8490 3642/5005/8490 4994/5009/8490
f 3540/5013/8491 3644/5015/8491 4995/5017/8491
f 1119/5016/8492 4995/5017/8492 3643/5018/8492
f 3643/5018/8493 2523/2628/8493 1171/2629/8493
f 4995/5017/8494 1196/2623/8494 2523/2628/8494
f 3542/5019/8495 3645/5021/8495 4996/5022/8495
f 1144/5014/8496 4996/5022/8496 3644/5015/8496
f 3644/5015/8497 2520/2622/8497 1196/2623/8497
f 4996/5022/8498 1195/2617/8498 2520/2622/8498
f 3544/5023/8499 3646/5025/8499 4997/5026/8499
f 1143/5020/8500 4997/5026/8500 3645/5021/8500
f 3645/5021/8501 2517/2616/8501 1195/2617/8501
f 4997/5026/8502 1194/2611/8502 2517/2616/8502
f 3546/5027/8503 3647/5029/8503 4998/5030/8503
f 1142/5024/8504 4998/5030/8504 3646/5025/8504
f 3646/5025/8505 2514/2610/8505 1194/2611/8505
f 4998/5030/8506 1193/2605/8506 2514/2610/8506
f 3548/5031/8507 3648/5033/8507 4999/5034/8507
f 1141/5028/8508 4999/5034/8508 3647/5029/8508
f 3647/5029/8509 2511/2604/8509 1193/2605/8509
f 4999/5034/8510 1192/2599/8510 2511/2604/8510
f 3550/5035/8511 3649/5037/8511 5000/5038/8511
f 1140/5032/8512 5000/5038/8512 3648/5033/8512
f 3648/5033/8513 2508/2598/8513 1192/2599/8513
f 5000/5038/8514 1191/2593/8514 2508/2598/8514
f 3552/5039/8515 3650/5041/8515 5001/5042/8515
f 1139/5036/8516 5001/5042/8516 3649/5037/8516
f 3649/5037/8517 2505/2592/8517 1191/2593/8517
f 5001/5042/8518 1190/2587/8518 2505/2592/8518
f 1137/5043/8519 5002/5045/8519 3554/5046/8519
f 1138/5040/8520 5002/5045/8520 3650/5041/8520
f 3650/5041/8521 2502/2585/8521 1190/2587/8521
f 5002/5045/8522 1189/2586/8522 2502/2585/8522
f 1136/5047/8523 5003/5049/8523 3556/5050/8523
f 3556/5050/8524 3651/5044/8524 1137/5043/8524
f 5003/5049/8525 1189/2586/8525 3651/5044/8525
f 3652/5048/8526 2499/2582/8526 5003/5049/8526
f 1135/5051/8527 5004/5053/8527 3558/5054/8527
f 3558/5054/8528 3652/5048/8528 1136/5047/8528
f 5004/5053/8529 1188/2580/8529 3652/5048/8529
f 3653/5052/8530 2496/2576/8530 5004/5053/8530
f 1134/5055/8531 5005/5057/8531 3560/5058/8531
f 3560/5058/8532 3653/5052/8532 1135/5051/8532
f 5005/5057/8533 1187/2574/8533 3653/5052/8533
f 3654/5056/8534 2493/2570/8534 5005/5057/8534
f 1133/5059/8535 5006/5061/8535 3562/5062/8535
f 3562/5062/8536 3654/5056/8536 1134/5055/8536
f 5006/5061/8537 1186/2568/8537 3654/5056/8537
f 3655/5060/8538 2490/2564/8538 5006/5061/8538
f 1132/5063/8539 5007/5065/8539 3564/5066/8539
f 3564/5066/8540 3655/5060/8540 1133/5059/8540
f 5007/5065/8541 1185/2562/8541 3655/5060/8541
f 3656/5064/8542 2487/2557/8542 5007/5065/8542
f 3566/5067/8543 3657/5069/8543 5008/5070/8543
f 1132/5063/8544 5008/5070/8544 3656/5064/8544
f 3656/5064/8545 2484/2550/8545 1184/2551/8545
f 5008/5070/8546 1183/2545/8546 2484/2550/8546
f 3568/5071/8547 3658/5073/8547 5009/5074/8547
f 1131/5068/8548 5009/5074/8548 3657/5069/8548
f 3657/5069/8549 2481/2544/8549 1183/2545/8549
f 5009/5074/8550 1182/2539/8550 2481/2544/8550
f 3570/5075/8551 3659/5077/8551 5010/5078/8551
f 1130/5072/8552 5010/5078/8552 3658/5073/8552
f 3658/5073/8553 2478/2538/8553 1182/2539/8553
f 5010/5078/8554 1181/2533/8554 2478/2538/8554
f 3572/5079/8555 3660/5081/8555 5011/5082/8555
f 1129/5076/8556 5011/5082/8556 3659/5077/8556
f 3659/5077/8557 2475/2532/8557 1181/2533/8557
f 5011/5082/8558 1180/2528/8558 2475/2532/8558
f 3574/5083/8559 3661/5085/8559 5012/5086/8559
f 1128/5080/8560 5012/5086/8560 3660/5081/8560
f 3660/5081/8561 2472/2526/8561 1180/2528/8561
f 5012/5086/8562 1179/2527/8562 2472/2526/8562
f 1126/5087/8563 5013/5089/8563 3576/5090/8564
f 1127/5084/8565 5013/5089/8565 3661/5085/8565
f 5013/5089/8566 1179/2527/8566 3661/5085/8566
f 3662/5088/8567 2469/2521/8567 5013/5089/8567
f 1125/5091/8568 5014/5093/8568 3578/5094/8568
f 3578/5094/8569 3662/5088/8569 1126/5087/8569
f 5014/5093/8570 1178/2519/8570 3662/5088/8570
f 3663/5092/8571 2466/2516/8571 5014/5093/8571
f 1124/5095/8572 5015/5097/8572 3580/5098/8572
f 3580/5098/8573 3663/5092/8573 1125/5091/8573
f 5015/5097/8574 1177/2514/8574 3663/5092/8574
f 3664/5096/8575 2463/2510/8575 5015/5097/8575
f 1123/5099/8576 5016/5101/8576 3582/5102/8576
f 3582/5102/8577 3664/5096/8577 1124/5095/8577
f 5016/5101/8578 1176/2508/8578 3664/5096/8578
f 3665/5100/8579 2460/2504/8579 5016/5101/8579
f 1122/5103/8580 5017/5105/8580 3584/5106/8580
f 3584/5106/8581 3665/5100/8581 1123/5099/8581
f 5017/5105/8582 1175/2502/8582 3665/5100/8582
f 3666/5104/8583 2457/2498/8583 5017/5105/8583
f 1121/5107/8584 5018/5109/8584 3586/5110/8584
f 3586/5110/8585 3666/5104/8585 1122/5103/8585
f 5018/5109/8586 1174/2496/8586 3666/5104/8586
f 3667/5108/8587 2454/2492/8587 5018/5109/8587
f 1120/5111/8588 5019/5113/8588 3588/5114/8588
f 3588/5114/8589 3667/5108/8589 1121/5107/8589
f 5019/5113/8590 1173/2490/8590 3667/5108/8590
f 3668/5112/8591 2451/2486/8591 5019/5113/8591
f 1119/5115/8592 5020/5117/8592 3590/5118/8592
f 3590/5118/8593 3668/5112/8593 1120/5111/8593
f 5020/5117/8594 1172/2484/8594 3668/5112/8594
f 3643/5116/8595 2447/2479/8595 5020/5117/8595
f 3669/5119/8596 3671/5121/8596 5021/5122/8596
f 3669/5119/8597 3670/5123/8597 1244/5125/8597
f 5021/5122/8598 1222/2361/8598 3670/5123/8598
f 5021/5122/8599 1203/2367/8599 2394/2366/8599
f 3672/5124/4748 3670/5123/4748 5022/5126/4748
f 3672/5124/4749 3673/5127/4749 1241/5152/8600
f 5022/5126/8601 1219/2331/8601 3673/5127/8601
f 5022/5126/8602 1222/2361/8602 2392/2360/8602
f 3674/5128/4752 3676/5130/4752 5023/5131/4752
f 3674/5128/8603 3675/5132/8603 1243/5134/8603
f 5023/5131/8604 1221/2351/8604 3675/5132/8604
f 5023/5131/8605 1200/2357/8605 2391/2356/8605
f 3677/5133/8606 3675/5132/8606 5024/5135/8606
f 3677/5133/4757 3678/5136/4757 1239/5160/4757
f 5024/5135/8607 1217/2319/8607 3678/5136/8607
f 5024/5135/8608 1221/2351/8608 2389/2350/8608
f 3679/5137/4760 3681/5139/4760 5025/5140/4760
f 3679/5137/4762 3680/5141/4762 1242/5143/8609
f 5025/5140/8610 1220/2341/8610 3680/5141/8610
f 5025/5140/8611 1197/2347/8611 2388/2346/8611
f 3682/5142/8612 3680/5141/8612 5026/5144/8612
f 3682/5142/8613 3683/5145/8613 1237/5168/8613
f 5026/5144/8614 1215/2307/8614 3683/5145/8614
f 5026/5144/8615 1220/2341/8615 2386/2340/8615
f 3684/5146/8616 3686/5148/4771 5027/5149/4771
f 3684/5146/8617 3685/5150/8618 1235/5176/4773
f 5027/5149/8619 1213/2295/8619 3685/5150/8620
f 5027/5149/4776 1206/2337/4776 2385/2336/4776
f 3687/5151/8621 3673/5127/8621 5028/5153/8621
f 3687/5151/8622 3688/5154/8622 1240/5156/8622
f 5028/5153/4780 1218/2325/4780 3688/5154/4780
f 5028/5153/4781 1219/2331/4781 2383/2330/4781
f 3689/5155/4782 3688/5154/4782 5029/5157/4782
f 3689/5155/8623 3690/5158/8623 1234/5180/8623
f 5029/5157/4784 1212/2289/4784 3690/5158/4784
f 5029/5157/8624 1218/2325/8624 2381/2324/8624
f 3691/5159/4786 3678/5136/4786 5030/5161/4786
f 3691/5159/8625 3692/5162/8625 1238/5164/8625
f 5030/5161/4788 1216/2313/4788 3692/5162/4788
f 5030/5161/4789 1217/2319/4789 2379/2318/4789
f 3693/5163/4790 3692/5162/4790 5031/5165/4790
f 3693/5163/4791 3694/5166/4791 1232/5188/4791
f 5031/5165/4792 1210/2277/4792 3694/5166/4792
f 5031/5165/8626 1216/2313/8626 2377/2312/8626
f 3695/5167/4794 3683/5145/4794 5032/5169/4794
f 3695/5167/4795 3696/5170/4795 1236/5172/4795
f 5032/5169/4796 1214/2301/4796 3696/5170/4796
f 5032/5169/8627 1215/2307/8627 2375/2306/8627
f 3697/5171/4798 3696/5170/4798 5033/5173/4798
f 3697/5171/4799 3698/5174/4799 1230/5196/4799
f 5033/5173/8628 1208/2265/8628 3698/5174/8628
f 5033/5173/4801 1214/2301/4801 2373/2300/4801
f 3699/5175/4802 3685/5150/8629 5034/5177/4802
f 3699/5175/4804 3700/5178/4804 1228/5203/4804
f 5034/5177/8630 1205/2251/8630 3700/5178/8630
f 5034/5177/4806 1213/2295/4806 2371/2294/4806
f 3701/5179/4808 3690/5158/4808 5035/5181/4808
f 3701/5179/4809 3702/5182/4809 1233/5184/4809
f 5035/5181/8631 1211/2283/8631 3702/5182/8631
f 5035/5181/8632 1212/2289/8632 2369/2288/8632
f 3703/5183/4812 3702/5182/4812 5036/5185/4812
f 3703/5183/8633 3704/5186/8633 1226/5210/8633
f 5036/5185/4814 1202/2237/4814 3704/5186/4814
f 5036/5185/8634 1211/2283/8634 2367/2282/8634
f 3705/5187/8635 3694/5166/8635 5037/5189/8635
f 3705/5187/4817 3706/5190/4817 1231/5192/4817
f 5037/5189/8636 1209/2271/8636 3706/5190/8636
f 5037/5189/4819 1210/2277/4819 2365/2276/4819
f 3707/5191/4820 3706/5190/4820 5038/5193/4820
f 3707/5191/4821 3708/5194/4821 1224/5217/4821
f 5038/5193/8637 1199/2223/8637 3708/5194/8637
f 5038/5193/8638 1209/2271/8638 2363/2270/8638
f 3709/5195/4824 3698/5174/4824 5039/5197/4824
f 3709/5195/4825 3710/5198/8639 1229/5200/4825
f 5039/5197/4827 1207/2257/4827 3710/5198/8640
f 5039/5197/8641 1208/2265/8641 2361/2264/8641
f 3711/5199/8642 3710/5198/8643 5040/5201/4830
f 3711/5199/8644 3686/5148/4833 1248/5147/4833
f 5040/5201/4834 1206/2337/4834 3686/5148/4834
f 5040/5201/8645 1207/2257/8645 2358/2256/8645
f 3712/5202/4837 3700/5178/4837 5041/5204/4837
f 3712/5202/4838 3713/5205/4838 1227/5207/4838
f 5041/5204/4839 1204/2243/4839 3713/5205/4839
f 5041/5204/8646 1205/2251/8646 2356/2250/8646
f 3714/5206/4841 3713/5205/4841 5042/5208/4841
f 3714/5206/4842 3671/5121/4842 1247/5120/4842
f 5042/5208/8647 1203/2367/8647 3671/5121/8647
f 5042/5208/4844 1204/2243/4844 2353/2242/4844
f 3715/5209/4845 3704/5186/4845 5043/5211/4845
f 3715/5209/4846 3716/5212/4846 1225/5214/4846
f 5043/5211/8648 1201/2229/8648 3716/5212/8648
f 5043/5211/4848 1202/2237/4848 2351/2236/4848
f 3717/5213/8649 3716/5212/8649 5044/5215/8649
f 3717/5213/4850 3676/5130/4850 1246/5129/4850
f 5044/5215/4851 1200/2357/4851 3676/5130/4851
f 5044/5215/4852 1201/2229/4852 2348/2228/4852
f 3718/5216/8650 3708/5194/8650 5045/5218/8650
f 3718/5216/4854 3719/5219/4854 1223/5221/4854
f 5045/5218/8651 1198/450/8651 3719/5219/8651
f 5045/5218/4856 1199/2223/4856 2346/2222/4856
f 3720/5220/8652 3719/5219/8652 5046/5222/8652
f 3720/5220/8653 3681/5139/8653 1245/5138/8654
f 5046/5222/4859 1197/2347/4859 3681/5139/4859
f 5046/5222/4860 1198/450/4860 1514/449/4860
f 2310/2185/4861 3722/5223/4861 5047/5224/4861
f 2310/2185/4862 3721/5225/4862 11/2097/4862
f 5047/5224/4863 1245/5138/8655 3721/5225/4863
f 5047/5224/4865 1223/5221/4865 3720/5220/4865
f 2291/2127/4866 3723/5226/4866 5048/5227/4866
f 2291/2127/4867 3722/5223/4867 13/2128/4867
f 5048/5227/8656 1223/5221/8656 3722/5223/8656
f 5048/5227/8657 1224/5217/8657 3718/5216/8657
f 2302/2156/8658 3725/5228/8658 5049/5229/8658
f 2302/2156/4871 3724/5230/4871 27/2157/4871
f 5049/5229/4872 1246/5129/4872 3724/5230/4872
f 5049/5229/8659 1225/5214/8659 3717/5213/8659
f 2273/2079/4874 3726/5231/4874 5050/5232/4874
f 2273/2079/4875 3725/5228/4875 29/2080/4875
f 5050/5232/4876 1225/5214/4876 3725/5228/4876
f 5050/5232/4877 1226/5210/4877 3715/5209/4877
f 2282/2103/8660 3728/5233/8660 5051/5234/8660
f 2282/2103/8661 3727/5235/8661 43/2104/8661
f 5051/5234/8662 1247/5120/8662 3727/5235/8662
f 5051/5234/8663 1227/5207/8663 3714/5206/8663
f 2313/2195/4882 3729/5236/4882 5052/5237/4882
f 2313/2195/4883 3728/5233/4883 45/2105/4883
f 5052/5237/4884 1227/5207/4884 3728/5233/4884
f 5052/5237/4885 1228/5203/4885 3712/5202/4885
f 2319/2216/4886 3731/5238/4886 5053/5239/4886
f 2319/2216/4887 3730/5240/4887 49/2217/4887
f 5053/5239/4888 1248/5147/4888 3730/5240/4888
f 5053/5239/8664 1229/5200/8664 3711/5199/8665
f 2312/2190/8666 3732/5241/8666 5054/5242/8666
f 2312/2190/4892 3731/5238/4892 1/2191/4892
f 5054/5242/4893 1229/5200/4893 3731/5238/4893
f 5054/5242/8667 1230/5196/8667 3709/5195/8667
f 2316/2207/4895 3733/5243/4895 5055/5244/4895
f 2316/2207/8668 3723/5226/8668 15/2129/8668
f 5055/5244/8669 1224/5217/8669 3723/5226/8669
f 5055/5244/8670 1231/5192/8670 3707/5191/8670
f 2304/2162/8671 3734/5245/8671 5056/5246/8671
f 2304/2162/4900 3733/5243/4900 17/2163/4900
f 5056/5246/8672 1231/5192/8672 3733/5243/8672
f 5056/5246/8673 1232/5188/8673 3705/5187/8673
f 2308/2177/4903 3735/5247/4903 5057/5248/4903
f 2308/2177/8674 3726/5231/8674 31/2081/8674
f 5057/5248/8675 1226/5210/8675 3726/5231/8675
f 5057/5248/8676 1233/5184/8676 3703/5183/8676
f 2285/2111/8677 3736/5249/8677 5058/5250/8677
f 2285/2111/4908 3735/5247/4908 33/2112/4908
f 5058/5250/8678 1233/5184/8678 3735/5247/8678
f 5058/5250/8679 1234/5180/8679 3701/5179/8679
f 2297/2143/4911 3737/5251/4911 5059/5252/4911
f 2297/2143/8680 3729/5236/8680 47/2144/8680
f 5059/5252/8681 1228/5203/8681 3729/5236/8681
f 5059/5252/4914 1235/5176/4914 3699/5175/4914
f 2294/2135/4915 3738/5253/4915 5060/5254/4915
f 2294/2135/4916 3732/5241/4916 3/2136/4916
f 5060/5254/4917 1230/5196/4917 3732/5241/4917
f 5060/5254/4918 1236/5172/4918 3697/5171/4918
f 2317/2211/8682 3739/5255/8682 5061/5256/8682
f 2317/2211/8683 3738/5253/8683 5/2137/8683
f 5061/5256/8684 1236/5172/8684 3738/5253/8684
f 5061/5256/8685 1237/5168/8685 3695/5167/8685
f 2276/2087/4923 3740/5257/4923 5062/5258/4923
f 2276/2087/4924 3734/5245/4924 19/2088/4924
f 5062/5258/4925 1232/5188/4925 3734/5245/4925
f 5062/5258/4926 1238/5164/4926 3693/5163/4926
f 2309/2181/4927 3741/5259/4927 5063/5260/4927
f 2309/2181/8686 3740/5257/8686 21/2089/8686
f 5063/5260/8687 1238/5164/8687 3740/5257/8687
f 5063/5260/4930 1239/5160/4930 3691/5159/4930
f 2314/2199/4931 3742/5261/4931 5064/5262/4931
f 2314/2199/4932 3736/5249/4932 35/2113/4932
f 5064/5262/8688 1234/5180/8688 3736/5249/8688
f 5064/5262/8689 1240/5156/8689 3689/5155/8689
f 2300/2150/4935 3743/5263/4935 5065/5264/4935
f 2300/2150/4936 3742/5261/4936 37/2151/4936
f 5065/5264/4937 1240/5156/4937 3742/5261/4937
f 5065/5264/4938 1241/5152/8690 3687/5151/4938
f 2320/2221/4940 3730/5240/4940 5066/5265/4940
f 2320/2221/4941 3737/5251/4941 51/2145/4941
f 5066/5265/8691 1235/5176/8691 3737/5251/8691
f 5066/5265/4944 1248/5147/4944 3684/5146/8692
f 2306/2168/4945 3744/5266/4945 5067/5267/4945
f 2306/2168/4946 3739/5255/4946 7/2169/4946
f 5067/5267/8693 1237/5168/8693 3739/5255/8693
f 5067/5267/4948 1242/5143/8694 3682/5142/4948
f 2279/2095/4950 3721/5225/4950 5068/5268/4950
f 2279/2095/4951 3744/5266/4951 9/2096/4951
f 5068/5268/8695 1242/5143/8696 3744/5266/8695
f 5068/5268/8697 1245/5138/8698 3679/5137/8697
f 2288/2119/8699 3745/5269/8699 5069/5270/8699
f 2288/2119/4957 3741/5259/4957 23/2120/4957
f 5069/5270/4958 1239/5160/4958 3741/5259/4958
f 5069/5270/8700 1243/5134/8700 3677/5133/8700
f 2315/2203/4960 3724/5230/4960 5070/5271/4960
f 2315/2203/8701 3745/5269/8701 25/2121/8701
f 5070/5271/8702 1243/5134/8702 3745/5269/8702
f 5070/5271/4963 1246/5129/4963 3674/5128/4963
f 2167/1827/4964 3746/5272/4964 5071/5273/4964
f 2167/1827/4965 3743/5263/4965 39/1828/4965
f 5071/5273/8703 1241/5152/8704 3743/5263/8703
f 5071/5273/8705 1244/5125/8705 3672/5124/8705
f 2307/2173/4969 3727/5235/4969 5072/5274/4969
f 2307/2173/4970 3746/5272/4970 41/1829/4970
f 5072/5274/4971 1244/5125/4971 3746/5272/4971
f 5072/5274/8706 1247/5120/8706 3669/5119/8706
f 1103/5275/8707 5073/5277/8707 3500/4711/8707
f 1104/5278/8708 5073/5277/8708 3800/5280/8708
f 3799/5276/8709 3800/5280/8709 5073/5277/8709
f 1095/5281/8710 5074/5283/8710 3493/4703/8710
f 1096/5284/8711 5074/5283/8711 3802/5285/8711
f 3801/5282/8712 3802/5285/8712 5074/5283/8712
f 1111/5286/8713 5075/5288/8713 3508/4719/8713
f 1112/5289/8714 5075/5288/8714 3804/5290/8714
f 3803/5287/8715 3804/5290/8715 5075/5288/8715
f 1098/5291/8716 5076/5293/8716 2685/2956/8716
f 1099/5294/8717 5076/5293/8717 3806/5295/8717
f 3805/5292/8718 3806/5295/8718 5076/5293/8718
f 1104/5278/8719 5077/5296/8719 3501/4733/8719
f 1105/5297/8720 5077/5296/8720 3807/5298/8720
f 3800/5280/8721 3807/5298/8721 5077/5296/8721
f 1096/5284/8722 5078/5299/8722 3494/4726/8722
f 1097/5300/8723 5078/5299/8723 3808/5301/8723
f 3802/5285/8724 3808/5301/8724 5078/5299/8724
f 1112/5289/8725 5079/5302/8725 3509/4740/8725
f 1113/5303/8726 5079/5302/8726 3809/5304/8726
f 3804/5290/8727 3809/5304/8727 5079/5302/8727
f 1105/5297/8728 5080/5305/8728 3502/4736/8728
f 1106/5306/8729 5080/5305/8729 3810/5307/8729
f 3807/5298/8730 3810/5307/8730 5080/5305/8730
f 1097/5300/8731 5081/5308/8731 3495/4729/8731
f 1098/5291/8732 5081/5308/8732 3805/5292/8732
f 3808/5301/8733 3805/5292/8733 5081/5308/8733
f 1113/5303/8734 5082/5309/8734 3510/4743/8734
f 1114/5310/8735 5082/5309/8735 3811/5311/8735
f 3809/5304/8736 3811/5311/8736 5082/5309/8736
f 1106/5306/8737 5083/5312/8737 3503/4652/8737
f 1107/5313/8738 5083/5312/8738 3812/5314/8738
f 3810/5307/8739 3812/5314/8739 5083/5312/8739
f 1099/5294/8740 5084/5315/8740 3496/4648/8740
f 1100/5316/8741 5084/5315/8741 3813/5317/8741
f 3806/5295/8742 3813/5317/8742 5084/5315/8742
f 1114/5310/8743 5085/5318/8743 3511/4661/8743
f 1115/5319/8744 5085/5318/8744 3814/5320/8744
f 3811/5311/8745 3814/5320/8745 5085/5318/8745
f 1107/5313/8746 5086/5321/8746 3504/4657/8746
f 1108/5322/8747 5086/5321/8747 3815/5323/8747
f 3812/5314/8748 3815/5323/8748 5086/5321/8748
f 1100/5316/8749 5087/5324/8749 3497/4679/8749
f 1101/5325/8750 5087/5324/8750 3816/5326/8750
f 3813/5317/8751 3816/5326/8751 5087/5324/8751
f 1115/5319/8752 5088/5327/8752 3512/4666/8752
f 1116/5328/8753 5088/5327/8753 3817/5329/8753
f 3814/5320/8754 3817/5329/8754 5088/5327/8754
f 1117/5330/8755 5089/5332/8755 3490/4670/8755
f 1093/5333/8756 5089/5332/8756 3793/5334/8756
f 3818/5331/8757 3793/5334/8757 5089/5332/8757
f 1108/5322/8758 5090/5335/8758 3505/4687/8758
f 1109/5336/8759 5090/5335/8759 3819/5337/8759
f 3815/5323/8760 3819/5337/8760 5090/5335/8760
f 1101/5325/8761 5091/5338/8761 3498/4683/8761
f 1102/5339/8762 5091/5338/8762 3820/5340/8762
f 3816/5326/8763 3820/5340/8763 5091/5338/8763
f 1116/5328/8764 5092/5341/8764 3513/4695/8764
f 1118/5342/8765 5092/5341/8765 3821/5343/8765
f 3817/5329/8766 3821/5343/8766 5092/5341/8766
f 1093/5333/8767 5093/5344/8767 3491/4675/8767
f 1094/5345/8768 5093/5344/8768 3822/5346/8768
f 3793/5334/8769 3822/5346/8769 5093/5344/8769
f 1109/5336/8770 5094/5347/8770 3506/4691/8770
f 1110/5348/8771 5094/5347/8771 3823/5349/8771
f 3819/5337/8772 3823/5349/8772 5094/5347/8772
f 1102/5339/8773 5095/5350/8773 3499/4707/8773
f 1103/5275/8774 5095/5350/8774 3799/5276/8774
f 3820/5340/8775 3799/5276/8775 5095/5350/8775
f 1118/5342/8776 5096/5351/8776 3514/4722/8776
f 1117/5330/8777 5096/5351/8777 3818/5331/8777
f 3821/5343/8778 3818/5331/8778 5096/5351/8778
f 1094/5345/8779 5097/5352/8779 3492/4699/8779
f 1095/5281/8780 5097/5352/8780 3801/5282/8780
f 3822/5346/8781 3801/5282/8781 5097/5352/8781
f 1110/5348/8782 5098/5353/8782 3507/4715/8782
f 1111/5286/8783 5098/5353/8783 3803/5287/8783
f 3823/5349/8784 3803/5287/8784 5098/5353/8784
f 531/2317/8785 5099/5355/8785 2336/2316/8785
f 530/2281/8786 5099/5355/8786 3770/5356/8786
f 3770/5356/8787 3781/5357/8787 1265/5377/8787
f 3771/5354/8788 3781/5357/8788 5099/5355/8788
f 538/2293/8789 5100/5360/8789 2329/2292/8789
f 537/2287/8790 5100/5360/8790 3768/5361/8790
f 3768/5361/8791 3788/5362/8791 1258/5386/8791
f 3769/5359/8792 3788/5362/8792 5100/5360/8792
f 522/2269/8793 5101/5365/8793 2344/2268/8793
f 521/2263/8794 5101/5365/8794 3766/5366/8794
f 3766/5366/8795 3773/5367/8795 1274/5390/8795
f 3767/5364/8796 3773/5367/8796 5101/5365/8796
f 546/2299/8797 5102/5370/8797 2322/2298/8797
f 544/2255/8798 5102/5370/8798 3764/5371/8798
f 3764/5371/8799 3796/5372/8799 1251/5394/8799
f 3765/5369/8800 3796/5372/8800 5102/5370/8800
f 530/2281/8801 5103/5374/8801 2337/2280/8801
f 529/2275/8802 5103/5374/8802 3763/5375/8802
f 3763/5375/8803 3780/5376/8803 1266/5398/8803
f 3770/5356/8804 3780/5376/8804 5103/5374/8804
f 527/456/8805 5104/5379/8805 1516/454/8805
f 526/455/8806 5104/5379/8806 3761/5380/8806
f 3761/5380/8807 3798/5381/8807 1269/5421/8807
f 3762/5378/8808 3798/5381/8808 5104/5379/8808
f 537/2287/8809 5105/5383/8809 2330/2286/8809
f 536/2241/8810 5105/5383/8810 3760/5384/8810
f 3760/5384/8811 3787/5385/8811 1259/5402/8811
f 3768/5361/8812 3787/5385/8812 5105/5383/8812
f 521/2263/8813 5106/5387/8813 2345/2261/8813
f 545/2262/8814 5106/5387/8814 3759/5388/8814
f 3759/5388/8815 3772/5389/8815 1250/5457/8815
f 3766/5366/8816 3772/5389/8816 5106/5387/8816
f 544/2255/8817 5107/5391/8817 2323/2254/8817
f 543/2249/8818 5107/5391/8818 3758/5392/8818
f 3758/5392/8819 3795/5393/8819 1252/5406/8819
f 3764/5371/8820 3795/5393/8820 5107/5391/8820
f 529/2275/8821 5108/5395/8821 2338/2274/8821
f 528/2227/8822 5108/5395/8822 3757/5396/8822
f 3757/5396/8823 3779/5397/8823 1267/5409/8823
f 3763/5375/8824 3779/5397/8824 5108/5395/8824
f 536/2241/8825 5109/5399/8825 2331/2240/8825
f 535/2235/8826 5109/5399/8826 3756/5400/8826
f 3756/5400/8827 3786/5401/8827 1260/5413/8827
f 3760/5384/8828 3786/5401/8828 5109/5399/8828
f 543/2249/8829 5110/5403/8829 2324/2247/8829
f 542/2248/8830 5110/5403/8830 3755/5404/8830
f 3755/5404/8831 3794/5405/8831 1253/5417/8831
f 3758/5392/8832 3794/5405/8832 5110/5403/8832
f 528/2227/8833 5111/5407/8833 2339/2226/8833
f 527/456/8834 5111/5407/8834 3762/5378/8834
f 3762/5378/8835 3778/5408/8835 1268/5382/8835
f 3757/5396/8836 3778/5408/8836 5111/5407/8836
f 535/2235/8837 5112/5410/8837 2332/2233/8837
f 534/2234/8838 5112/5410/8838 3754/5411/8838
f 3754/5411/8839 3785/5412/8839 1261/5425/8839
f 3756/5400/8840 3785/5412/8840 5112/5410/8840
f 542/2248/8841 5113/5414/8841 2325/2369/8841
f 541/2365/8842 5113/5414/8842 3753/5415/8842
f 3753/5415/8843 3792/5416/8843 1254/5429/8843
f 3755/5404/8844 3792/5416/8844 5113/5414/8844
f 526/455/8845 5114/5418/8845 2340/2349/8845
f 525/2345/8846 5114/5418/8846 3752/5419/8846
f 3752/5419/8847 3777/5420/8847 1270/5433/8847
f 3761/5380/8848 3777/5420/8848 5114/5418/8848
f 534/2234/8849 5115/5422/8849 2333/2359/8849
f 533/2355/8850 5115/5422/8850 3751/5423/8850
f 3751/5423/8851 3784/5424/8851 1262/5437/8851
f 3754/5411/8852 3784/5424/8852 5115/5422/8852
f 541/2365/8853 5116/5426/8853 2326/2364/8853
f 540/2335/8854 5116/5426/8854 3750/5427/8854
f 3750/5427/8855 3791/5428/8855 1255/5441/8855
f 3753/5415/8856 3791/5428/8856 5116/5426/8856
f 525/2345/8857 5117/5430/8857 2341/2344/8857
f 524/2311/8858 5117/5430/8858 3749/5431/8858
f 3749/5431/8859 3776/5432/8859 1271/5445/8859
f 3752/5419/8860 3776/5432/8860 5117/5430/8860
f 533/2355/8861 5118/5434/8861 2334/2354/8861
f 532/2323/8862 5118/5434/8862 3748/5435/8862
f 3748/5435/8863 3783/5436/8863 1263/5448/8863
f 3751/5423/8864 3783/5436/8864 5118/5434/8864
f 540/2335/8865 5119/5438/8865 2327/2334/8865
f 539/2329/8866 5119/5438/8866 3747/5439/8866
f 3747/5439/8867 3790/5440/8867 1256/5451/8867
f 3750/5427/8868 3790/5440/8868 5119/5438/8868
f 524/2311/8869 5120/5442/8869 2342/2310/8869
f 523/2305/8870 5120/5442/8870 3824/5443/8870
f 3824/5443/8871 3775/5444/8871 1272/5454/8871
f 3749/5431/8872 3775/5444/8872 5120/5442/8872
f 532/2323/8873 5121/5446/8873 2335/2322/8873
f 531/2317/8874 5121/5446/8874 3771/5354/8874
f 3771/5354/8875 3782/5447/8875 1264/5358/8875
f 3748/5435/8876 3782/5447/8876 5121/5446/8876
f 539/2329/8877 5122/5449/8877 2328/2328/8877
f 538/2293/8878 5122/5449/8878 3769/5359/8878
f 3769/5359/8879 3789/5450/8879 1257/5363/8879
f 3747/5439/8880 3789/5450/8880 5122/5449/8880
f 523/2305/8881 5123/5452/8881 2343/2304/8881
f 522/2269/8882 5123/5452/8882 3767/5364/8882
f 3767/5364/8883 3774/5453/8883 1273/5368/8883
f 3824/5443/8884 3774/5453/8884 5123/5452/8884
f 545/2262/8885 5124/5455/8885 2321/2339/8885
f 546/2299/8886 5124/5455/8886 3765/5369/8886
f 3765/5369/8887 3797/5456/8887 1275/5373/8887
f 3759/5388/8888 3797/5456/8888 5124/5455/8888
f 1272/5454/8889 5125/5459/8889 3774/5453/8889
f 1273/5368/8890 5125/5459/8890 3850/5461/8890
f 3832/5458/8891 3850/5461/8891 5125/5459/8891
f 1275/5373/8892 5126/5463/8892 3796/5372/8892
f 1251/5394/8893 5126/5463/8893 3849/5464/8893
f 3830/5462/8894 3849/5464/8894 5126/5463/8894
f 1264/5358/8895 5127/5466/8895 3781/5357/8895
f 1265/5377/8896 5127/5466/8896 3848/5467/8896
f 3829/5465/8897 3848/5467/8897 5127/5466/8897
f 1257/5363/8898 5128/5469/8898 3788/5362/8898
f 1258/5386/8899 5128/5469/8899 3847/5470/8899
f 3827/5468/8900 3847/5470/8900 5128/5469/8900
f 1273/5368/8901 5129/5471/8901 3773/5367/8901
f 1274/5390/8902 5129/5471/8902 3846/5472/8902
f 3850/5461/8903 3846/5472/8903 5129/5471/8903
f 1251/5394/8904 5130/5473/8904 3795/5393/8904
f 1252/5406/8905 5130/5473/8905 3845/5474/8905
f 3849/5464/8906 3845/5474/8906 5130/5473/8906
f 1265/5377/8907 5131/5475/8907 3780/5376/8907
f 1266/5398/8908 5131/5475/8908 3844/5476/8908
f 3848/5467/8909 3844/5476/8909 5131/5475/8909
f 1258/5386/8910 5132/5477/8910 3787/5385/8910
f 1259/5402/8911 5132/5477/8911 3843/5478/8911
f 3847/5470/8912 3843/5478/8912 5132/5477/8912
f 1274/5390/8913 5133/5479/8913 3772/5389/8913
f 1250/5457/8914 5133/5479/8914 3825/5480/8914
f 3846/5472/8915 3825/5480/8915 5133/5479/8915
f 1252/5406/8916 5134/5481/8916 3794/5405/8916
f 1253/5417/8917 5134/5481/8917 3840/5482/8917
f 3845/5474/8918 3840/5482/8918 5134/5481/8918
f 1266/5398/8919 5135/5483/8919 3779/5397/8919
f 1267/5409/8920 5135/5483/8920 3842/5484/8920
f 3844/5476/8921 3842/5484/8921 5135/5483/8921
f 1259/5402/8922 5136/5485/8922 3786/5401/8922
f 1260/5413/8923 5136/5485/8923 3841/5486/8923
f 3843/5478/8924 3841/5486/8924 5136/5485/8924
f 1267/5409/8925 5137/5487/8925 3778/5408/8925
f 1268/5382/8926 5137/5487/8926 3835/5488/8926
f 3842/5484/8927 3835/5488/8927 5137/5487/8927
f 1260/5413/8928 5138/5489/8928 3785/5412/8928
f 1261/5425/8929 5138/5489/8929 3839/5490/8929
f 3841/5486/8930 3839/5490/8930 5138/5489/8930
f 1253/5417/8931 5139/5491/8931 3792/5416/8931
f 1254/5429/8932 5139/5491/8932 3838/5492/8932
f 3840/5482/8933 3838/5492/8933 5139/5491/8933
f 1269/5421/8934 5140/5494/8934 3777/5420/8934
f 1270/5433/8935 5140/5494/8935 3837/5495/8935
f 3836/5493/8936 3837/5495/8936 5140/5494/8936
f 1261/5425/8937 5141/5496/8937 3784/5424/8937
f 1262/5437/8938 5141/5496/8938 3834/5497/8938
f 3839/5490/8939 3834/5497/8939 5141/5496/8939
f 1254/5429/8940 5142/5498/8940 3791/5428/8940
f 1255/5441/8941 5142/5498/8941 3833/5499/8941
f 3838/5492/8942 3833/5499/8942 5142/5498/8942
f 1270/5433/8943 5143/5500/8943 3776/5432/8943
f 1271/5445/8944 5143/5500/8944 3831/5501/8944
f 3837/5495/8945 3831/5501/8945 5143/5500/8945
f 1268/5382/8946 5144/5502/8946 3798/5381/8946
f 1269/5421/8947 5144/5502/8947 3836/5493/8947
f 3835/5488/8948 3836/5493/8948 5144/5502/8948
f 1262/5437/8949 5145/5503/8949 3783/5436/8949
f 1263/5448/8950 5145/5503/8950 3828/5504/8950
f 3834/5497/8951 3828/5504/8951 5145/5503/8951
f 1255/5441/8952 5146/5505/8952 3790/5440/8952
f 1256/5451/8953 5146/5505/8953 3826/5506/8953
f 3833/5499/8954 3826/5506/8954 5146/5505/8954
f 1271/5445/8955 5147/5507/8955 3775/5444/8955
f 1272/5454/8956 5147/5507/8956 3832/5458/8956
f 3831/5501/8957 3832/5458/8957 5147/5507/8957
f 1250/5457/8958 5148/5508/8958 3797/5456/8958
f 1275/5373/8959 5148/5508/8959 3830/5462/8959
f 3825/5480/8960 3830/5462/8960 5148/5508/8960
f 1263/5448/8961 5149/5509/8961 3782/5447/8961
f 1264/5358/8962 5149/5509/8962 3829/5465/8962
f 3828/5504/8963 3829/5465/8963 5149/5509/8963
f 1256/5451/8964 5150/5510/8964 3789/5450/8964
f 1257/5363/8965 5150/5510/8965 3827/5468/8965
f 3826/5506/8966 3827/5468/8966 5150/5510/8966
